ticker,name,sector,price,mktcap_b,ps_now,ps_med_5y,ps_med_10y,ps_mean_5y,ps_mean_10y,years_covered,vs_10y_pct,vs_5y_pct,zscore,percentile,ps_min,ps_max,months,stale_months_dropped,stale_months_kept,restructure_date,restructure_pct,months_since_restructure,audit,off_52w_high,rev_growth_yoy,gross_margin,gross_margin_delta,xc_revenue_diff,xc_mktcap_diff,xc_verdict,target_price,target_analysts,forward_pe,industry,description,dividend_yield,target_upside,current_ratio,current_ratio_3y,debt_b,net_debt_b,debt_to_equity,net_debt_to_sales,gross_margin_pct,net_income_b,net_margin,income_cagr_3y,income_cagr_5y,income_from_near_zero,pe,roe,revenue_cagr_3y,revenue_cagr_5y,fcf_b,dilution_1y,dilution_3y,dilution_5y,equity_b,revenue_ttm_b,fcf_margin,research_audit,thin_equity,net_income_unusable,net_income_asof,net_margin_stale,noncash_loss,no_cost_of_sales,nonoperating_gain,share_base_near_zero_1y,current_ratio__sector_median,current_ratio__rating,current_ratio__sector_lo,current_ratio__sector_hi,net_debt_to_sales__sector_median,net_debt_to_sales__rating,net_debt_to_sales__sector_lo,net_debt_to_sales__sector_hi,debt_to_equity__sector_median,debt_to_equity__rating,debt_to_equity__sector_lo,debt_to_equity__sector_hi,net_margin__sector_median,net_margin__rating,net_margin__sector_lo,net_margin__sector_hi,gross_margin_pct__sector_median,gross_margin_pct__rating,gross_margin_pct__sector_lo,gross_margin_pct__sector_hi,roe__sector_median,roe__rating,roe__sector_lo,roe__sector_hi,pe__sector_median,pe__rating,pe__sector_lo,pe__sector_hi,fcf_b__sector_median,fcf_b__rating,fcf_b__sector_lo,fcf_b__sector_hi,quality,q_balance,q_profit,q_traj,q_cash,q_reason,q_reason_kind,opportunity,day_change_pct,z_7d_ago,z_30d_ago,z_90d_ago,z_365d_ago,opp_7d_ago,opp_30d_ago
CSGP,CoStar Group,Real Estate,27.020000457763672,11.053882187271117,3.1089529425597293,12.57265984260069,13.554121661999517,12.057971434006319,13.422967494839806,10.0,-77.06267495535307,-75.27211440155662,-3.6762114575333387,0.0,3.1089529425597293,23.290774793752423,144,0,0,,,,,-68.13679191301453,21.980924934815427,,,-0.014060742407195903,1.2253296798442115,agrees,37.3,20.0,15.19397,Real Estate Services,"CoStar Group, Inc. provides information, analytics, and online marketplace services to real estate and related business communities in the United States, Australia, Canada, Europe, the Asia Pacific, and Latin America.",,38.0,2.21,13.31,1.04,-0.23,0.13,,,0.07,,-42.35163464672277,-20.33492318219151,False,157.9,0.9,,,0.28,-3.6,0.6,3.8,7.95,,,,,,,,,,,,0.9299999999999999,good,0.296,1.937,,,,,0.825,good,0.135,2.58,,,,,,,,,7.3,bad,2.22,18.460000000000015,30.25,bad,16.78,128.50000000000003,1.2,bad,-0.10599999999999986,3.3679999999999994,,,,,,,,,,-3.498,-3.214,-3.454,0.043,,
INTU,Intuit,Information Technology,269.3999938964844,74.62379830932618,3.4792893654105823,10.12169686025514,9.994215792646173,10.078052304874383,9.991071054217494,10.0,-65.1869697673461,-65.62543402112045,-3.3958886314042993,0.11937922801432552,3.400933333333333,18.65085005331007,144,3,0,,,,,-61.220113446791466,13.897297010249066,,,2.38716901801439e-06,4.183504820133588,agrees,405.6,31.0,9.8993845,Software - Application,"Intuit Inc. provides financial management, payments and capital, compliance, and marketing products and services in the United States. The company operates in four segments: Global Business Solutions, Consumer, Credit Karma, and ProTax.",2.06,50.6,1.51,1.47,8.92,-0.3,0.47,-0.01,93.6,4.57,21.3,24.180982891551817,17.235435991709757,False,16.3,24.1,14.283517255456912,17.36390925016371,8.66,-2.1,-2.1,1.5,18.99,21.45,40.4,,,,,,,,,,1.53,warn,0.79,3.3979999999999997,0.09,good,-0.29799999999999993,0.782,0.44999999999999996,warn,0.055,1.72,17.75,good,3.92,38.12,55.5,good,27.770000000000003,80.71000000000001,20.5,good,4.800000000000001,76.72,40.349999999999994,good,13.68,156.26,2.6950000000000003,good,0.716,12.751,94.0,90.0,91.0,99.0,100.0,net cash; 40% FCF margin; sales +14%/yr,strength,96.0,,-2.616,-2.018,-3.0,0.509,94.0,90.0
FISV,Fiserv,Financials,46.02000045776367,24.597690244674684,1.1788407095118703,4.129012444599302,4.7962082577431255,3.9341387001830275,4.775965997928918,10.0,-75.42140277981635,-71.44981456634311,-3.306759129752833,0.07961783439490447,1.1770476089231832,10.674693157102226,144,0,0,2019-09-30,49.374374374374376,84.0,"share count jumps +32% in one day on 2020-03-31 with no split or corporate action to explain it; the share count moved +49% in one step on 2019-09-30, which no split explains -- the multiples either side of it are measuring different companies",-64.72211540225092,-1.165214096248579,,,,1.9765058011890435,agrees,59.76923,26.0,5.653006,,,,29.9,1.04,1.07,27.89,25.88,1.04,,,2.8,,3.7370388811211352,19.762609546509722,False,8.8,10.4,,,3.93,-4.3,-14.5,-21.0,26.93,,,,,,,,,,,,1.0550000000000002,warn,0.7220000000000001,1.537,,,,,0.64,warn,0.08400000000000002,1.8500000000000019,,,,,,,,,16.549999999999997,bad,6.63,33.89,14.5,good,8.940000000000001,29.16,2.895,good,0.5220000000000001,15.452000000000002,,,,,,,,,,-3.522,-3.159,-3.406,-0.672,,
ROL,"Rollins, Inc.",Industrials,30.59000015258789,14.725934303455352,3.752768348842183,7.135265525391731,6.9769385717168335,7.0643920578168125,6.998062880590487,10.0,-46.211818976661434,-47.4053441250716,-3.2506334390713554,0.07958615200955034,3.6840678499643063,14.614546073490565,144,0,0,2020-09-30,-33.39484369728771,72.0,"the share count moved +50% in one step on 2020-09-30, which no split explains -- the multiples either side of it are measuring different companies",-53.3689022064209,9.902029704772763,,,1.4271082982020289e-06,0.34752808244815636,agrees,42.82353,17.0,23.644327,Personal Services,"Rollins, Inc., through its subsidiaries, provides pest and wildlife control services and protection to residential and commercial customers in the United States and internationally. The company offers pest control services to residential properties protecting from common pests, including rodents, insects, and wildlife.",2.39,40.0,0.63,0.82,0.7,0.59,0.49,0.15,26.0,0.53,13.6,10.731864113068411,9.380734337103757,False,27.8,37.1,10.988977341089235,11.338012612882187,0.62,-0.7,-2.3,-2.2,1.43,3.92,15.8,,,,,,,,,,1.24,bad,0.808,2.3180000000000023,0.29,good,0.0,0.84,0.72,good,0.262,2.2539999999999987,12.0,good,4.069999999999999,20.65,37.95,warn,15.22,61.14000000000001,23.299999999999997,good,9.15,53.05,27.0,warn,15.52,48.68000000000001,1.7,bad,0.634,5.627999999999998,84.0,78.0,83.0,87.0,91.0,16% FCF margin; sales +11%/yr,strength,91.0,,-1.651,-1.224,-0.65,0.868,81.0,78.0
EFX,Equifax,Industrials,145.77999877929688,17.479021853637697,2.712238630403863,5.178580947966161,5.054138663408105,5.16928174269577,5.067818015188909,10.0,-46.336283766006794,-47.62583306785869,-3.2305188549466566,0.0,2.712238630403863,7.672489142236699,144,0,0,,,,,-43.17233899376413,10.347248381904727,,,4.965474476037457e-07,5.64280235011827,agrees,213.04762,21.0,13.859719,Consulting Services,"Equifax Inc. operates as a data, analytics, and technology company. The company operates through three segments: Workforce Solutions, U.S.",1.59,46.1,0.6,1.01,5.47,5.3,1.24,0.82,,0.69,10.7,9.637194300846442,-0.7992176038052246,False,25.3,15.7,8.38107160707895,6.816738842993053,1.1,-4.2,-3.2,-2.9,4.4,6.44,17.1,,,,,,,,,,1.24,bad,0.808,2.3180000000000023,0.29,bad,0.0,0.84,0.72,warn,0.262,2.2539999999999987,12.0,warn,4.069999999999999,20.65,,,,,23.299999999999997,warn,9.15,53.05,27.0,good,15.52,48.68000000000001,1.7,warn,0.634,5.627999999999998,72.0,47.0,76.0,83.0,94.0,17% FCF margin; sales +8%/yr; buying back stock,strength,84.0,,-2.927,-1.781,-2.779,0.532,84.0,76.0
ZTS,Zoetis,Health Care,71.43000030517578,30.007743128204346,3.1530674717037246,9.162663613464622,8.91229768719945,8.7718800729356,8.796401621877372,10.0,-64.62116075596968,-65.58787264578542,-3.139215118868282,0.15917230401910068,3.1018625186247974,15.475054227941177,144,0,0,,,,,-51.58272872963073,1.493014823504324,,,-0.08399151536730987,3.298227764675943,agrees,96.0,14.0,10.750962,Drug Manufacturers - Specialty & Generic,"Zoetis Inc. engages in the discovery, development, manufacture, and commercialization of medicines, vaccines, diagnostic products and services, biodevices, genetic tests, and precision animal health solutions for the animal health industry in the United States and internationally.",3.02,34.4,3.08,3.87,10.4,8.72,3.3,0.92,71.5,2.62,27.5,5.733656395525921,6.50502754181459,False,11.5,83.2,4.995181606982868,5.127395366373477,2.32,-6.0,-9.4,-12.0,3.15,9.52,24.4,,,,,,,,,,1.54,good,0.87,3.2350000000000008,0.43,bad,-0.10799999999999998,0.8800000000000001,0.685,bad,0.109,2.5710000000000015,13.8,good,0.76,27.66,60.3,good,12.2,77.8,13.6,good,3.35,71.78,26.0,good,15.0,54.30000000000002,2.2199999999999998,good,0.557,12.114000000000004,77.0,60.0,90.0,74.0,91.0,24% FCF margin; 28% net margin; buying back stock,strength,87.0,,-2.493,-2.266,-2.474,-0.317,84.0,83.0
DPZ,Domino's,Consumer Discretionary,292.2699890136719,9.810478832607483,1.951241012767471,3.1437562235313514,3.4032100807731624,3.1375522720082363,3.424070730902172,10.0,-42.664691087064014,-37.93281431421993,-3.127655134228658,0.15917230401910068,1.9082582570163253,4.92505955278607,144,0,0,,,,,-33.33561675706586,5.157288925262593,,,1.7502633120614064e-06,-1.7419127076033103,agrees,376.77777,27.0,14.466169,Restaurants,"Domino's Pizza, Inc. operates as a pizza company worldwide. The company operates through three segments: U.S.",2.64,28.9,1.54,1.41,4.88,4.43,,0.88,40.0,0.6,11.9,7.966182816623846,3.9494857844392106,False,16.4,,3.1471961568744433,3.3794465126070428,0.65,-2.3,-5.5,-12.0,,5.03,12.9,,,,,,,,,,1.11,good,0.536,2.038,0.16,bad,-0.15,1.18,,,,,11.0,good,1.2,21.85,42.5,warn,11.48,74.61999999999999,,,,,19.299999999999997,good,12.57,41.30000000000001,1.6549999999999998,bad,0.665,7.38,69.0,46.0,78.0,76.0,86.0,net debt 7x FCF,concern,82.0,,-3.022,-2.033,-2.962,-0.307,82.0,77.0
OTIS,Otis Worldwide,Industrials,66.33000183105469,25.62991270751953,1.7188594130185455,2.525489734816082,2.5375671494867107,2.4829753914452453,2.492697987763122,5.6,-32.263490510340596,-31.939560500976626,-3.1195809269625525,0.07057163020465773,1.7087530644061013,3.03056582751569,78,11,0,,,,,-29.14975237016163,5.244212309429708,,,3.004493409619613e-06,2.5880616050960814,agrees,87.38462,13.0,14.474469,Specialty Industrial Machinery,"Otis Worldwide Corporation engages in manufacturing, installation, and servicing of elevators and escalators in the United States, China, and internationally. The company operates in two segments, New Equipment and Service.",2.68,31.7,0.83,1.0,9.62,8.77,4.31,0.59,25.3,1.52,10.2,4.511160461064878,5.664244239345995,False,16.9,68.1,2.492875690598262,1.458146118121495,1.71,-2.7,-7.3,-10.7,2.23,14.91,11.5,,,,,,,,,,1.24,bad,0.808,2.3180000000000023,0.29,bad,0.0,0.84,0.72,bad,0.262,2.2539999999999987,12.0,warn,4.069999999999999,20.65,37.95,warn,15.22,61.14000000000001,23.299999999999997,good,9.15,53.05,27.0,good,15.52,48.68000000000001,1.7,good,0.634,5.627999999999998,67.0,42.0,83.0,69.0,86.0,,,81.0,,-2.332,-1.81,-1.698,0.381,77.0,74.0
CLX,Clorox,Consumer Staples,81.41999816894531,9.952780576171875,1.4723048189603365,2.5051688686730507,2.793561015073987,2.4170657917576532,2.817839589243948,10.0,-47.29648606148869,-41.2293184155608,-3.1054022446217666,0.0,1.4723048189603365,4.768657272584446,144,0,0,,,,,-35.97043239309114,-3.689984328251883,,,0.5952380952380931,0.8594473975799488,agrees,100.76471,17.0,13.033915,Household & Personal Products,"The Clorox Company manufactures and markets consumer and professional products worldwide. It operates through four segments: Health and Wellness, Household, Lifestyle, and International.",6.13,23.8,0.84,0.86,3.09,1.9,,0.28,43.8,0.76,11.2,,-3.913661260166057,True,13.1,,-1.9477403041710528,-2.1138148908240617,0.38,-1.6,-1.6,-4.0,0.09,6.76,5.6,,True,,,,,,,,1.025,warn,0.6660000000000001,1.4750000000000005,0.30000000000000004,good,0.038000000000000006,0.7500000000000002,,,,,6.85,good,0.48000000000000076,23.350000000000005,37.599999999999994,good,12.760000000000002,61.830000000000005,,,,,29.2,good,15.52,39.06,1.9949999999999999,bad,0.9150000000000001,12.576,56.0,48.0,77.0,39.0,58.0,,,74.0,,-3.118,-2.113,-2.494,-1.261,74.0,70.0
FIS,Fidelity National Information Services,Financials,34.310001373291016,17.738270709991454,1.453837448569089,4.138017858895103,4.236135878586673,4.072761053476095,4.629773741961669,10.0,-65.68010351324847,-64.8663321874285,-3.079643190920151,0.0,1.453837448569089,8.34852731591449,144,0,0,2019-09-30,60.24464831804281,84.0,"share count jumps +39% in one day on 2020-03-31 with no split or corporate action to explain it; the share count moved +60% in one step on 2019-09-30, which no split explains -- the multiples either side of it are measuring different companies",-49.96353890434444,18.26112241930793,,,0.008200918376966015,3.136732487660421,agrees,49.66667,24.0,4.9780726,Information Technology Services,"Fidelity National Information Services, Inc. provides solutions to financial institutions, businesses, and developers worldwide. The company operates through Banking Solutions, Capital Market Solutions, and Corporate and Other segments.",5.28,44.8,0.53,0.76,21.17,20.41,1.32,,,0.38,,,,True,46.7,2.4,,,2.82,-1.9,-12.7,-17.1,16.04,,,,,"trailing profit of $3.37B against $0.38B in the year to 2025-12-31, only 181 days earlier",2025-12-31,,,,,,1.0550000000000002,bad,0.7220000000000001,1.537,,,,,0.64,bad,0.08400000000000002,1.8500000000000019,,,,,,,,,16.549999999999997,bad,6.63,33.89,14.5,bad,8.940000000000001,29.16,2.895,warn,0.5220000000000001,15.452000000000002,,,,,,,,,,-2.818,-2.361,-2.359,-0.611,,
COO,Cooper Companies (The),Health Care,56.56999969482422,11.042463940429688,2.6062602233778676,4.916991826343294,5.336015637792697,4.828154052720677,5.365085794902103,10.0,-51.15718543028902,-46.994822944090366,-3.061093308281847,0.47751691205730207,2.4542245509688687,8.443607038123167,144,0,0,,,,,-32.91034191790296,4.7260053884371045,,,-2.2658074971815267e-06,2.544175010620542,agrees,66.21429,14.0,12.0649805,Medical Instruments & Supplies,"The Cooper Companies, Inc., together with its subsidiaries, develops, manufactures, and markets contact lens wearers. The company operates in two segments, CooperVision and CooperSurgical. The CooperVision segment offers spherical, toric, and multifocal contact lenses that address vision challenges, such as astigmatism, presbyopia, and myopia.",,17.0,1.22,1.72,2.54,2.39,0.31,0.56,65.9,0.57,13.5,27.47010318751886,-27.846785809143025,False,19.4,6.8,6.430900705322706,8.29238655193767,0.68,-2.7,-2.2,-2.0,8.33,4.24,16.0,,,,,,,,,,1.54,warn,0.87,3.2350000000000008,0.43,warn,-0.10799999999999998,0.8800000000000001,0.685,good,0.109,2.5710000000000015,13.8,warn,0.76,27.66,60.3,good,12.2,77.8,13.6,bad,3.35,71.78,26.0,good,15.0,54.30000000000002,2.2199999999999998,bad,0.557,12.114000000000004,79.0,70.0,69.0,92.0,92.0,16% FCF margin; sales +6%/yr,strength,88.0,,-3.234,-1.988,-1.933,-1.898,88.0,82.0
PEP,PepsiCo,Consumer Staples,128.5,176.045,1.816694873276645,2.5594669348755343,2.6322203492058582,2.551602333147565,2.6133150170316495,10.0,-30.98241665730065,-29.020576569199164,-3.0569719512962217,0.03979307600477517,1.8117465908340584,3.1815437983333545,144,0,0,,,,,-24.629010499149516,5.6197410297772254,,,-3.6985056017790896e-06,0.14475252752879086,agrees,151.09091,22.0,14.4047165,Beverages - Non-Alcoholic,"PepsiCo, Inc. engages in the manufacture, marketing, distribution, and sale of various beverages and convenient foods worldwide. The company operates through six segments: PepsiCo Foods North America; PepsiCo Beverages North America; International Beverages Franchise; Europe, Middle East and Africa; Latin America Foods; and Asia Pacific Foods.",4.6,17.6,0.93,0.88,53.21,42.45,2.39,0.44,54.0,10.45,10.8,15.447970226270847,4.948318789604089,False,16.8,46.9,3.025000756516083,5.373410371354037,9.28,-0.2,-1.0,-1.4,22.27,96.9,9.6,,,,,,,,,,1.025,warn,0.6660000000000001,1.4750000000000005,0.30000000000000004,warn,0.038000000000000006,0.7500000000000002,0.76,bad,0.348,3.822000000000001,6.85,good,0.48000000000000076,23.350000000000005,37.599999999999994,good,12.760000000000002,61.830000000000005,18.65,good,1.450000000000001,77.58000000000003,29.2,good,15.52,39.06,1.9949999999999999,good,0.9150000000000001,12.576,73.0,53.0,80.0,87.0,77.0,,,85.0,,-2.743,-2.031,-2.248,-1.591,83.0,79.0
GIS,General Mills,Consumer Staples,33.599998474121094,18.073439179229737,0.987803153549279,1.9315495555018662,1.9749185804999678,1.8948450582011491,1.9415418204536927,10.0,-49.98258848224477,-48.859549021892825,-3.040952339293845,0.716275368085953,0.9415720802125065,2.7584152734670457,144,0,0,,,,,-34.02709901016867,-4.486322823136357,,,-3.148125782281852e-06,-0.0535301720604342,agrees,37.0,18.0,10.7252035,Packaged Foods,"General Mills, Inc. manufactures and markets branded consumer food in the United States and internationally. The company operates through four segments: North America Retail; International; North America Pet; and North America Foodservice.",7.21,10.1,0.7,0.72,12.57,12.11,1.68,0.66,33.9,-0.89,-4.9,,,False,,-11.9,-3.3647392941395737,-0.006882276697872669,1.55,-0.8,-9.0,-12.5,7.46,18.3,8.5,,,,,,True,,,,1.025,bad,0.6660000000000001,1.4750000000000005,0.30000000000000004,bad,0.038000000000000006,0.7500000000000002,0.76,warn,0.348,3.822000000000001,6.85,bad,0.48000000000000076,23.350000000000005,37.599999999999994,warn,12.760000000000002,61.830000000000005,18.65,bad,1.450000000000001,77.58000000000003,,,,,1.9949999999999999,warn,0.9150000000000001,12.576,39.0,35.0,30.0,34.0,70.0,net debt 8x FCF; sales -3%/yr,concern,62.0,,-3.056,-2.273,-3.129,-1.504,62.0,59.0
PODD,Insulet Corporation,Health Care,133.11000061035156,9.291477372604371,3.042894178026648,9.74348554271034,10.42721391021615,10.999056532958019,11.87845211224828,10.0,-70.81776393744693,-68.76996261052379,-3.0196590499741625,0.03979307600477517,3.0166051678401833,22.272070185548,144,0,0,,,,,-61.568887686120924,29.413011231193043,,,0.0032729415702315023,0.851680263489385,agrees,171.90909,22.0,17.237373,Medical Devices,"Insulet Corporation develops, manufactures, and sells insulin delivery systems for people with insulin-dependent diabetes in the United States and internationally.",,29.1,2.48,3.26,0.95,0.23,0.67,0.07,71.1,0.38,12.3,81.34976253727062,,False,24.5,26.7,27.72795798393084,25.128412459475324,0.29,-1.2,-0.5,4.7,1.42,3.05,9.5,,,,,,,,,,1.54,good,0.87,3.2350000000000008,0.43,good,-0.10799999999999998,0.8800000000000001,0.685,good,0.109,2.5710000000000015,13.8,warn,0.76,27.66,60.3,good,12.2,77.8,13.6,good,3.35,71.78,26.0,good,15.0,54.30000000000002,2.2199999999999998,bad,0.557,12.114000000000004,87.0,90.0,80.0,100.0,74.0,sales +28%/yr,strength,92.0,,-2.785,-2.708,-2.47,-0.176,91.0,91.0
ADBE,Adobe Inc.,Information Technology,231.00999450683594,93.0739267868042,3.5839016860533,10.37541757769609,12.699218498574597,10.185787297481495,12.470617468245115,10.0,-71.7785650632315,-65.45775956278068,-2.9255485084517967,0.7958615200955035,3.1209026906897375,22.30614253943985,144,0,0,,,,,-35.814510709111744,12.031405029981457,,,4.928764063549806e-07,0.4195415035130434,agrees,275.06375,32.0,8.425817,Software - Application,"Adobe Inc. operates as a technology company worldwide. The Digital Media segment offers products and services that enable individuals, teams, and enterprises to create, publish, and promote content.",,19.1,0.77,1.25,6.36,0.72,0.54,0.03,89.3,7.28,28.0,13.35044441970561,5.2181980670294115,False,12.8,61.9,11.171735516345539,11.947322096978308,10.59,-6.3,-12.3,-16.3,11.76,25.97,40.8,,,,,,,,,,1.53,bad,0.79,3.3979999999999997,0.09,good,-0.29799999999999993,0.782,0.44999999999999996,warn,0.055,1.72,17.75,good,3.92,38.12,55.5,good,27.770000000000003,80.71000000000001,20.5,good,4.800000000000001,76.72,40.349999999999994,good,13.68,156.26,2.6950000000000003,good,0.716,12.751,92.0,82.0,99.0,91.0,100.0,41% FCF margin; sales +11%/yr; 28% net margin,strength,94.0,,-2.741,-2.328,-3.238,-1.37,93.0,91.0
CHTR,Charter Communications,Communication Services,111.4000015258789,13.810175975962082,0.25388219677847784,0.9895871127132262,1.7526412082507012,1.0765997831326644,1.786891680049661,10.0,-85.51430859988304,-74.34463388651155,-2.8864661749679805,0.0,0.25388219677847784,5.445140507136893,144,0,0,2018-04-02,-18.632455982487805,102.0,"the share count moved +102% in one step on 2016-06-30, which no split explains -- the multiples either side of it are measuring different companies",-60.59984384032011,-1.4957806671254237,,,3.2943599848067606e-06,-3.978692001852069,agrees,178.05263,19.0,2.6438127,Telecom Services,"Charter Communications, Inc. operates as a broadband connectivity company in the United States.",,59.8,0.36,0.33,95.11,94.52,4.34,1.74,,4.92,9.1,2.109629518198486,4.843983395637985,False,2.8,22.5,-0.08562418812326777,1.705159119255395,4.36,-13.4,-18.8,-38.8,21.9,54.4,8.0,,,,,,,,,,1.1,bad,0.699,3.2830000000000017,0.18,bad,-0.13099999999999998,1.0530000000000002,0.815,bad,0.21400000000000002,1.9100000000000037,9.6,warn,-0.20999999999999924,29.62,,,,,15.100000000000001,good,-0.34999999999999876,45.53,21.85,good,7.77,111.25,4.4399999999999995,warn,0.7800000000000001,42.20900000000002,53.0,12.0,77.0,60.0,74.0,net debt 22x FCF,concern,72.0,,-2.949,-2.58,-2.717,-1.394,72.0,70.0
EIX,Edison International,Utilities,51.470001220703125,19.91889047241211,1.015803481687598,1.5274334998257637,1.6250214224507282,1.5135444322261056,1.6585491245492134,10.0,-37.489840585877076,-33.49605846647516,-2.8819820523432305,0.0,1.015803481687598,2.273754940711463,144,0,0,,,,,-35.96665685406428,13.13754904223401,,,0.9576245610054102,-3.3562636804106427,agrees,66.35714,14.0,8.236325,Utilities - Regulated Electric,"Edison International, through its subsidiaries, engages in the generation and distribution of electric power. The company supplies and delivers through its electrical infrastructure to an approximately 50,000 square-mile area of southern, central, and coastal California. It serves residential, commercial, industrial, public authorities, agricultural, street lighting, and other sectors.",6.55,28.9,0.74,0.8,43.3,42.53,2.29,2.17,,3.55,18.1,53.52997628397029,35.15066652087921,False,5.6,18.8,4.428719761904265,7.361212442736487,-0.64,0.3,0.5,1.8,18.88,19.61,-3.3,,,,,,,,,,0.765,warn,0.52,1.163,2.3,good,1.546,2.748,1.56,bad,1.2600000000000002,2.194,14.2,good,6.9,18.880000000000006,,,,,9.4,good,8.06,12.780000000000008,19.4,good,14.590000000000002,24.3,-1.06,warn,-3.549,2.2850000000000006,54.0,18.0,81.0,89.0,17.0,net debt 20x FCF; burning cash,concern,72.0,,-2.58,-1.072,-0.707,-1.901,71.0,61.0
LULU,Lululemon Athletica,Consumer Discretionary,100.58000183105469,11.486336789108277,1.0353689724817052,5.055796099583282,5.64336173621389,4.658781932591221,5.773514198534048,10.0,-81.65332968401331,-79.521148557256,-2.857849751485009,0.31834460803820136,0.9880166252702485,13.535437802014735,144,0,0,,,,,-53.40930061559446,1.7417312268594776,,,3.966124051402176e-06,7.103904236925951,agrees,104.91111,27.0,11.203753,Apparel Retail,"lululemon athletica inc., together with its subsidiaries, designs, distributes, and retails technical athletic apparel, footwear, and accessories for women and men under the lululemon brand in the United States, Canada, Mexico, China, Hong Kong, Taiwan, Macau, Greece, and internationally. It offers pants, shorts, tops, and jackets for athletic activities, such as yoga, running, training, and other activities.",,4.3,2.19,2.4,,,,,56.1,1.42,12.8,12.036268004659822,11.394812906995465,False,8.1,29.6,7.845568896862143,14.958416056748014,1.35,-5.0,-10.4,-12.7,4.79,11.09,12.2,,,,,,,,,,1.11,good,0.536,2.038,,,,,,,,,11.0,good,1.2,21.85,42.5,good,11.48,74.61999999999999,37.7,warn,2.9200000000000004,173.7700000000001,19.299999999999997,good,12.57,41.30000000000001,1.6549999999999998,warn,0.665,7.38,88.0,96.0,85.0,87.0,82.0,sales +8%/yr; buying back stock,strength,92.0,,-3.049,-2.724,-2.812,-1.83,93.0,91.0
CMCSA,Comcast,Communication Services,21.790000915527344,78.29147328948974,0.6268081605179116,1.3075175062569149,1.789054961326562,1.305948848967491,1.6899034008202778,10.0,-64.96428706398483,-52.061203194724214,-2.8236786808976992,0.0,0.6268081605179116,2.6475355891541503,144,0,0,,,,,-32.91255875761286,0.5805900921213691,,,0.0008026644627401325,2.1407802995569547,agrees,28.96913,23.0,6.0284176,Telecom Services,"Comcast Corporation operates as a media and technology company worldwide. The company operates through Residential Connectivity & Platforms, Business Services Connectivity, Media, Studios, and Theme Parks segments.",6.11,32.9,0.8,0.7,90.38,82.63,1.01,0.66,,11.2,9.0,19.837978272884314,-2.1193360778154147,False,7.0,12.5,1.1740526890665626,2.7636350237521423,20.44,-10.3,-19.9,-27.9,89.77,124.91,16.4,,,,,,,,,,1.1,bad,0.699,3.2830000000000017,0.18,warn,-0.13099999999999998,1.0530000000000002,0.815,warn,0.21400000000000002,1.9100000000000037,9.6,warn,-0.20999999999999924,29.62,,,,,15.100000000000001,warn,-0.34999999999999876,45.53,21.85,good,7.77,111.25,4.4399999999999995,good,0.7800000000000001,42.20900000000002,72.0,54.0,70.0,83.0,93.0,16% FCF margin; buying back stock,strength,83.0,,-2.911,-2.396,-2.708,-1.745,84.0,81.0
MKC,McCormick & Company,Consumer Staples,48.459999084472656,13.050277753448487,1.7669416655539665,3.09587056137312,3.2174669711046375,3.099325179562565,3.340699221652263,10.0,-45.08283437180612,-42.9258546012896,-2.8135735111314752,0.5173099880620772,1.7281134384627288,5.210580973263806,144,0,0,,,,,-32.36566771183161,9.536097763540363,,,-2.5995829155966987e-06,0.2909703081906967,agrees,60.07692,13.0,14.68518,Packaged Foods,"McCormick & Company, Incorporated manufactures, markets, and distributes herbs, spices, seasoning mixes, condiments, and other flavorful products to the food industry. It operates in two segments, Consumer and Flavor Solutions. The Consumer segment offers spices, herbs, and seasonings, as well as condiments, sauces, and desserts.",3.97,24.0,0.78,0.67,4.93,4.6,0.65,0.62,38.6,0.79,10.7,32.23394631325655,16.55960620946475,False,16.5,10.4,4.2640726885016855,4.152652957756309,1.02,-0.0,-0.3,-0.3,7.57,7.39,13.8,,,"trailing profit of $1.62B against $0.79B in the year to 2025-11-30, only 182 days earlier",2025-11-30,True,,,,,1.025,bad,0.6660000000000001,1.4750000000000005,0.30000000000000004,bad,0.038000000000000006,0.7500000000000002,0.76,good,0.348,3.822000000000001,6.85,good,0.48000000000000076,23.350000000000005,37.599999999999994,good,12.760000000000002,61.830000000000005,18.65,warn,1.450000000000001,77.58000000000003,29.2,good,15.52,39.06,1.9949999999999999,bad,0.9150000000000001,12.576,72.0,56.0,66.0,89.0,90.0,,,83.0,,-2.511,-1.96,-2.374,-0.786,81.0,78.0
NKE,"Nike, Inc.",Consumer Discretionary,36.38999938964844,53.893589096069334,1.1615498318045894,2.8188283476473894,3.2690362235067436,2.98193537729173,3.401551555352004,10.0,-64.4681260044718,-58.79316905642638,-2.790805398169377,0.3581376840429765,1.133460709513341,6.7632666268470665,144,0,0,,,,,-51.200215381992166,0.19218726381480256,,,-2.482865579800375e-06,1.3635759094874356,agrees,45.62778,36.0,16.61567,Footwear & Accessories,"NIKE, Inc., together with its subsidiaries, designs, develops, markets, and sells athletic footwear, apparel, equipment, accessories, and services for men, women, and kids in North America, Europe, the Middle East, Africa, Greater China, the Asia Pacific, and Latin America.",4.58,25.4,1.96,2.87,9.94,2.03,0.67,0.04,42.9,3.11,6.7,-15.047954013615595,-11.508104687348064,False,17.3,20.9,-3.239455324773177,0.8217418961527168,2.18,0.1,-4.0,-8.6,14.87,46.4,4.7,,,,,,,,,,1.11,good,0.536,2.038,0.16,good,-0.15,1.18,0.82,good,0.11600000000000002,7.960000000000002,11.0,bad,1.2,21.85,42.5,good,11.48,74.61999999999999,37.7,warn,2.9200000000000004,173.7700000000001,19.299999999999997,good,12.57,41.30000000000001,1.6549999999999998,good,0.665,7.38,61.0,89.0,67.0,18.0,61.0,sales -3%/yr; margins compressing,concern,76.0,,-3.056,-2.777,-2.677,-1.093,77.0,76.0
ACN,Accenture,Information Technology,174.47000122070312,108.40468529334814,1.482952160558312,3.0386621710834714,2.8798136792896303,2.9790284420953883,2.93978442579627,10.0,-48.505274100784355,-51.19720202296961,-2.621811750634725,1.8304814962196578,1.0577094375464384,4.985707755228364,144,0,0,,,,,-39.533513127918795,6.7434111961040655,,,5.329642260853973e-06,0.016150202690279336,agrees,193.02959,24.0,12.078436,Information Technology Services,"Accenture plc provides strategy and consulting, industry X, song, and technology and operation services in the Americas, Europe, the Middle East, Africa, and the Asia Pacific. It offers systems integration and application management; security; intelligent platform; infrastructure; software engineering; data, AI, cloud; and automation and global delivery services.",3.68,10.6,1.34,1.3,5.14,-5.03,0.16,-0.07,32.0,7.79,10.7,2.8313496652627945,6.156209974348181,False,13.9,23.6,4.776375583937975,8.800929386982869,12.58,-1.8,-2.8,-3.8,33.01,73.1,17.2,,,,,,,,,,1.53,warn,0.79,3.3979999999999997,0.09,good,-0.29799999999999993,0.782,0.44999999999999996,good,0.055,1.72,17.75,warn,3.92,38.12,55.5,bad,27.770000000000003,80.71000000000001,20.5,good,4.800000000000001,76.72,40.349999999999994,good,13.68,156.26,2.6950000000000003,good,0.716,12.751,83.0,93.0,80.0,67.0,94.0,net cash; 17% FCF margin,strength,88.0,,-2.05,-1.979,-3.592,-0.775,84.0,84.0
APTV,Aptiv,Consumer Discretionary,43.63999938964844,9.274809070281982,0.4953169062900925,1.1109953469552902,1.5125968919677963,1.2885338064122869,1.5604729689226682,10.0,-67.25387253402886,-55.416833414512446,-2.560293597903791,0.19896538002387587,0.4919118931909212,3.307642934429777,144,0,0,,,,,-50.78380580844881,5.285352825414669,,,-8.738671332841907,2.995561777821587,agrees,66.61111,18.0,6.6001925,Auto Parts,"Aptiv PLC, an industrial technology company, provides hardware and software solutions to support automotive and other industries in North America, Europe, the Middle East, Africa, the Asia Pacific, and South America. It operates through three segments: Advanced Safety and User Experience, Engineered Components, and Electrical Distribution Systems.",,52.6,2.02,1.81,5.35,3.8,0.61,0.2,10.4,0.22,1.2,-38.66996508058327,-26.931010963286983,False,42.2,2.5,-0.9549830624693723,3.574111406705427,0.68,-5.3,-22.1,-21.6,8.75,18.73,3.6,,,,,,,,,,1.11,good,0.536,2.038,0.16,warn,-0.15,1.18,0.82,good,0.11600000000000002,7.960000000000002,11.0,bad,1.2,21.85,42.5,bad,11.48,74.61999999999999,37.7,bad,2.9200000000000004,173.7700000000001,19.299999999999997,bad,12.57,41.30000000000001,1.6549999999999998,bad,0.665,7.38,47.0,60.0,44.0,23.0,70.0,margins compressing,concern,66.0,,-2.777,-2.65,-1.874,-0.725,67.0,66.0
ADSK,Autodesk,Information Technology,207.19000244140625,43.924280517578126,5.638546921383584,9.468203894219442,10.853137460008655,9.647692340189682,11.515616651916561,10.0,-48.04684873696341,-40.44755494940231,-2.527464829116318,0.48115477145148355,5.30127081390702,19.558536867247092,144,1,0,,,,,-35.93976982920377,17.940953822861474,,,-1.6431321969712087e-06,3.4373654860760494,agrees,307.54147,34.0,14.309065,Software - Application,"Autodesk, Inc. engages in the provision of 3D design, engineering, and entertainment technology solutions worldwide.",,48.4,0.86,0.73,3.49,-0.66,1.03,-0.08,91.2,1.64,21.1,23.386151141341816,4.550269812699637,False,26.8,48.5,14.331108200466769,14.031838424049248,2.84,-1.9,-1.9,-4.7,3.38,7.79,36.5,,,,,,,,,,1.53,bad,0.79,3.3979999999999997,0.09,good,-0.29799999999999993,0.782,0.44999999999999996,bad,0.055,1.72,17.75,good,3.92,38.12,55.5,good,27.770000000000003,80.71000000000001,20.5,good,4.800000000000001,76.72,40.349999999999994,good,13.68,156.26,2.6950000000000003,good,0.716,12.751,92.0,82.0,92.0,98.0,100.0,net cash; 36% FCF margin; sales +14%/yr,strength,92.0,,-1.322,-0.856,-1.538,0.203,82.0,77.0
HRL,Hormel Foods,Consumer Staples,19.969999313354492,11.004947401607513,0.9059873248110168,1.4651596687368549,2.029574523450107,1.6051550733086124,1.9812505937326188,10.0,-55.36072638165983,-38.16460115967513,-2.509830963563002,0.19896538002387587,0.8941917855063468,3.0044663264339833,144,0,0,,,,,-24.669938463393095,0.7324322329559152,,,-1.9099505643715986e-06,0.7367345822060889,agrees,26.125,8.0,12.777352,Packaged Foods,"Hormel Foods Corporation develops, processes, and distributes various meat, nut, and other food products to foodservice, convenience stores, and commercial customers in the United States and internationally. It operates through three segments: Retail, Foodservice, and International.",5.89,30.8,1.88,1.4,2.86,1.99,0.36,0.16,15.7,0.34,2.8,-26.61626941453975,-16.829032448093674,False,32.4,4.3,-0.3020766896159155,3.2491414232036053,0.78,0.1,0.3,0.5,7.86,12.15,6.4,,,,,,,,,,1.025,good,0.6660000000000001,1.4750000000000005,0.30000000000000004,good,0.038000000000000006,0.7500000000000002,0.76,good,0.348,3.822000000000001,6.85,warn,0.48000000000000076,23.350000000000005,37.599999999999994,bad,12.760000000000002,61.830000000000005,18.65,bad,1.450000000000001,77.58000000000003,29.2,warn,15.52,39.06,1.9949999999999999,bad,0.9150000000000001,12.576,54.0,77.0,45.0,25.0,78.0,margins compressing,concern,70.0,,-2.568,-2.379,-1.898,-1.866,71.0,70.0
JKHY,Jack Henry & Associates,Financials,147.82000732421875,10.649396787658691,4.18552425684409,5.6735919733876825,6.345267515699132,5.821658011066782,6.301441992809978,10.0,-34.037071778479266,-26.22796499155141,-2.329266880127159,1.5519299641862316,3.553571550378445,9.118757016950202,144,2,0,,,,,-23.250255802586317,7.117070806962866,,,4.150390429114026e-05,3.877642092822242,agrees,190.38889,18.0,18.618853,Information Technology Services,"Jack Henry & Associates, Inc. operates as a financial technology company that connects people and financial institutions through technology solutions and payment processing services in the United States. It operates through four segments: Core, Payments, Complementary, and Corporate Services.",1.67,28.8,1.17,1.2,0.13,0.12,0.06,,,0.5,,11.096015088978884,10.051879409956754,False,21.3,24.4,,,0.69,-1.4,-1.4,-4.8,2.05,,,,,,,,,,,,1.0550000000000002,good,0.7220000000000001,1.537,,,,,0.64,good,0.08400000000000002,1.8500000000000019,,,,,,,,,16.549999999999997,good,6.63,33.89,14.5,bad,8.940000000000001,29.16,2.895,bad,0.5220000000000001,15.452000000000002,,,,,,,,,,-1.718,-1.118,-2.165,-1.358,,
GEN,Gen Digital,Information Technology,20.850000381469727,12.572550230026245,2.475398745821273,4.193273684210526,4.604343506032647,4.225920254708681,4.841513109174833,10.0,-46.23774827881573,-40.96739368235822,-2.3109332825175564,0.28723840787853916,2.342693039983076,12.272132018209408,144,4,0,,,,"trailing revenue falls 46% around 2018-03-30, 31x this company's usual move between filings, at the exact point the source concept changes from mixed to RevenueFromContractWithCustomerExcludingAssessedTax",-33.61986507013776,20.15613910574876,,,-1.2600905541226837e-06,0.7372324003713127,agrees,32.55556,9.0,6.304446,Software - Infrastructure,"Gen Digital Inc. engages in the provision of cyber safety and trust-based solutions for individuals, families, and small businesses. The company offers security and performance management, identity protection, and online privacy, as well as technology platforms.",2.4,56.1,0.47,0.44,8.34,7.77,3.14,1.53,78.0,1.05,20.7,-7.25889734519134,11.278069329018026,False,12.0,39.5,12.609413779509836,14.122801145141462,1.55,-3.4,-6.2,2.0,2.66,5.08,30.5,,,,,,,,,,1.53,bad,0.79,3.3979999999999997,0.09,bad,-0.29799999999999993,0.782,0.44999999999999996,bad,0.055,1.72,17.75,good,3.92,38.12,55.5,good,27.770000000000003,80.71000000000001,20.5,good,4.800000000000001,76.72,40.349999999999994,good,13.68,156.26,2.6950000000000003,warn,0.716,12.751,67.0,34.0,94.0,54.0,100.0,margins compressing,concern,77.0,,-0.918,-0.691,-1.342,-0.166,66.0,63.0
BSX,Boston Scientific,Health Care,44.11000061035156,65.49893990631104,3.119591346271244,5.823683710233806,5.409314434724092,6.287910630955208,5.647709224896537,10.0,-42.32926586323757,-46.432679013984426,-2.3019412374457264,0.5571030640668524,3.0396743189178888,9.9165846637335,144,0,0,,,,,-57.98247227057386,13.528712014707466,,,1.2192798770627178e-06,2.9983960875320737,agrees,61.0,29.0,12.858345,Medical Devices,"Boston Scientific Corporation develops, manufactures, and markets medical devices for use in various interventional medical specialties worldwide. The company operates in two segments, MedSurg and Cardiovascular.",,38.3,1.24,1.42,12.62,11.87,0.5,0.57,69.9,3.67,17.5,59.027289894212956,44.526285506960136,False,17.8,14.6,16.1437273433368,13.400365280088366,3.62,-0.6,2.0,3.7,25.17,21.0,17.2,,,,,,,,,,1.54,warn,0.87,3.2350000000000008,0.43,warn,-0.10799999999999998,0.8800000000000001,0.685,good,0.109,2.5710000000000015,13.8,good,0.76,27.66,60.3,good,12.2,77.8,13.6,good,3.35,71.78,26.0,good,15.0,54.30000000000002,2.2199999999999998,good,0.557,12.114000000000004,83.0,71.0,77.0,100.0,89.0,17% FCF margin; sales +16%/yr,strength,86.0,,-1.511,-1.292,-1.529,1.476,80.0,78.0
ARE,Alexandria Real Estate Equities,Real Estate,48.65999984741211,8.322806373901367,2.9303964045390924,6.936363302277536,10.290462478057224,7.316498375263841,9.305713380152747,10.0,-71.52318070458254,-57.75312974773244,-2.2974843883665685,4.69558296856347,2.3490128902980856,16.934228028028727,144,0,0,,,,,-42.35963060008042,-8.40396678223011,,,-0.005735677795104532,-0.22360667802501233,agrees,52.57143,14.0,,REIT - Office,"Alexandria Real Estate Equities, Inc., an S&P 500 company, is a best-in-class, mission-driven life science REIT making a positive and lasting impact on the world. With our founding in 1994, Alexandria pioneered the life science real estate niche.",5.94,8.0,,,12.81,12.34,0.67,,,-1.02,,,,False,,-5.3,,,1.28,0.4,0.1,17.1,19.17,,,,,,,,True,,,,,,,,,,,,0.825,good,0.135,2.58,,,,,,,,,7.3,bad,2.22,18.460000000000015,,,,,1.2,good,-0.10599999999999986,3.3679999999999994,,,,,,,,,,-2.261,-2.34,-2.363,-1.414,,
ROP,Roper Technologies,Information Technology,354.0,36.3204,4.38636281294156,8.850562563927719,7.78807517397466,8.26906618587306,7.641236955240183,10.0,-43.67847362851055,-50.43972876007814,-2.284320074655682,1.432550736171906,4.076370918052988,11.815900954653937,144,0,0,,,,,-31.92307692307692,10.87559084640002,,,-3.8645943112314285e-07,5.090984939418486,agrees,439.42856,14.0,14.334046,Software - Application,"Roper Technologies, Inc. designs and develops vertical software and technology enabled products in the United States, Canada, Europe, Asia, and internationally.",1.04,24.1,0.55,0.53,11.32,10.95,0.61,1.32,69.5,1.54,18.6,-4.808527853039668,18.641530992737778,False,23.6,8.2,12.71324835035459,10.18083330386974,2.61,-5.4,-4.5,-3.6,18.7,8.28,31.5,,,"trailing profit of $2.50B against $1.54B in the year to 2025-12-31, only 181 days earlier",2025-12-31,True,,,,,1.53,bad,0.79,3.3979999999999997,0.09,bad,-0.29799999999999993,0.782,0.44999999999999996,warn,0.055,1.72,17.75,good,3.92,38.12,55.5,good,27.770000000000003,80.71000000000001,20.5,bad,4.800000000000001,76.72,40.349999999999994,good,13.68,156.26,2.6950000000000003,warn,0.716,12.751,68.0,50.0,78.0,58.0,100.0,margins compressing,concern,78.0,,-1.589,-1.014,-1.801,0.17,73.0,68.0
PAYX,Paychex,Industrials,99.30000305175781,35.410381088256834,5.542051067120048,8.946214510366076,8.23988452464716,8.850274494513336,8.276536041985826,10.0,-32.74115613461993,-38.051439961579135,-2.2608571743475343,1.870274572224433,4.608989336102738,11.670919725790224,144,0,0,,,,,-22.777818608167188,13.662077062653433,,,-3.2275667232341654,0.16395125335049165,agrees,113.92857,14.0,15.544974,Software - Application,"Paychex, Inc., together with its subsidiaries, provides human capital management solutions (HCM) for human resources, payroll processing, employee benefits, and insurance services for small to medium-sized businesses in the United States, Europe, Canada, India, and Israel. It offers technology and advisory solutions; and payroll tax administration services.",4.79,14.7,1.28,1.24,4.96,3.97,1.34,0.62,73.5,1.81,28.3,4.1772837607580104,0.9760179108449174,False,19.6,48.8,8.71579289159643,9.022676231725256,2.02,-1.5,-1.7,-1.7,3.71,6.39,31.6,,,,,,,,,,1.24,good,0.808,2.3180000000000023,0.29,bad,0.0,0.84,0.72,bad,0.262,2.2539999999999987,12.0,good,4.069999999999999,20.65,37.95,good,15.22,61.14000000000001,23.299999999999997,good,9.15,53.05,27.0,good,15.52,48.68000000000001,1.7,good,0.634,5.627999999999998,85.0,75.0,98.0,73.0,98.0,margins compressing,concern,87.0,,-1.098,-0.476,-1.782,0.478,77.0,68.0
VICI,Vici Properties,Real Estate,23.190000534057617,25.282587591339166,6.170090519078751,8.95271558927103,10.146414942124785,9.973210322261863,10.441383162967599,7.6,-39.189452094429555,-31.0813522717843,-2.2331410508656155,0.26109660574412535,5.496785861389945,19.133916374881352,91,0,0,2022-03-31,19.208952686496538,54.0,"the share count moved +30% in one step on 2022-06-30, which no split explains -- the multiples either side of it are measuring different companies",-29.53509409280577,4.364077866488181,,,-2.3428324835705894e-06,-1.0272512500971942,agrees,31.95833,24.0,7.7591977,REIT - Diversified,"VICI Properties Inc. is an S&P 500 experiential real estate investment trust that owns one of the largest portfolios of market-leading gaming, hospitality, wellness, entertainment and leisure destinations, including Caesars Palace Las Vegas, MGM Grand and the Venetian Resort Las Vegas, three of the most iconic entertainment facilities on the Las Vegas Strip.",7.93,37.8,,,16.93,16.6,0.57,,,2.77,,8.849297531081035,17.0895505948236,False,9.1,9.4,,,2.64,3.1,8.2,96.6,29.6,,,,,,,,,,,,,,,,,,,,0.825,good,0.135,2.58,,,,,,,,,7.3,good,2.22,18.460000000000015,30.25,good,16.78,128.50000000000003,1.2,good,-0.10599999999999986,3.3679999999999994,,,,,,,,,,-2.071,-1.745,-1.567,-0.678,,
TYL,Tyler Technologies,Information Technology,324.0199890136719,13.561532620178223,5.581665486189294,9.226307082183338,9.681900721751807,9.771996277111015,10.419426947278692,10.0,-42.349486463445494,-39.50271287883002,-2.230503304671393,1.8304814962196578,4.9889462959711475,18.48879907377058,144,0,0,,,,,-38.77520378405006,8.189112768562845,,,-3.621910282802787e-06,4.709594718924226,agrees,424.77274,22.0,20.601177,Software - Application,"Tyler Technologies, Inc. provides integrated software and technology management solutions for the public sector in the United States. It operates in two segments, Enterprise Software and Platform Technologies.",,31.1,1.55,0.93,0.65,-0.32,0.21,-0.13,47.2,0.32,13.4,25.470536274561017,15.803690310292385,False,42.4,10.5,8.51041802737198,13.893562991924103,0.71,-4.9,-2.1,-0.7,3.04,2.43,29.2,,,,,,,,,,1.53,good,0.79,3.3979999999999997,0.09,good,-0.29799999999999993,0.782,0.44999999999999996,good,0.055,1.72,17.75,warn,3.92,38.12,55.5,warn,27.770000000000003,80.71000000000001,20.5,warn,4.800000000000001,76.72,40.349999999999994,warn,13.68,156.26,2.6950000000000003,bad,0.716,12.751,89.0,95.0,74.0,95.0,100.0,net cash; 29% FCF margin; sales +9%/yr,strength,88.0,,-2.207,-1.69,-2.641,0.189,88.0,84.0
INVH,Invitation Homes,Real Estate,26.540000915527344,15.906169012741287,5.571185450184299,8.541527928124424,8.668258229711341,8.60948772082456,8.757471664074062,8.5,-35.72889382680721,-34.77530604518392,-2.190099120878475,0.46816479400749067,4.949595055225153,13.533365166952679,114,12,0,2018-01-02,33.28935654017986,105.0,"the share count moved +33% in one step on 2018-01-02, which no split explains -- the multiples either side of it are measuring different companies",-13.239617798210713,6.718642770317862,,,0.24838110345188902,1.3592782259301384,agrees,33.52174,23.0,37.375683,REIT - Residential,"Invitation Homes Inc., an S&P 500 company, is the nation's premier single-family home leasing and management company, helping to expand housing through new development and strategic partnerships. Their purpose, Unlock the Power of Home, reflects their commitment to address America's housing needs by delivering high-quality living solutions and genuine care to those who choose the flexibility and value of leasing.",4.52,26.3,,,8.53,8.2,0.94,,,0.66,,14.691739822169737,24.481744346917324,False,24.1,7.3,,,1.2,-2.3,-2.3,5.3,9.09,,,,,,,,,,,,,,,,,,,,0.825,warn,0.135,2.58,,,,,,,,,7.3,good,2.22,18.460000000000015,30.25,good,16.78,128.50000000000003,1.2,good,-0.10599999999999986,3.3679999999999994,,,,,,,,,,-2.166,-1.766,-1.473,-1.316,,
FDS,FactSet,Financials,267.6700134277344,9.89228068624878,4.056775482486595,8.072169841399646,7.836848563807429,7.565942295861328,7.504450956764643,10.0,-48.23460668588364,-49.74368029670714,-2.164117679155086,5.013927576601671,3.0283817694906006,11.86949029373287,144,0,0,,,,,-14.632430735852541,6.621020938035893,,,4.921141005809204e-06,6.99013561297992,agrees,270.0,16.0,13.179801,Financial Data & Stock Exchanges,"FactSet Research Systems Inc., together with its subsidiaries, operates as a financial digital platform and enterprise solutions provider for the investment community. It offers data, products, and analytical applications; and workstations, portfolio analytics, and enterprise data solutions, as well as managed services for supporting data, performance, risk, and reporting workflows.",1.78,0.9,0.68,1.59,1.89,1.58,0.93,,,0.57,,3.7024536512293427,7.866071429022603,False,17.4,28.0,,,0.71,-3.7,-5.0,-4.2,2.03,,,,,,,,,,,,1.0550000000000002,bad,0.7220000000000001,1.537,,,,,0.64,warn,0.08400000000000002,1.8500000000000019,,,,,,,,,16.549999999999997,good,6.63,33.89,14.5,warn,8.940000000000001,29.16,2.895,bad,0.5220000000000001,15.452000000000002,,,,,,,,,,-2.026,-1.691,-2.808,-1.54,,
BRO,Brown & Brown,Financials,60.2400016784668,20.180400562286376,2.972076666021558,5.320322800636508,4.793131622757181,5.313969526267205,4.787179963716397,10.0,-37.99300958249269,-44.13728682654392,-2.1458970046881958,0.5968961400716275,2.8638943584935146,7.380343392299688,144,0,0,,,,,-37.22384151889663,34.242783708975885,,,1.9060473477432005,-0.4782997949928758,agrees,76.5,16.0,12.559169,Insurance Brokers,"Brown & Brown, Inc. markets and sells insurance products and services in the United States, the United Kingdom, and internationally. It operates through Retail and Specialty Distribution segments.",1.09,27.0,1.13,1.06,8.17,4.36,0.65,,,1.21,,18.043850921210414,16.14105946239448,False,16.7,9.6,,,1.45,14.3,19.5,21.0,12.61,,,,,,,,,,,,1.0550000000000002,good,0.7220000000000001,1.537,,,,,0.64,warn,0.08400000000000002,1.8500000000000019,,,,,,,,,16.549999999999997,bad,6.63,33.89,14.5,warn,8.940000000000001,29.16,2.895,bad,0.5220000000000001,15.452000000000002,,,,,,,,,,-1.165,-0.67,-0.95,0.865,,
SBAC,SBA Communications,Real Estate,163.42999267578125,17.36672474169922,6.049812459355226,9.111605325003719,10.711200902947603,10.319578572369938,11.585788370094022,10.0,-43.518821893347315,-33.60322090824586,-2.1409115684373003,0.0,6.049812459355226,19.271011172819282,144,0,0,,,,,-26.958662491270946,5.362331181520141,,,1.6721115159157307e-06,0.5472342876421843,agrees,225.85,20.0,19.892551,REIT - Specialty,"SBA Communications Corporation is a leading independent owner and operator of wireless communications infrastructure, including tower structures, rooftops and other structures that support antennas used for wireless communications.",3.07,38.2,0.17,0.69,16.31,15.92,,,,0.99,,24.91900221482719,29.767668611397347,False,17.5,,,,-0.01,-1.6,-2.6,-4.5,0.16,,,,True,,,,,,,,0.9299999999999999,bad,0.296,1.937,,,,,,,,,,,,,,,,,,,,,30.25,good,16.78,128.50000000000003,1.2,bad,-0.10599999999999986,3.3679999999999994,,,,,,,,,,-1.801,-1.512,-1.777,-1.203,,
BF-B,Brown–Forman,Consumer Staples,26.030000686645508,11.961253855525971,3.055237255562189,5.77502123943662,7.425257775430124,5.932311436980257,7.184492818277769,10.0,-58.85345198826841,-47.09565335104738,-2.1368363673468713,1.2733784321528054,2.734553861892583,11.74173174925373,144,0,0,2018-01-31,-19.999339176117825,104.0,,-15.705956325629833,-0.8358662613981771,,,-1.6347381559533858e-06,-0.8479051911144841,agrees,28.25882,17.0,15.339732,Beverages - Wineries & Distilleries,"Brown-Forman Corporation, together with its subsidiaries, manufactures, distills, bottles, imports, exports, markets, and sells a variety of alcohol beverages. The company provides spirits, wines, whiskey spirits, whiskey-based flavored liqueurs, ready-to-drink cocktails, ready-to-pour products, vodkas, tequilas, gin, brandy, rum, bourbons, and liqueurs.",3.5,8.6,3.26,3.2,2.44,2.12,0.62,0.54,60.7,0.72,18.4,-1.9547482662488513,-1.332214731439385,False,16.6,18.1,-2.767640861947318,1.6130939221453033,0.93,-2.8,-4.3,-4.4,3.97,3.92,23.8,,,,,,,,,,1.025,good,0.6660000000000001,1.4750000000000005,0.30000000000000004,bad,0.038000000000000006,0.7500000000000002,0.76,good,0.348,3.822000000000001,6.85,good,0.48000000000000076,23.350000000000005,37.599999999999994,good,12.760000000000002,61.830000000000005,18.65,warn,1.450000000000001,77.58000000000003,29.2,good,15.52,39.06,1.9949999999999999,bad,0.9150000000000001,12.576,76.0,81.0,86.0,46.0,98.0,24% FCF margin; 18% net margin,strength,81.0,,-2.299,-2.19,-2.207,-2.133,82.0,82.0
CTSH,Cognizant,Information Technology,56.75,27.06975,1.2645870316733625,1.829311515899969,2.1029828739359546,1.8305500706867512,2.176436938277291,10.0,-39.866983828234694,-30.87087569930801,-2.101156469214723,2.865101472343812,0.8630388676072129,3.4178309332594847,144,0,0,,,,,-34.5444059976932,6.545219252401568,,,-1.090473984902407,5.727787737568835,agrees,65.104,25.0,8.976839,Information Technology Services,"Cognizant Technology Solutions Corporation, a professional services company, provides consulting and technology, and outsourcing services in North America, Europe, and internationally. It operates through four segments: Financial Services; Health Sciences; Products and Resources; and Communications, Media and Technology.",2.32,14.7,2.23,2.23,0.57,-0.95,0.04,-0.04,,2.23,10.4,-1.1396917178693844,7.817238043374419,False,12.1,14.8,3.3087102984109107,4.930916242028749,2.47,-3.2,-6.1,-9.8,15.07,21.41,11.5,,,,,,,,,,1.53,good,0.79,3.3979999999999997,0.09,good,-0.29799999999999993,0.782,0.44999999999999996,good,0.055,1.72,17.75,warn,3.92,38.12,,,,,20.5,warn,4.800000000000001,76.72,40.349999999999994,good,13.68,156.26,2.6950000000000003,warn,0.716,12.751,78.0,97.0,75.0,56.0,85.0,margins compressing,concern,82.0,,-1.951,-1.677,-3.5,-1.236,81.0,79.0
MDLZ,Mondelez International,Consumer Staples,60.18000030517578,77.39148039245606,1.9690484528917171,2.6743815716657444,2.7170813692913995,2.61332348853235,2.7096350533335993,10.0,-27.530751373661122,-26.373690510240433,-2.0988153981020106,3.8599283724631914,1.7760653473236818,3.405947813822285,144,0,0,,,,,-7.401138167139887,7.788503729706009,,,-0.9350946323144371,2.220145435203036,agrees,69.22727,22.0,17.640062,Confectioners,"Mondelez International, Inc., through its subsidiaries, manufactures, markets, and sells snack food and beverage products in Latin America, North America, Asia, the Middle East, Africa, and Europe.",3.51,15.0,0.54,0.61,18.35,16.72,0.71,0.43,28.8,2.61,6.6,-12.857622566951733,-7.147832360742279,False,29.7,10.1,6.1084270671981855,7.710850496036037,2.58,-1.2,-6.3,-9.4,25.8,39.3,6.6,,,,,,,,,,1.025,bad,0.6660000000000001,1.4750000000000005,0.30000000000000004,warn,0.038000000000000006,0.7500000000000002,0.76,good,0.348,3.822000000000001,6.85,warn,0.48000000000000076,23.350000000000005,37.599999999999994,warn,12.760000000000002,61.830000000000005,18.65,warn,1.450000000000001,77.58000000000003,29.2,warn,15.52,39.06,1.9949999999999999,good,0.9150000000000001,12.576,54.0,48.0,62.0,39.0,73.0,net debt 6x FCF; margins compressing,concern,68.0,,-1.607,-1.395,-1.841,-0.89,65.0,64.0
HD,Home Depot (The),Consumer Discretionary,289.8900146484375,288.73045458984376,1.706686850320635,2.179184060117871,2.178857266373658,2.219581824397984,2.1942312688972465,10.0,-21.670552878338444,-21.682299280937233,-2.0840439910220696,0.9152407481098289,1.5045752429372419,3.0089933178686423,144,0,0,,,,,-28.738934452203168,2.4973644988912636,,,-3.934364056767947e-06,0.4718395403717546,agrees,377.1875,32.0,17.97464,Home Improvement Retail,"The Home Depot, Inc. operates as a home improvement retailer in the United States and internationally. It sells various building materials, home improvement products, lawn and garden products, and décor products, as well as facilities maintenance, repair, and operations products.",3.24,30.1,1.08,1.31,45.3,43.2,2.73,0.26,33.2,14.23,8.4,-4.289118425601767,-1.3669578007488803,False,20.3,85.6,2.9786201800951817,3.2142466333952457,15.1,0.2,-1.2,-6.7,16.62,169.18,8.9,,,,,,,,,,1.11,warn,0.536,2.038,0.16,warn,-0.15,1.18,0.82,warn,0.11600000000000002,7.960000000000002,11.0,warn,1.2,21.85,42.5,warn,11.48,74.61999999999999,37.7,good,2.9200000000000004,173.7700000000001,19.299999999999997,warn,12.57,41.30000000000001,1.6549999999999998,good,0.665,7.38,62.0,63.0,65.0,48.0,80.0,margins compressing,concern,73.0,,-1.438,-0.632,-0.009,1.201,68.0,60.0
ZBH,Zimmer Biomet,Health Care,91.62000274658203,17.80176653366089,2.092134886255672,3.207112394942736,3.223126975008221,3.1292681014437,3.328946573231799,10.0,-35.0899017482755,-34.76577591871307,-2.0736582905166343,2.2284122562674096,1.8529424915568662,6.127103899926561,144,0,0,2015-09-30,18.082663605051664,132.0,,-11.886898685726077,8.617784472414414,,,0.0011752538548348568,2.179929567903538,agrees,107.57143,21.0,10.073606,Medical Devices,"Zimmer Biomet Holdings, Inc., together with its subsidiaries, operates as a medical technology company worldwide. The company designs, manufactures, and markets orthopedic reconstructive products, such as knee and hip products; S.E.T.",1.05,17.4,1.69,2.11,7.48,7.04,0.59,0.83,50.5,0.81,9.5,16.842711598733608,-2.5162850889683286,False,22.0,6.4,5.746323672198561,2.890041982817637,1.52,-2.4,-7.5,-10.5,12.63,8.51,17.9,,,,,,,,,,1.54,good,0.87,3.2350000000000008,0.43,bad,-0.10799999999999998,0.8800000000000001,0.685,good,0.109,2.5710000000000015,13.8,warn,0.76,27.66,60.3,warn,12.2,77.8,13.6,bad,3.35,71.78,26.0,good,15.0,54.30000000000002,2.2199999999999998,warn,0.557,12.114000000000004,74.0,59.0,64.0,91.0,95.0,18% FCF margin,strength,80.0,,-2.12,-1.796,-2.501,-1.414,80.0,78.0
LEN,Lennar,Consumer Discretionary,82.02999877929688,19.901051913848878,0.6079026501122919,0.9727410004711432,0.9965409524835724,1.0059149852257518,0.9990265021066029,10.0,-38.99872869275656,-37.506216987064725,-2.0616601793319393,1.8598615916955017,0.4103478551611149,1.4717863144923728,144,10,0,2018-05-31,28.441960636357933,100.0,,-38.38353580763398,-7.4486704545804745,,,2.390004591022632,-0.4783430833273705,agrees,80.07692,13.0,15.749362,Residential Construction,"Lennar Corporation, together with its subsidiaries, operates as a homebuilder primarily under the Lennar brand in the United States. It operates through Homebuilding East, Homebuilding Central, Homebuilding South Central, Homebuilding West, Financial Services, Multifamily, and Lennar Other segments.",2.41,-2.4,,,5.87,3.7,0.27,0.11,14.5,1.62,4.9,-27.60321820877685,-13.73937208167073,False,12.3,7.4,-0.9067513068603206,6.010650613575552,0.72,-6.5,-17.5,-23.8,21.77,32.74,2.2,,,,,,,,,,,,,,0.16,good,-0.15,1.18,0.82,good,0.11600000000000002,7.960000000000002,11.0,bad,1.2,21.85,42.5,bad,11.48,74.61999999999999,37.7,bad,2.9200000000000004,173.7700000000001,19.299999999999997,good,12.57,41.30000000000001,1.6549999999999998,bad,0.665,7.38,52.0,72.0,58.0,23.0,46.0,margins compressing,concern,67.0,,-2.462,-2.021,-1.814,-0.401,69.0,67.0
UPS,United Parcel Service,Industrials,94.25,80.20675,0.8918797953964195,1.3713024045383244,1.4504782427054246,1.341786789204164,1.437169442339637,10.0,-38.511328943970234,-34.96111489014066,-2.020520407721906,3.263032232391564,0.7763048509073999,2.218362244174505,144,0,0,,,,,-21.458333333333336,-0.42408069713109064,,,1.8503280685422396e-06,0.36644399830176866,agrees,115.80769,26.0,11.640055,Integrated Freight & Logistics,"United Parcel Service, Inc., a package delivery and logistics provider, offers transportation and delivery services. It operates through two segments, U.S. Domestic Package and International Package.",6.98,22.9,1.18,1.22,24.48,19.76,1.62,0.22,,4.57,5.1,-23.002511048755114,-5.544400296764785,False,17.6,30.3,-2.21223473780805,-0.554720251149865,5.46,0.2,-1.4,-3.1,15.1,89.93,6.1,,,,,,,,,,1.24,warn,0.808,2.3180000000000023,0.29,good,0.0,0.84,0.72,bad,0.262,2.2539999999999987,12.0,bad,4.069999999999999,20.65,,,,,23.299999999999997,good,9.15,53.05,27.0,good,15.52,48.68000000000001,1.7,good,0.634,5.627999999999998,56.0,64.0,68.0,20.0,77.0,margins compressing,concern,69.0,,-2.221,-1.72,-1.538,-2.838,70.0,67.0
CRM,Salesforce,Information Technology,227.27000427246094,192.0431536102295,4.370775948159441,6.518256721595837,7.6921569774242595,6.696392632892192,7.810277963360378,10.0,-43.178799379845636,-32.94563048309392,-1.9995207766804846,4.854755272582571,3.0529435662751876,13.978220125096017,144,0,0,,,,,-14.633961509799454,11.229811148802593,,,-2.039237068096611e-06,3.566315192516578,agrees,281.0783,53.0,14.075945,Software - Application,"Salesforce, Inc. provides customer relationship management technology services that connect companies and customers together in the United States, Europe, and the Asia Pacific.",0.78,23.7,0.84,1.02,43.29,34.92,1.13,0.79,77.3,9.66,22.0,82.91957162953476,32.660840861201244,False,19.9,25.2,9.931360723648929,13.296860913525776,15.15,-12.5,-14.4,-11.1,38.38,43.94,34.5,,,,,,,,,,1.53,bad,0.79,3.3979999999999997,0.09,bad,-0.29799999999999993,0.782,0.44999999999999996,bad,0.055,1.72,17.75,good,3.92,38.12,55.5,good,27.770000000000003,80.71000000000001,20.5,good,4.800000000000001,76.72,40.349999999999994,good,13.68,156.26,2.6950000000000003,good,0.716,12.751,87.0,66.0,93.0,97.0,100.0,34% FCF margin; sales +10%/yr; 22% net margin,strength,86.0,,-2.036,-1.719,-3.45,-0.964,86.0,84.0
IT,Gartner,Information Technology,185.72999572753906,12.683129948242188,1.9622314082284753,5.028816700020463,3.877799219703626,4.719594559231567,4.1536126376562255,10.0,-49.398323712632916,-60.98025588762282,-1.9744681079937934,5.730202944687624,1.358744717635725,7.05156534021025,144,0,0,,,,,-29.345305387629228,0.679391570946386,,,-3.713085983125808e-06,8.068103780680858,agrees,185.15385,13.0,11.360934,Information Technology Services,"Gartner, Inc. provides business and technology insights to support decision-making and performance on an organization's mission-critical priorities in the United States, Canada, Europe, the Middle East, Africa, and internationally. It operates through three segments: Insights, Conferences, and Consulting.",,-0.3,0.88,0.86,2.98,1.5,,0.23,70.1,0.78,12.0,-5.683948617632795,6.276735814799572,False,16.3,,3.984000838509605,8.101112210064688,1.38,-12.0,-14.7,-22.3,0.06,6.46,21.4,,True,,,,,,,,1.53,bad,0.79,3.3979999999999997,0.09,warn,-0.29799999999999993,0.782,,,,,17.75,warn,3.92,38.12,55.5,good,27.770000000000003,80.71000000000001,,,,,40.349999999999994,good,13.68,156.26,2.6950000000000003,warn,0.716,12.751,69.0,64.0,79.0,46.0,97.0,margins compressing,concern,76.0,,-2.146,-1.901,-3.226,-0.596,77.0,76.0
O,Realty Income,Real Estate,55.349998474121094,51.73354027381897,8.544033239980065,10.412306395402677,12.454598712711592,11.516978079669233,12.56330979411819,10.0,-31.39856660929805,-17.94293295333209,-1.9535794202261836,0.0,8.544033239980065,21.395023605932913,144,0,0,2024-04-01,20.521367225377475,30.0,"the share count moved +43% in one step on 2022-03-31, which no split explains -- the multiples either side of it are measuring different companies",-18.072826414859243,10.853615378855409,,,-0.17437719138085894,-0.8450929382519012,agrees,67.2625,20.0,35.505016,REIT - Retail,"Realty Income Corporation, an S&P 500 company, is real estate partner to the world's leading companies. Founded in 1969, we serve our clients as a full-service real estate capital provider. As of June 30, 2026, we have a portfolio of over 15,500 properties in all 50 U.S.",5.91,21.5,,,4.67,3.76,0.11,,,1.3,,14.53850753469963,29.259321233099488,False,39.8,3.1,,,4.17,3.4,38.6,149.7,41.93,,,,,,,,,,,,,,,,,,,,0.825,good,0.135,2.58,,,,,,,,,7.3,bad,2.22,18.460000000000015,30.25,warn,16.78,128.50000000000003,1.2,good,-0.10599999999999986,3.3679999999999994,,,,,,,,,,-1.931,-1.436,-1.312,-1.204,,
UDR,"UDR, Inc.",Real Estate,33.83000183105469,11.173846624786377,6.5107385103677835,8.281514936835835,9.597964944381841,8.88033182469749,9.766849384396085,10.0,-32.16542727446783,-21.382276551741896,-1.9530855127733435,0.31834460803820136,6.40862604127682,14.753505163983895,144,0,0,,,,,-17.967987800546346,2.1463483152754925,,,-2.837068070741644,-10.408656150991968,agrees,41.45238,21.0,60.625,REIT - Residential,"UDR, Inc. is a S&P 500 company, is a leading multifamily real estate investment trust with a demonstrated performance history of delivering superior and dependable returns by successfully managing, buying, selling, developing and redeveloping attractive real estate properties in targeted U.S. markets.",5.13,22.5,,,5.66,5.63,1.72,,,0.49,,67.61870300016217,51.1893888487223,False,22.8,14.9,,,0.87,-0.4,-0.7,11.0,3.29,,,,,,,,,,,,,,,,,,,,0.825,bad,0.135,2.58,,,,,,,,,7.3,good,2.22,18.460000000000015,30.25,good,16.78,128.50000000000003,1.2,warn,-0.10599999999999986,3.3679999999999994,,,,,,,,,,-2.16,-1.667,-1.273,-1.552,,
WY,Weyerhaeuser,Real Estate,19.719999313354492,14.235887224309922,2.0776251057078112,2.7088142841100504,2.925384165838139,2.7071734317363547,2.9911990797352352,10.0,-28.979409611572848,-23.301308698230272,-1.9408807935131251,1.6713091922005572,1.5329924610924626,4.262988098926245,144,0,0,2016-03-31,22.18052492407885,126.0,,-27.23247485847051,-2.6151222285389464,,,3.7361355786913464e-06,1.0326098852167398,agrees,31.0,11.0,29.07236,REIT - Specialty,"Weyerhaeuser Company, one of the world's largest private owners of timberlands, began operations in 1900 and today owns or controls more than 10 million acres of timberlands in the U.S., as well as additional public timberlands managed under long-term licenses in Canada.",4.3,57.2,1.82,1.79,5.83,4.63,0.62,,,0.47,,-12.391131748561401,-27.049137707507963,False,30.3,5.0,,,0.21,-0.5,-1.5,-3.9,9.46,,,,,,,,,,,,0.9299999999999999,good,0.296,1.937,,,,,0.825,good,0.135,2.58,,,,,,,,,7.3,bad,2.22,18.460000000000015,30.25,warn,16.78,128.50000000000003,1.2,bad,-0.10599999999999986,3.3679999999999994,,,,,,,,,,-1.397,-0.783,-0.73,-0.703,,
SYK,Stryker Corporation,Health Care,275.30999755859375,106.32472105712891,4.115211559280447,5.840944687743716,5.49070218611176,5.744615184973402,5.472985003446591,10.0,-25.051269950690347,-29.545445483920474,-1.9367661427856524,2.30799840827696,3.228792663262564,7.101519057905373,144,0,0,,,,,-29.10776424395681,8.47678226551347,,,-2.7247744727176837e-06,-0.5648059371173519,agrees,369.0,25.0,16.674004,Medical Devices,"Stryker Corporation operates as a medical technology company in the United States and internationally. It operates through two segments, MedSurg and Neurotechnology, and Orthopaedics.",1.26,34.0,2.16,1.48,14.94,11.47,0.62,0.44,65.0,3.73,14.4,11.237334554755773,12.353743640244709,False,28.5,15.5,9.915999931079146,9.724761282938243,4.7,-0.1,0.6,1.0,23.99,25.84,18.2,,,,,,,,,,1.54,good,0.87,3.2350000000000008,0.43,warn,-0.10799999999999998,0.8800000000000001,0.685,good,0.109,2.5710000000000015,13.8,good,0.76,27.66,60.3,good,12.2,77.8,13.6,good,3.35,71.78,26.0,warn,15.0,54.30000000000002,2.2199999999999998,good,0.557,12.114000000000004,82.0,80.0,73.0,87.0,95.0,18% FCF margin; sales +10%/yr,strength,83.0,,-1.206,-0.189,-0.335,0.851,77.0,61.0
TSCO,Tractor Supply,Consumer Discretionary,32.06999969482422,16.882160959350585,1.0718339651784,1.8385003707703262,1.6639555139190363,1.7906098366032208,1.634120892937561,10.0,-35.58517903799244,-41.70063916118196,-1.9228322254320172,6.00875447672105,0.9444638110723604,2.2486096842609564,144,0,0,,,,,-43.608229831503046,3.975764660387515,,,2.6411484999044887e-06,2.8273079227699283,agrees,35.48148,27.0,15.384615,Specialty Retail,Tractor Supply Company operates as a rural lifestyle retailer in the United States.,3.05,10.6,1.33,1.52,2.15,1.91,0.82,0.12,36.5,1.1,7.0,18.522878916501572,16.451453326333485,False,15.3,41.8,2.6315678304952073,5.802523812290694,0.31,-1.3,-4.6,-9.4,2.63,15.75,2.0,,,"trailing profit of $1.88B against $1.10B in the year to 2025-12-27, only 182 days earlier",2025-12-27,True,,,,,1.11,good,0.536,2.038,0.16,good,-0.15,1.18,0.82,good,0.11600000000000002,7.960000000000002,11.0,warn,1.2,21.85,42.5,warn,11.48,74.61999999999999,37.7,good,2.9200000000000004,173.7700000000001,19.299999999999997,good,12.57,41.30000000000001,1.6549999999999998,bad,0.665,7.38,70.0,67.0,76.0,86.0,40.0,net debt 6x FCF,concern,77.0,,-2.055,-1.711,-2.132,0.889,77.0,75.0
AOS,A. O. Smith,Industrials,58.380001068115234,8.086300525486225,2.1252333899672067,2.7955096268494595,2.9643041664608685,2.813246329333108,2.984671623287742,10.0,-28.30582589962224,-23.97688888081757,-1.8726363615681934,3.304347826086956,1.9357782840745814,4.10790285374345,144,10,0,,,,,-27.45122273130951,0.3878423302200451,,,-2.5230623035277233e-06,2.547552547134191,agrees,69.90909,11.0,14.198629,Specialty Industrial Machinery,"A. O. Smith Corporation manufactures and markets residential and commercial gas and electric water heaters, boilers, heat pumps, tanks, and water treatment products in North America, China, Europe, and India.",2.48,19.7,1.59,1.68,0.64,0.44,0.35,0.11,38.6,0.5,13.1,22.27890481139585,2.5417694541198577,False,16.2,27.1,0.5974005024809159,3.373798890655366,0.64,-3.4,-8.7,-14.6,1.84,3.8,16.8,,,,,,,,,,1.24,good,0.808,2.3180000000000023,0.29,good,0.0,0.84,0.72,good,0.262,2.2539999999999987,12.0,good,4.069999999999999,20.65,37.95,good,15.22,61.14000000000001,23.299999999999997,good,9.15,53.05,27.0,good,15.52,48.68000000000001,1.7,bad,0.634,5.627999999999998,87.0,89.0,85.0,82.0,93.0,17% FCF margin; buying back stock,strength,85.0,,-1.848,-1.507,-1.296,-0.374,85.0,82.0
LVS,Las Vegas Sands,Consumer Discretionary,38.779998779296875,25.71113919067383,1.8741263350589568,3.8127054794520547,4.010334732913459,5.031442667455266,5.170370125827601,10.0,-53.26758338455636,-50.84523719025111,-1.8525618538402941,0.03979307600477517,1.8678439399123634,17.34805443177639,144,0,0,,,,,-44.19341088027503,18.114507102884204,,,-4.6650630025624196e-07,3.590789139274131,agrees,59.06842,19.0,10.914891,Resorts & Casinos,"Las Vegas Sands Corp., together with its subsidiaries, owns, develops, and operates integrated resorts in Macao and Singapore. It owns and operates The Venetian Macao Resort Hotel, The Londoner Macao, The Parisian Macao, The Plaza Macao and Four Seasons Hotel Macao, and The Sands Macao in Macao, the People's Republic of China; and Marina Bay Sands in Singapore.",3.13,52.3,1.0,1.5,13.69,10.19,15.27,0.74,,1.95,14.2,,,True,13.2,217.4,26.451004882116113,29.074338974679883,2.7,-5.8,-13.6,-13.2,0.9,13.72,19.7,,,,,,,,,,1.11,warn,0.536,2.038,0.16,bad,-0.15,1.18,0.82,bad,0.11600000000000002,7.960000000000002,11.0,good,1.2,21.85,,,,,37.7,good,2.9200000000000004,173.7700000000001,19.299999999999997,good,12.57,41.30000000000001,1.6549999999999998,good,0.665,7.38,73.0,47.0,79.0,85.0,97.0,20% FCF margin; sales +26%/yr; buying back stock,strength,78.0,,-1.713,-1.468,-1.417,-0.579,76.0,74.0
AMT,American Tower,Real Estate,168.0,78.385104,7.16401809623909,9.419721077760661,9.762990089092,9.703101537857453,10.561995167291565,10.0,-26.620655855798635,-23.9466005723581,-1.8499185466535035,0.4377238360525269,6.990929134047489,15.983581775439903,144,0,0,,,,,-13.646877409406333,6.646457951577056,,,-3.8020379622416556e-06,0.5215350659480977,agrees,215.73914,23.0,23.872904,REIT - Specialty,"American Tower Corporation one of the largest global REITs, is a leading independent owner, operator and developer of multitenant communications real estate with a portfolio of over 148,000 communications sites and a highly interconnected footprint of U.S. data center facilities. American Tower Corporation was incorporated in 1995 in Delaware and is based in Massachusetts, Boston.",4.28,28.4,0.35,0.56,37.19,35.28,3.63,,,3.52,,58.67825907421269,9.58373525811047,False,22.3,34.3,,,3.96,-0.5,-0.1,3.1,10.25,,,,,,,,,,,,0.9299999999999999,bad,0.296,1.937,,,,,0.825,bad,0.135,2.58,,,,,,,,,7.3,good,2.22,18.460000000000015,30.25,good,16.78,128.50000000000003,1.2,good,-0.10599999999999986,3.3679999999999994,,,,,,,,,,-1.675,-1.625,-1.964,-0.733,,
ALGN,Align Technology,Health Care,145.0,10.386205,2.509028798424556,4.500000338339495,7.656049135304003,5.309141835266048,8.782379177420413,10.0,-67.2281518302334,-44.24380867157023,-1.827826456956358,1.9498607242339834,2.3017627614191074,21.492690433052,144,0,0,,,,,-26.585995645790085,4.407029657470907,,,-7.730342366230047e-07,1.5224732138916064,agrees,206.35715,14.0,11.5159445,Medical Instruments & Supplies,"Align Technology, Inc. provides Invisalign clear aligners, Vivera retainers, and iTero intraoral scanners and services in the United States, Switzerland, and internationally.",,42.3,1.4,1.27,,,,,68.0,0.41,10.0,9.604083729833723,-9.951120287369076,False,25.3,9.7,3.46629951082269,3.5667371622608357,0.63,-2.0,-6.9,-10.2,4.23,4.14,15.2,,,,,,,,,,1.54,warn,0.87,3.2350000000000008,,,,,,,,,13.8,warn,0.76,27.66,60.3,good,12.2,77.8,13.6,warn,3.35,71.78,26.0,good,15.0,54.30000000000002,2.2199999999999998,bad,0.557,12.114000000000004,76.0,74.0,67.0,79.0,92.0,15% FCF margin,strength,79.0,,-1.926,-1.797,-1.654,-2.088,80.0,79.0
CI,Cigna,Health Care,271.8299865722656,71.7603981552124,0.2541252564087385,0.4439971025790165,0.46713421305845826,0.4127134015356392,0.49998972206375414,9.6,-45.59909137356705,-42.76420838500567,-1.7898108434927538,0.29732408325074333,0.24573198771248558,1.3350458195272354,115,19,0,2019-04-01,53.4714756718953,90.0,"the share count moved +53% in one step on 2019-04-01, which no split explains -- the multiples either side of it are measuring different companies",-12.594859623065712,7.76992859405472,,,-2.946363353295567e-06,-1.3397109335128055,agrees,341.83334,24.0,8.235595,Healthcare Plans,"The Cigna Group, together with its subsidiaries, provides insurance and related products and services in the United States. It operates through two segments: Evernorth Health Services and Cigna Healthcare.",2.27,25.8,0.85,0.73,31.88,24.56,0.74,0.09,20.6,6.23,2.2,-2.9514338070725787,-5.317568417886531,False,11.5,14.5,14.90025806397368,11.109348215572123,9.23,-2.4,-11.4,-24.2,42.91,282.38,3.3,,,,,,,,,,1.54,bad,0.87,3.2350000000000008,0.43,good,-0.10799999999999998,0.8800000000000001,0.685,warn,0.109,2.5710000000000015,13.8,bad,0.76,27.66,60.3,bad,12.2,77.8,13.6,good,3.35,71.78,26.0,good,15.0,54.30000000000002,2.2199999999999998,good,0.557,12.114000000000004,64.0,70.0,58.0,61.0,69.0,margins compressing,concern,72.0,,-1.614,-1.58,-1.571,-1.313,71.0,71.0
MGM,MGM Resorts,Consumer Discretionary,31.860000610351562,8.230298377670287,0.4633800779052899,0.8857952415815901,1.246539489263711,1.06935699369016,1.4218272897467015,10.0,-62.82668283706015,-47.68767586988576,-1.7880618155225578,0.5173099880620772,0.2920527979316063,4.795509478579385,144,0,0,,,,,-37.1473651403599,3.194289542921269,,,1.1710761027572403e-06,2.056775878313566,agrees,49.33158,19.0,15.256165,Resorts & Casinos,"MGM Resorts International, through its subsidiaries, operates as a gaming and entertainment company in the United States, China, and internationally. It operates through four segments: Las Vegas Strip Resorts, Regional Operations, MGM China, and MGM Digital.",,54.8,1.33,1.78,6.74,4.11,2.0,0.23,,0.21,1.2,4.355887259606339,,False,39.2,6.2,6.210391445271468,22.139523944023985,1.49,-8.5,-30.5,-47.8,3.37,17.76,8.4,,,"trailing profit of $0.43B against $0.21B in the year to 2025-12-31, only 181 days earlier",2025-12-31,True,,,,,1.11,good,0.536,2.038,0.16,warn,-0.15,1.18,0.82,warn,0.11600000000000002,7.960000000000002,11.0,bad,1.2,21.85,,,,,37.7,bad,2.9200000000000004,173.7700000000001,19.299999999999997,bad,12.57,41.30000000000001,1.6549999999999998,warn,0.665,7.38,62.0,59.0,48.0,72.0,82.0,sales +6%/yr; buying back stock,strength,71.0,,-1.553,-1.377,-1.125,-1.481,69.0,68.0
UHS,Universal Health Services,Health Care,177.47999572753906,10.788831460281372,0.595591333073985,0.77137744992838,0.8925856290859563,0.7655871149663733,0.9160296038849912,10.0,-33.27347946617798,-22.78859939070246,-1.764697130508797,5.809789096697174,0.49017617785654527,1.315919552372371,144,0,0,,,,,-27.31591623902897,10.049655883844055,,,4.018882937550927e-06,4.170327927233863,agrees,194.35294,17.0,7.3222666,Medical Care Facilities,"Universal Health Services, Inc., through its subsidiaries, owns and operates acute care hospitals, and outpatient and behavioral health care facilities in the United States. It operates through Acute Care Hospital Services and Behavioral Health Care Services segments.",0.46,9.5,1.12,1.38,5.67,5.4,0.75,0.3,,1.53,8.4,30.15063558744537,7.078549724231276,False,7.1,20.2,9.493252666699936,8.209234723591807,0.85,-7.2,-14.6,-29.1,7.58,18.11,4.7,,,,,,,,,,1.54,bad,0.87,3.2350000000000008,0.43,good,-0.10799999999999998,0.8800000000000001,0.685,warn,0.109,2.5710000000000015,13.8,warn,0.76,27.66,,,,,13.6,good,3.35,71.78,26.0,good,15.0,54.30000000000002,2.2199999999999998,bad,0.557,12.114000000000004,73.0,60.0,75.0,97.0,57.0,net debt 6x FCF,concern,77.0,,-1.825,-1.89,-2.345,-0.687,77.0,78.0
CMG,Chipotle Mexican Grill,Consumer Discretionary,31.850000381469727,41.101215192272186,3.3082753128318236,5.789864556547244,5.558381976010426,5.806634152045456,5.539219816348913,9.6,-40.48132483319606,-42.86092048404158,-1.7306834179863078,3.8005923000987165,2.356292065561727,9.278301689273906,115,18,0,,,,,-24.811141686804227,7.30921754308258,,,1.2234622648321647e-06,1.883148250009281,agrees,43.91935,31.0,23.248013,Restaurants,"Chipotle Mexican Grill, Inc., together with its subsidiaries, owns and operates Chipotle Mexican Grill restaurants. The company sells food and beverages, such as burritos, burrito bowls, quesadillas, tacos, and salads, as well as kids' meals, chips, and sides. It also offers Mexican-inspired meals using responsibly sourced meats, such as chicken, beef, and pork under the Responsibly Raised brand.",,37.9,0.72,1.53,,,,,,1.42,11.4,8.399423814048944,19.34689446586888,False,28.9,64.6,10.194671053480043,12.669243727565416,1.57,-4.8,-7.1,-9.6,2.2,12.42,12.6,,,,,,,,,,1.11,bad,0.536,2.038,,,,,,,,,11.0,good,1.2,21.85,,,,,37.7,good,2.9200000000000004,173.7700000000001,19.299999999999997,bad,12.57,41.30000000000001,1.6549999999999998,warn,0.665,7.38,66.0,25.0,85.0,82.0,86.0,sales +10%/yr; buying back stock,strength,73.0,,-0.931,-0.548,-0.795,-0.067,66.0,61.0
WDAY,"Workday, Inc.",Information Technology,188.60000610351562,47.19488832733154,4.647453306482673,7.983397626095193,8.653690339398853,8.17923822348147,9.250150525615629,6.7,-46.29512815678684,-41.78602239112301,-1.7024756024062369,8.009563658099223,2.9173474243961843,16.404164485715718,80,0,0,,,,,-23.856430980856867,13.349704208058943,,,1.8906942678142968e-06,3.5203299105036168,agrees,208.68184,38.0,14.295344,Software - Application,"Workday, Inc. provides enterprise cloud applications in the United States and internationally.",,10.6,0.91,2.0,3.99,0.58,0.62,0.06,,0.69,6.8,,,True,68.4,10.7,14.770696074939128,16.7952963745861,2.84,-7.4,-5.4,-3.8,6.46,10.15,28.0,,,"trailing profit of $1.25B against $0.69B in the year to 2026-01-31, only 181 days earlier",2026-01-31,True,,True,,,1.53,bad,0.79,3.3979999999999997,0.09,good,-0.29799999999999993,0.782,0.44999999999999996,warn,0.055,1.72,17.75,bad,3.92,38.12,,,,,20.5,warn,4.800000000000001,76.72,40.349999999999994,bad,13.68,156.26,2.6950000000000003,good,0.716,12.751,80.0,82.0,65.0,85.0,99.0,28% FCF margin; sales +15%/yr; buying back stock,strength,80.0,,-1.655,-1.48,-2.751,-0.423,80.0,78.0
GPN,Global Payments,Financials,84.69999694824219,23.00146997125244,2.248231509575578,3.352493242778844,4.114355206409073,3.43220810912715,4.776866743512066,10.0,-45.35640709695093,-32.93852226493844,-1.657637542883221,2.2284122562674096,1.9222262563978048,10.911138020026351,144,0,0,2020-03-31,51.07314672532064,78.0,"the share count moved +51% in one step on 2020-03-31, which no split explains -- the multiples either side of it are measuring different companies",-10.68227676026343,32.51702134135876,,,0.23681789423652955,4.311981072771198,agrees,105.0,30.0,5.204765,Specialty Business Services,"Global Payments Inc. provides payment technology and software solutions for card, check, and digital-based payments in the Americas, Europe, and the Asia-Pacific. It offers authorization, settlement and funding, customer support, chargeback resolution, reconciliation and dispute management, terminal rental, sales and deployment, payment security, and consolidated billing and reporting services.",1.2,24.0,0.82,1.09,23.35,17.65,0.98,,,1.4,,,,False,16.4,5.9,,,0.82,10.7,3.5,-8.5,23.76,,,,,"trailing profit of $-0.93B against $1.40B in the year to 2025-12-31, only 181 days earlier",2025-12-31,,,,,,1.0550000000000002,bad,0.7220000000000001,1.537,,,,,0.64,warn,0.08400000000000002,1.8500000000000019,,,,,,,,,16.549999999999997,bad,6.63,33.89,14.5,warn,8.940000000000001,29.16,2.895,bad,0.5220000000000001,15.452000000000002,,,,,,,,,,-1.416,-1.238,-1.464,-1.009,,
BAX,Baxter International,Health Care,23.489999771118164,12.16781988143921,1.0608386993408203,1.5647945721824352,2.87567056635934,1.764897847116523,2.6108827376628714,10.0,-63.10986690370919,-32.20588068239159,-1.6567046176741318,7.913961038961038,0.7208644610458912,4.275324766766414,144,2,0,,,,,-17.142857950200487,5.35501056305685,,,-1.1159546509098561e-06,0.23687604131252815,agrees,28.72727,11.0,11.53015,Medical Instruments & Supplies,"Baxter International Inc., through its subsidiaries, provides a portfolio of healthcare products in the United States. The company operates through three segments: Medical Products & Therapies, Healthcare Systems & Technologies, and Pharmaceuticals.",0.17,22.3,1.95,1.94,9.47,6.09,1.53,0.53,30.1,-1.06,-9.3,,,False,,-17.1,-7.671426366418443,-1.2217453923441535,0.81,0.8,2.4,1.6,6.21,11.47,7.1,,,,,,,,,,1.54,good,0.87,3.2350000000000008,0.43,warn,-0.10799999999999998,0.8800000000000001,0.685,bad,0.109,2.5710000000000015,13.8,bad,0.76,27.66,60.3,bad,12.2,77.8,13.6,bad,3.35,71.78,,,,,2.2199999999999998,bad,0.557,12.114000000000004,33.0,47.0,18.0,15.0,66.0,net debt 8x FCF; sales -8%/yr,concern,51.0,,-1.747,-1.46,-1.877,-1.742,52.0,50.0
NOW,ServiceNow,Information Technology,131.4499969482422,136.3407255346985,9.254732930674619,15.540394096058533,16.088392588821904,15.366333706596373,16.148390599789952,10.0,-42.47571421706393,-40.44724430108326,-1.648074599363353,9.55033824114604,6.315284063037249,28.520731083797337,144,0,0,2017-03-31,24.610536425625163,114.0,,-30.544549267010012,22.186281827983745,,,-1.7377137950802535e-06,1.4892738276056638,agrees,144.99261,46.0,25.959394,Software - Application,"ServiceNow, Inc. provides cloud-based solution for digital workflows in the North America, Brazil, Europe, the Middle East and Africa, Asia Pacific, and internationally.",,10.3,0.7,1.08,7.52,3.96,0.6,0.27,74.8,1.67,11.3,5.454123234486374,57.669036142580985,False,81.6,13.3,22.47943760994073,23.296254802916174,4.58,-0.9,1.0,2.5,12.52,14.73,31.1,,,,,,,,,,1.53,bad,0.79,3.3979999999999997,0.09,warn,-0.29799999999999993,0.782,0.44999999999999996,warn,0.055,1.72,17.75,warn,3.92,38.12,55.5,good,27.770000000000003,80.71000000000001,20.5,warn,4.800000000000001,76.72,40.349999999999994,bad,13.68,156.26,2.6950000000000003,good,0.716,12.751,78.0,76.0,70.0,75.0,100.0,margins compressing,concern,79.0,,-1.321,-1.164,-2.182,0.307,76.0,74.0
WYNN,Wynn Resorts,Consumer Discretionary,80.5199966430664,8.324962452926636,1.122957668409222,1.7679720181902852,2.0487264436785466,1.965543592188899,2.3873082096295857,10.0,-45.187525065917555,-36.4832895059791,-1.6463720306367136,1.193792280143255,0.6961769442569231,8.013203025078946,144,0,0,,,,,-39.61302186660687,6.357116766906046,,,-2.050334313441482e-06,3.3431788167155974,agrees,132.005,20.0,15.1833935,Resorts & Casinos,"Wynn Resorts, Limited designs, develops, and operates integrated resorts. It operates in four segments: Wynn Palace, Wynn Macau, Las Vegas Operations, and Encore Boston Harbor.",1.28,63.9,0.91,2.66,12.15,10.43,,1.41,,0.58,7.9,,,True,14.4,,14.685793699482574,21.648073637997456,0.79,-1.3,-8.7,-9.7,0.1,7.41,10.7,,True,,,,,,,,1.11,warn,0.536,2.038,0.16,bad,-0.15,1.18,,,,,11.0,warn,1.2,21.85,,,,,,,,,19.299999999999997,good,12.57,41.30000000000001,1.6549999999999998,bad,0.665,7.38,59.0,15.0,66.0,85.0,86.0,net debt 13x FCF,concern,68.0,,-1.651,-1.299,-1.206,-0.306,68.0,66.0
PYPL,PayPal,Financials,54.279998779296875,49.937598876953125,1.4803343474522181,2.4110558499796166,4.788519175436522,3.1222815015440877,5.793386175200714,10.0,-69.08575922498481,-38.602237378087565,-1.6370628041053898,5.053720652606446,1.109978063674631,16.92014962244803,135,7,0,,,,,-28.700907947856457,5.785694126501295,,,-1.1544742962430132,8.322659785195864,agrees,56.91719,32.0,9.314956,Credit Services,"PayPal Holdings, Inc. operates a technology platform that enables digital payments for merchants and consumers worldwide.",1.04,4.9,1.26,1.3,12.87,-11.93,0.64,,,5.06,,23.20030883984241,-0.6056467445654801,False,9.9,25.3,,,5.5,-6.9,-18.1,-22.6,20.02,,,,,,,,,,,,1.0550000000000002,good,0.7220000000000001,1.537,,,,,0.64,good,0.08400000000000002,1.8500000000000019,,,,,,,,,16.549999999999997,good,6.63,33.89,14.5,good,8.940000000000001,29.16,2.895,good,0.5220000000000001,15.452000000000002,,,,,,,,,,-1.782,-1.752,-2.083,-1.232,,
AON,Aon plc,Financials,272.1000061035156,58.39266130981445,3.3221062359796583,4.9632400056505155,4.454913162206444,4.930659194209702,4.4584243692263,10.0,-25.42826055145204,-33.06577493335947,-1.6333601698996878,7.321925984878631,2.774873183243089,6.216300994813366,144,0,0,,,,,-28.63137855964024,4.924785100286533,,,-5.461682583973726e-06,-0.22682108817120294,agrees,383.8421,19.0,13.602886,Insurance Brokers,"Aon plc operates as a professional services firm in the United States, rest of the Americas, the United Kingdom, Ireland, rest of Europe, the Middle East, Africa, and the Asia Pacific. It operates through Risk Capital and Human Capital segments.",1.19,41.1,1.03,1.02,14.97,13.7,1.55,,,3.91,,13.523675456766227,13.710490687034138,False,14.9,40.4,,,3.25,-1.4,3.8,-5.9,9.69,,,,,,,,,,,,1.0550000000000002,warn,0.7220000000000001,1.537,,,,,0.64,bad,0.08400000000000002,1.8500000000000019,,,,,,,,,16.549999999999997,good,6.63,33.89,14.5,warn,8.940000000000001,29.16,2.895,good,0.5220000000000001,15.452000000000002,,,,,,,,,,-0.429,0.311,0.075,0.547,,
KDP,Keurig Dr Pepper,Consumer Staples,31.459999084472656,42.92716875076294,2.136743093616871,3.094976904828356,3.5951132815965767,3.1971467595635907,3.581942488501093,8.9,-40.565347285303034,-30.960935757439124,-1.6266572175138974,2.6511627906976742,0.9750213929165675,9.0212902305681,107,4,0,2018-10-01,658.4759801214799,96.0,"share count jumps +29% in one day on 2019-04-01 with no split or corporate action to explain it; the share count moved +658% in one step on 2018-10-01, which no split explains -- the multiples either side of it are measuring different companies",-6.08955497172341,27.482708293673454,,,3.1856646209860173e-06,1.659479145074516,agrees,36.20588,17.0,12.242177,Beverages - Non-Alcoholic,"Keurig Dr Pepper Inc. owns, manufactures, and distributors beverages and single serve brewing systems in the United States and internationally. The company operates through three segments: U.S.",2.96,15.1,0.48,0.39,29.98,28.43,1.03,1.41,49.4,1.43,7.1,-3.8017162350342804,-2.7918342040681443,False,30.0,4.9,11.307900315628338,10.5225983887135,1.97,0.1,-3.4,-4.5,29.23,20.09,9.8,,,,,,,,,,1.025,bad,0.6660000000000001,1.4750000000000005,0.30000000000000004,bad,0.038000000000000006,0.7500000000000002,0.76,warn,0.348,3.822000000000001,6.85,good,0.48000000000000076,23.350000000000005,37.599999999999994,good,12.760000000000002,61.830000000000005,18.65,warn,1.450000000000001,77.58000000000003,29.2,warn,15.52,39.06,1.9949999999999999,warn,0.9150000000000001,12.576,51.0,24.0,53.0,59.0,85.0,net debt 14x FCF; margins compressing,concern,63.0,,-1.596,-1.439,-0.848,-1.411,63.0,62.0
ELV,Elevance Health,Health Care,394.5899963378906,86.45466819763183,0.42988105292861145,0.6751019487203345,0.6815778246310307,0.6269691030834565,0.651658210262241,10.0,-36.92854471001521,-36.323535468464094,-1.6262050772977052,10.704337445284521,0.31665639171374765,0.9178640065205317,144,0,0,,,,,-7.544694969917143,6.288084982691644,,,-0.0004938572319646006,1.5070739047051696,agrees,451.38095,21.0,13.295053,Healthcare Plans,"Elevance Health, Inc., together with its subsidiaries, operates as a health benefits company in the United States. The company operates in four segments: Health Benefits, CarelonRx, Carelon Services, and Corporate & Other.",1.75,14.4,1.52,1.41,31.42,21.19,0.7,0.11,89.1,4.96,2.5,-7.690534869900212,3.243364187327713,False,17.4,11.0,6.665097602430614,9.251821509363056,6.29,-3.3,-8.2,-11.6,45.02,201.11,3.1,,,,,,,,,,1.54,warn,0.87,3.2350000000000008,0.43,good,-0.10799999999999998,0.8800000000000001,0.685,warn,0.109,2.5710000000000015,13.8,bad,0.76,27.66,60.3,good,12.2,77.8,13.6,warn,3.35,71.78,26.0,good,15.0,54.30000000000002,2.2199999999999998,good,0.557,12.114000000000004,60.0,73.0,56.0,46.0,68.0,margins compressing,concern,69.0,,-1.301,-1.455,-1.522,-1.951,66.0,67.0
TSN,Tyson Foods,Consumer Staples,50.95000076293945,18.087250270843505,0.32476119996487063,0.3953544885493296,0.5469083996338802,0.43054906106507046,0.5320261867353607,10.0,-40.61872149298177,-17.855694226082075,-1.6178511938656228,2.6661360923199364,0.2408162192603717,0.8246009152215801,144,0,0,2023-10-02,-19.999999999999996,36.0,,-25.89090798117898,2.858936948251034,,,-2.2982726832765366e-07,0.8498010825584323,agrees,64.25,12.0,12.349985,Farm Products,"Tyson Foods, Inc., together with its subsidiaries, operates as a food company worldwide. It operates through four segments: Beef, Pork, Chicken, and Prepared Foods.",4.0,26.1,1.43,1.34,8.01,7.27,0.44,0.13,6.1,0.57,1.0,-25.77127121048346,-22.11914545084944,False,31.7,3.1,1.1756897675739841,4.955626168463789,1.16,-0.6,0.0,-3.0,18.18,55.69,2.1,,,,,,,,,,1.025,good,0.6660000000000001,1.4750000000000005,0.30000000000000004,good,0.038000000000000006,0.7500000000000002,0.76,good,0.348,3.822000000000001,6.85,bad,0.48000000000000076,23.350000000000005,37.599999999999994,bad,12.760000000000002,61.830000000000005,18.65,bad,1.450000000000001,77.58000000000003,29.2,warn,15.52,39.06,1.9949999999999999,bad,0.9150000000000001,12.576,46.0,57.0,41.0,27.0,65.0,net debt 6x FCF; margins compressing,concern,60.0,,-1.584,-1.353,-1.234,-1.31,60.0,58.0
CPT,Camden Property Trust,Real Estate,98.4000015258789,10.196601758117676,6.502159345867346,7.981434792754344,8.836323133793957,9.033610693293666,9.384994125692272,10.0,-26.41555489295938,-18.53395392304532,-1.6155526224333194,1.1142061281337048,5.9618391491091245,16.715245191061808,144,0,0,,,,,-16.312296712128838,0.4845494593512134,,,-0.8648655717950593,-10.517105614419176,agrees,115.42045,22.0,90.33027,REIT - Residential,"Camden Property Trust, an S&P 500 Company, is a real estate company primarily engaged in the ownership, management, development, redevelopment, acquisition, and construction of multifamily apartment communities. Camden owns and operates 173 properties containing 58,811 apartment homes across the United States.",4.31,17.3,,,4.85,4.69,1.25,,,0.33,,16.07373447415008,21.020811511341652,False,30.9,8.5,,,0.81,-5.3,-5.3,2.8,3.88,,,,,,,,,,,,,,,,,,,,0.825,bad,0.135,2.58,,,,,,,,,7.3,good,2.22,18.460000000000015,30.25,warn,16.78,128.50000000000003,1.2,warn,-0.10599999999999986,3.3679999999999994,,,,,,,,,,-1.639,-1.268,-0.906,-0.938,,
CPRT,Copart,Industrials,27.219999313354492,26.273151637239454,5.663700131355233,10.412609118988598,9.304498015691125,10.309625742931836,9.453193095588706,10.0,-39.129439097047936,-45.60729144219175,-1.603600763333357,10.027855153203342,4.758752163499991,14.811986295143292,144,0,0,,,,,-40.51573576627078,1.0457082115333582,,,-0.585952522902633,4.504842155643329,agrees,39.0,10.0,15.503078,Specialty Business Services,"Copart, Inc. provides online auctions and vehicle remarketing services in the United States, the United Kingdom, Germany, Brazil, Canada, the United Arab Emirates, Spain, Finland, Oman, the Republic of Ireland, and Bahrain. It offers a range of services to process and sell vehicles over the internet through its virtual bidding third generation internet auction-style sales technology.",,43.3,7.61,6.62,0.08,-3.28,0.01,-0.71,21.7,1.55,33.5,10.41707374761267,12.920590338016913,False,17.0,17.7,7.295507695587955,13.44011768361202,1.34,-1.3,-0.2,0.4,8.77,4.64,28.9,,,,,,,,True,,1.24,good,0.808,2.3180000000000023,0.29,good,0.0,0.84,0.72,good,0.262,2.2539999999999987,12.0,good,4.069999999999999,20.65,37.95,bad,15.22,61.14000000000001,23.299999999999997,warn,9.15,53.05,27.0,good,15.52,48.68000000000001,1.7,warn,0.634,5.627999999999998,92.0,100.0,89.0,84.0,92.0,net cash; 29% FCF margin; sales +7%/yr,strength,85.0,,-0.722,-0.386,-0.786,0.425,75.0,69.0
CCI,Crown Castle,Real Estate,67.0999984741211,29.2555993347168,7.030905872318384,9.585771018166456,9.871589449541284,10.093024373648142,10.234197295750008,10.0,-28.77635452470019,-26.65268282547355,-1.6003030383469485,6.128133704735376,5.213462937062937,17.121820809248554,144,0,0,,,,,-32.13310561937788,-4.564220183486234,,,1.5380918316765246e-06,-0.1842065010014382,agrees,94.44762,21.0,23.128065,REIT - Specialty,"Crown Castle owns, operates and leases approximately 40,000 cell towers across the U.S. This nationwide portfolio serves as the foundation of wireless connectivity that provides cities and communities access to essential data, technology and wireless service  bringing information, ideas, innovations and the connectivity of modern life to help people and businesses thrive. Crown Castle Inc.",6.34,40.8,0.52,0.44,18.24,16.98,3.44,,,0.44,,-25.26501024723924,-7.763654000344422,False,66.5,8.3,,,2.41,-0.2,0.5,0.5,5.3,,,,,"trailing profit of $0.86B against $0.44B in the year to 2025-12-31, only 181 days earlier",2025-12-31,,,,,,0.9299999999999999,warn,0.296,1.937,,,,,0.825,bad,0.135,2.58,,,,,,,,,7.3,good,2.22,18.460000000000015,30.25,bad,16.78,128.50000000000003,1.2,good,-0.10599999999999986,3.3679999999999994,,,,,,,,,,-1.034,-0.856,-0.937,-0.032,,
BALL,Ball Corporation,Materials,57.130001068115234,15.269192515476227,1.0658378134494086,1.4326997611442855,1.5496526477807322,1.500853425984572,1.6640316506272697,10.0,-31.220856817442154,-25.60633830230189,-1.5983295719677877,2.2284122562674096,1.0111558081846521,2.870906256883994,144,0,0,2016-09-30,22.36154434092834,120.0,,-15.687719793218369,15.560216181334185,,,2.680441224534036e-06,1.825532630756732,agrees,72.57143,14.0,12.525511,Packaging & Containers,"Ball Corporation supplies aluminum packaging products for the beverage, personal care, and household products industries in the United States, Brazil, and internationally. The company manufactures and sells aluminum beverage containers to fillers of carbonated soft drinks, beer, energy drinks, and other beverages.",1.41,27.0,1.07,0.81,7.22,6.72,1.25,0.47,13.9,0.95,6.6,5.72508412715198,1.777161490357937,False,16.1,16.5,10.559588554206666,2.312094210898752,0.83,-5.0,-15.7,-19.9,5.77,14.33,5.8,,,,,,,,,,1.64,bad,1.072,2.87,0.39,warn,0.116,0.574,0.59,bad,0.20800000000000002,1.298,7.3,warn,-6.159999999999999,19.96,24.55,bad,11.040000000000001,43.940000000000005,13.1,good,-4.5,27.26,22.6,good,13.94,34.28,1.12,warn,-0.08599999999999988,2.950000000000001,64.0,45.0,69.0,77.0,69.0,net debt 8x FCF; margins compressing,concern,71.0,,-1.221,-0.969,-0.872,-1.19,68.0,66.0
CL,Colgate-Palmolive,Consumer Staples,86.5199966430664,69.51016530303956,3.3027732254603985,3.6266942397352984,3.8002276956759715,3.63087886360538,3.817292677121743,10.0,-13.090122751897038,-8.931577708589566,-1.597690891696075,6.406685236768802,3.0324796735831216,4.599608216804851,144,0,0,,,,,-12.729476857911637,5.23526176308815,,,-0.00474670996136739,0.8511015659164567,agrees,98.6,20.0,21.08513,Household & Personal Products,"Colgate-Palmolive Company, together with its subsidiaries, manufactures and sells consumer products in the United States and internationally. It operates through two segments: Oral, Personal and Home Care; and Pet Nutrition.",2.45,14.0,1.03,1.16,8.94,7.46,15.79,0.35,60.4,2.04,9.7,10.81015742505349,-5.682122107530086,False,34.1,360.4,4.061789151427253,4.263845102179897,3.86,-1.3,-3.4,-5.5,0.57,21.05,18.3,,,,,,,,,,1.025,good,0.6660000000000001,1.4750000000000005,0.30000000000000004,warn,0.038000000000000006,0.7500000000000002,0.76,bad,0.348,3.822000000000001,6.85,good,0.48000000000000076,23.350000000000005,37.599999999999994,good,12.760000000000002,61.830000000000005,18.65,good,1.450000000000001,77.58000000000003,29.2,bad,15.52,39.06,1.9949999999999999,good,0.9150000000000001,12.576,74.0,61.0,71.0,82.0,95.0,18% FCF margin,strength,76.0,,-1.672,-1.076,-0.815,-1.861,77.0,72.0
ES,Eversource Energy,Utilities,63.279998779296875,23.85648860291629,1.6945815559568613,1.9611092312354814,2.464582402865556,2.1572664281880027,2.5012636811266358,10.0,-31.242649708665414,-13.59065935917858,-1.5818856796655834,2.9446876243533624,1.4526859501139784,3.781330835672072,144,0,0,,,,,-16.96627899318084,8.761588380716944,,,0.569545737740973,-0.8850560080716829,agrees,73.58333,12.0,12.99713,Utilities - Regulated Electric,"Eversource Energy, a public utility holding company, engages in the energy delivery business. The company operates through Electric Distribution, Electric Transmission, Natural Gas Distribution, and Water Distribution segments. It is involved in the transmission and distribution of electricity; solar power facilities; and distribution of natural gas.",4.93,16.3,0.8,0.56,29.11,27.1,1.78,1.92,,1.46,10.3,7.16657635244502,3.3953103733190826,False,16.3,8.9,3.6726382518323053,8.32399905362382,0.3,2.2,7.8,9.5,16.34,14.08,2.1,,,,,,,,,,0.765,warn,0.52,1.163,2.3,good,1.546,2.748,1.56,warn,1.2600000000000002,2.194,14.2,bad,6.9,18.880000000000006,,,,,9.4,bad,8.06,12.780000000000008,19.4,good,14.590000000000002,24.3,-1.06,good,-3.549,2.2850000000000006,49.0,21.0,61.0,75.0,39.0,net debt 90x FCF,concern,62.0,,-1.298,-1.036,-0.894,-0.821,60.0,58.0
PEG,Public Service Enterprise Group,Utilities,66.7300033569336,33.298271675109866,2.549442743672756,3.2785651963160443,3.1652027635926703,3.4063017904347985,3.219702522738589,10.0,-19.4540465780775,-22.23907133103731,-1.577609568046557,3.5017906884202152,1.9981300588684754,4.89993778515139,144,0,0,,,,,-23.254740245044747,19.4203163573192,,,4.129797229542298,-1.288934390962193,agrees,85.30556,18.0,14.485,Utilities - Regulated Electric,"Public Service Enterprise Group Incorporated, through its subsidiaries, operates in electric and gas utility, and nuclear generation businesses in the United States. It operates through PSE&G and PSEG Power segments.",3.96,27.8,0.88,0.63,24.44,24.06,1.41,1.84,75.6,2.01,15.4,-10.214734762752432,6.3783309866266125,False,16.6,11.6,8.225535671150253,6.256733417214355,0.28,-0.2,-0.2,-1.6,17.33,13.06,2.1,,,,,,,,,,0.765,warn,0.52,1.163,2.3,good,1.546,2.748,1.56,good,1.2600000000000002,2.194,14.2,good,6.9,18.880000000000006,67.6,good,31.29,82.50999999999999,9.4,good,8.06,12.780000000000008,19.4,good,14.590000000000002,24.3,-1.06,good,-3.549,2.2850000000000006,46.0,24.0,73.0,45.0,37.0,net debt 86x FCF; margins compressing,concern,60.0,,-0.658,-0.371,0.241,1.191,52.0,49.0
KMB,Kimberly-Clark,Consumer Staples,98.7699966430664,32.92003988113403,1.9852876541511297,2.2917798353909467,2.3660017402653906,2.367831555369792,2.378354062797726,10.0,-16.09103153371124,-13.373543850364378,-1.5643287651038857,5.531237564663749,1.8414690806139173,3.1043965415214676,144,0,0,,,,,-20.564583687416437,0.7105982386881315,,,2.3157641360072034e-06,-0.005951882947752285,agrees,116.2,15.0,13.232613,Household & Personal Products,"Kimberly-Clark Corporation, together with its subsidiaries, manufactures and markets personal care products in the United States. It operates in two segments, North America and International Personal Care.",5.17,17.6,0.91,0.84,6.52,5.56,3.48,0.34,36.8,1.96,11.8,5.9868801272005,-0.4442086478183005,False,16.8,104.6,-6.590141992016618,-2.669662709657439,1.82,0.0,-1.7,-1.6,1.87,16.58,11.0,,,,,,,,,,1.025,warn,0.6660000000000001,1.4750000000000005,0.30000000000000004,warn,0.038000000000000006,0.7500000000000002,0.76,bad,0.348,3.822000000000001,6.85,good,0.48000000000000076,23.350000000000005,37.599999999999994,warn,12.760000000000002,61.830000000000005,18.65,good,1.450000000000001,77.58000000000003,29.2,good,15.52,39.06,1.9949999999999999,warn,0.9150000000000001,12.576,66.0,58.0,71.0,59.0,80.0,sales -7%/yr,concern,72.0,,-1.67,-0.624,-0.591,0.446,72.0,62.0
MAA,Mid-America Apartment Communities,Real Estate,118.33999633789062,13.815011172485352,6.2410940461796995,8.193776106929866,8.216884208493715,8.776359763831293,8.790953914444362,8.6,-24.045491115375096,-23.8312840779075,-1.526536032146135,0.10934937124111535,6.184136588088824,15.185268719709487,144,57,0,2018-01-02,156.36359536373067,105.0,"the share count moved +156% in one step on 2018-01-02, which no split explains -- the multiples either side of it are measuring different companies",-16.773334033412603,0.7678832861107265,,,-0.2354864301411519,-1.9438802886802442,agrees,141.44,25.0,36.11144,REIT - Residential,"Mid-America Apartment Communities, Inc. an S&P 500 company, is a real estate investment trust (REIT) focused on delivering full-cycle and superior investment performance for shareholders through the ownership, management, acquisition, development and redevelopment of quality apartment communities primarily in the Southeast, Southwest and Mid-Atlantic regions of the United States.",5.17,19.5,,,,,,,,0.39,,-16.21805918046302,7.972222247744054,False,35.4,6.9,,,1.03,-0.4,0.0,1.7,5.69,,,,,,,,,,,,,,,,,,,,,,,,,,,,,,,,7.3,warn,2.22,18.460000000000015,30.25,warn,16.78,128.50000000000003,1.2,warn,-0.10599999999999986,3.3679999999999994,,,,,,,,,,-1.349,-0.944,-0.619,-0.552,,
VRSK,Verisk Analytics,Industrials,167.77000427246094,22.68629114663315,7.312732858406069,13.357761051927717,11.381726245357845,12.608140350134967,11.012153750985874,10.0,-35.75023067007395,-45.25480108546531,-1.5229728168585988,10.54516514126542,6.512931354296544,15.465169092673195,144,0,0,,,,,-33.29489711245639,5.855256423380073,,,-1.0746173469387776,5.038417610697721,agrees,234.76471,17.0,19.077158,Consulting Services,"Verisk Analytics, Inc. engages in the provision of data analytics and technology solutions to the insurance industry in the United States and internationally.",1.21,39.9,1.02,1.18,4.48,3.95,14.45,1.27,70.0,0.91,29.3,21.73227390441386,5.106023473489629,False,24.9,293.7,7.386979193705834,6.114800065562087,1.13,-3.9,-9.3,-17.4,0.31,3.1,36.4,,,,,,,,,,1.24,bad,0.808,2.3180000000000023,0.29,bad,0.0,0.84,0.72,bad,0.262,2.2539999999999987,12.0,good,4.069999999999999,20.65,37.95,good,15.22,61.14000000000001,23.299999999999997,good,9.15,53.05,27.0,good,15.52,48.68000000000001,1.7,warn,0.634,5.627999999999998,80.0,47.0,91.0,94.0,100.0,36% FCF margin; sales +7%/yr; 29% net margin,strength,78.0,,-1.148,-0.734,-0.985,0.527,75.0,70.0
UNH,UnitedHealth Group,Health Care,377.8299865722656,343.06962780761717,0.7621584652568868,1.3533671683584179,1.194149438188183,1.2279348320759962,1.1760595159655918,10.0,-36.17562083240874,-43.68427998875164,-1.5162554469567253,10.027855153203342,0.5272221142309419,1.8111925367788955,144,0,0,,,,,-13.411255512257226,6.459280352302876,,,-0.08811629686571454,1.9389503673684638,agrees,481.72,25.0,16.582788,Healthcare Plans,"UnitedHealth Group Incorporated operates as a health care company in the United States and internationally. It operates through four segments: Optum Health, Optum Insight, Optum Rx; and UnitedHealthcare.",2.48,27.5,0.78,0.8,73.33,41.86,0.7,0.09,88.6,14.12,3.1,-12.535937447138911,-0.5434331907800294,False,24.3,13.5,8.900546134906584,10.59309078998487,23.62,-0.7,-3.6,-5.0,104.51,450.13,5.2,,,,,,,,,,1.54,bad,0.87,3.2350000000000008,0.43,good,-0.10799999999999998,0.8800000000000001,0.685,warn,0.109,2.5710000000000015,13.8,bad,0.76,27.66,60.3,good,12.2,77.8,13.6,warn,3.35,71.78,26.0,good,15.0,54.30000000000002,2.2199999999999998,good,0.557,12.114000000000004,61.0,75.0,56.0,43.0,75.0,margins compressing,concern,68.0,,-1.238,-1.094,-0.888,-1.324,66.0,65.0
PPG,PPG Industries,Materials,107.01000213623047,24.013044479370116,1.489550553896788,1.8383337021158899,1.8764718668317513,1.8455708689864863,1.9141020579081283,10.0,-20.619617046976792,-18.972787574837945,-1.5022572068801199,5.610823716673298,1.1402020335402085,3.0392572185799973,144,0,0,,,,,-18.660685515179033,2.8124999999999956,,,-1.8269300803379518,1.8872841331738943,agrees,126.28571,21.0,12.238056,Specialty Chemicals,"PPG Industries, Inc. manufactures and distributes paints, coatings, and specialty materials in the United States, Canada, the Asia Pacific, Latin America, Europe, the Middle East, and Africa. It operates through three segments: Global Architectural Coatings, Performance Coatings, and Industrial Coatings.",2.79,18.0,1.61,1.48,7.83,6.21,0.95,0.39,41.4,1.58,9.8,7.606900110419201,5.829892907885537,False,15.2,19.1,0.9157655597078262,2.372208903013906,1.23,-1.7,-5.4,-6.4,8.25,16.12,7.6,,,,,,,,,,1.64,warn,1.072,2.87,0.39,good,0.116,0.574,0.59,warn,0.20800000000000002,1.298,7.3,good,-6.159999999999999,19.96,24.55,good,11.040000000000001,43.940000000000005,13.1,good,-4.5,27.26,22.6,good,13.94,34.28,1.12,good,-0.08599999999999988,2.950000000000001,71.0,65.0,75.0,73.0,70.0,,,74.0,,-1.758,-1.187,-0.783,-1.521,76.0,71.0
PSA,Public Storage,Real Estate,284.7900085449219,50.26885398828125,10.278968609330631,11.586498395651486,13.187539744911888,12.65884948038956,13.39839545838322,10.0,-22.055449248624726,-11.284943402845348,-1.4881084743698842,4.61599681655392,9.45796176381421,21.676610504522483,144,0,0,,,,,-13.82273472783555,2.96863034831516,,,-0.40703105197310574,-5.7952530157367015,agrees,336.5,18.0,27.922976,REIT - Industrial,"Public Storage, a member of the S&P 500, is a REIT that primarily acquires, develops, owns, and operates self-storage facilities.",4.2,18.2,,,10.5,10.24,1.13,,,2.04,,-21.808157045012067,6.113305108741751,False,24.6,22.0,,,3.17,0.3,0.2,0.5,9.29,,,,,,,,,,,,,,,,,,,,0.825,warn,0.135,2.58,,,,,,,,,7.3,good,2.22,18.460000000000015,30.25,good,16.78,128.50000000000003,1.2,good,-0.10599999999999986,3.3679999999999994,,,,,,,,,,-1.381,-1.072,-0.951,-1.435,,
EXR,Extra Space Storage,Real Estate,131.67999267578125,29.017392300413512,8.42034235174818,11.036624964286128,10.880168861063302,11.819236363633003,11.583078418522494,10.0,-22.608348645378705,-23.705459060211652,-1.486059622128381,0.6028938906752411,7.779657141244553,21.115057263195983,144,1,0,2023-10-02,36.08881003450315,36.0,"share count jumps +30% in one day on 2024-04-01 with no split or corporate action to explain it; the share count moved +36% in one step on 2023-10-02, which no split explains -- the multiples either side of it are measuring different companies",-13.850184706718183,4.164990334959029,,,-1.851520324793643,-1.5076975274524895,agrees,158.5,20.0,27.741756,REIT - Industrial,"Extra Space Storage Inc., headquartered in Salt Lake City, Utah, is a self-administered and self-managed REIT and a member of the S&P 500. As of June 30, 2026, the Company owned and/or operated 4,410 self-storage stores in 42 states and Washington, D.C. The Company's stores comprise approximately 3.0 million units and approximately 341.0 million square feet of rentable space operating under the Extra Space brand.",4.85,20.4,,,0.56,-0.14,0.04,,,0.96,,5.156881953454517,8.344243136900431,False,30.2,6.8,,,1.54,4.0,53.5,56.9,14.18,,,,,,,,,,,,,,,,,,,,0.825,good,0.135,2.58,,,,,,,,,7.3,warn,2.22,18.460000000000015,30.25,good,16.78,128.50000000000003,1.2,good,-0.10599999999999986,3.3679999999999994,,,,,,,,,,-1.434,-1.236,-1.103,-1.338,,
TROW,T. Rowe Price,Financials,103.80999755859375,22.41257847290039,2.9521309895811894,3.666675575044434,4.048725195391926,3.747227809616467,4.396884110575013,9.6,-27.08492557259332,-19.48753225746146,-1.4768173945820202,4.835680751173709,2.518904646441863,7.376243741344412,144,21,0,,,,,-14.686063807861816,6.97025629464727,,,0.0,0.5335030547411357,agrees,108.83333,12.0,10.1257515,Asset Management,"T. Rowe Price Group, Inc. is a publicly owned investment manager.",4.98,4.8,,,,,,,,2.22,,12.786813776291384,-5.7793652159762505,False,10.1,19.9,,,1.67,-2.5,-4.1,-6.0,11.16,,,,,,,,,,,,,,,,,,,,,,,,,,,,,,,,16.549999999999997,good,6.63,33.89,14.5,good,8.940000000000001,29.16,2.895,warn,0.5220000000000001,15.452000000000002,,,,,,,,,,-1.711,-1.454,-1.261,-1.368,,
MOS,Mosaic Company (The),Materials,22.25,7.073275,0.5775092056597457,0.778742269697213,0.913584171668793,0.9156380142088795,0.9599685728208732,10.0,-36.786426082137346,-25.840778376613592,-1.4619184020878415,6.756131420638593,0.28773199294155394,2.340566381277615,144,21,0,,,,,-37.16464275628353,8.837329162741936,,,-1.3063463755180749e-06,-0.7568900960622238,agrees,26.77222,18.0,14.330731,Agricultural Inputs,"The Mosaic Company, through its subsidiaries, produces and markets concentrated phosphate and potash crop nutrients. It operates in three segments: Phosphates, Potash, and Mosaic Fertilizantes.",3.93,20.3,1.34,1.1,5.79,5.48,0.5,0.45,11.0,0.54,4.4,,,False,13.1,4.6,-10.046236132121855,4.271681615116796,-0.95,-0.3,-5.4,-17.1,11.63,12.25,-7.8,,,"trailing profit of $-0.64B against $0.54B in the year to 2025-12-31, only 181 days earlier",2025-12-31,True,,,,,1.64,warn,1.072,2.87,0.39,warn,0.116,0.574,0.59,good,0.20800000000000002,1.298,7.3,warn,-6.159999999999999,19.96,24.55,bad,11.040000000000001,43.940000000000005,13.1,warn,-4.5,27.26,22.6,good,13.94,34.28,1.12,bad,-0.08599999999999988,2.950000000000001,30.0,41.0,50.0,7.0,8.0,net debt 20x FCF; burning cash; sales -10%/yr,concern,48.0,,-1.286,-1.351,-1.751,0.254,47.0,47.0
MDT,Medtronic,Health Care,89.5,115.01645,3.063755627180949,3.5253083463793473,3.829579142136249,3.6197547018932728,4.038011030266292,10.0,-19.997589461700006,-13.092548902067936,-1.4601070597376093,3.740549144448866,2.677264464673224,6.385003759802342,144,9,0,2015-07-31,29.52209197475202,134.0,,-15.045087802562884,9.769005847953217,,,-0.002659932974935497,3.246256735251851,agrees,104.83333,24.0,13.594515,Medical Devices,"Medtronic plc develops, manufactures, and sells device-based medical therapies to healthcare systems, physicians, clinicians, and patients in the United States, Ireland, and internationally. It operates through three segments: The Cardiovascular Portfolio, Neuroscience Portfolio, and Medical Surgical Portfolio.",3.31,17.1,2.07,2.42,28.15,19.33,0.55,0.52,51.9,5.23,13.9,13.02495175045193,6.1439397235501625,False,22.0,10.3,5.938355379883209,3.5060776164414387,6.13,-0.2,-3.7,-5.3,50.85,37.54,16.3,,,,,,,,,,1.54,good,0.87,3.2350000000000008,0.43,warn,-0.10799999999999998,0.8800000000000001,0.685,good,0.109,2.5710000000000015,13.8,good,0.76,27.66,60.3,warn,12.2,77.8,13.6,warn,3.35,71.78,26.0,good,15.0,54.30000000000002,2.2199999999999998,good,0.557,12.114000000000004,79.0,75.0,69.0,87.0,92.0,16% FCF margin,strength,77.0,,-1.475,-1.321,-2.21,-0.763,78.0,76.0
HSY,Hershey Company (The),Consumer Staples,164.41000366210938,33.348868585781005,2.7416236310967235,3.58818257087882,3.487139143550659,3.8671546093009574,3.6323321084865015,10.0,-21.37900100237583,-23.592972850730852,-1.4495105028109814,4.138479904496617,2.4817566652054293,5.276707177037269,144,5,0,,,,,-30.417299956784593,7.69126027397018,,,2.630732676145442e-06,2.8289160163989635,agrees,204.80952,21.0,16.370117,Confectioners,"The Hershey Company, together with its subsidiaries, engages in the manufacture and sale of confectionery products and pantry items in the United States and internationally. It operates through three segments: North America Confectionery, North America Salty Snacks, and International.",3.6,24.6,1.18,1.09,5.69,4.8,1.25,0.39,38.4,0.88,7.3,-3.9811942632898223,1.1398524181760905,False,37.9,19.3,3.916656781422967,7.312454969752236,2.23,0.2,-1.0,-2.6,4.56,12.16,18.3,,,"trailing profit of $1.49B against $0.88B in the year to 2025-12-31, only 179 days earlier",2025-12-31,True,,,,,1.025,good,0.6660000000000001,1.4750000000000005,0.30000000000000004,warn,0.038000000000000006,0.7500000000000002,0.76,warn,0.348,3.822000000000001,6.85,good,0.48000000000000076,23.350000000000005,37.599999999999994,good,12.760000000000002,61.830000000000005,18.65,good,1.450000000000001,77.58000000000003,29.2,bad,15.52,39.06,1.9949999999999999,good,0.9150000000000001,12.576,67.0,69.0,67.0,50.0,95.0,margins compressing,concern,71.0,,-0.847,-0.63,-0.65,-0.22,65.0,63.0
PTC,PTC Inc.,Information Technology,139.69000244140625,16.461628647705076,5.572709777785666,8.14089690908967,7.872977016951478,8.166729144936493,7.818739855802018,10.0,-29.217248243111303,-31.546734468981064,-1.4471380743016922,9.988062077198567,4.255405781275754,11.501177741281413,144,0,0,,,,,-32.1464990326875,19.49831268724884,,,1.0832871932819899e-06,10.287386065140659,agrees,174.21053,19.0,15.404738,Software - Application,"PTC Inc. operates as software company in the Americas, Europe, and the Asia Pacific.",,24.7,1.03,0.76,1.42,1.04,0.41,0.35,84.5,1.22,41.4,58.58177236102004,38.826241566968854,False,13.5,35.2,12.793279894411636,11.457470802374491,0.94,-2.5,-1.3,-0.6,3.47,2.95,31.8,,,,,,,,,,1.53,warn,0.79,3.3979999999999997,0.09,warn,-0.29799999999999993,0.782,0.44999999999999996,good,0.055,1.72,17.75,good,3.92,38.12,55.5,good,27.770000000000003,80.71000000000001,20.5,good,4.800000000000001,76.72,40.349999999999994,good,13.68,156.26,2.6950000000000003,bad,0.716,12.751,92.0,82.0,98.0,100.0,89.0,32% FCF margin; sales +13%/yr; 41% net margin,strength,83.0,,-0.548,-0.15,-1.051,1.069,72.0,64.0
BKNG,Booking Holdings,Consumer Discretionary,163.8699951171875,128.14633618164063,4.537599099948324,6.125507445110879,6.470509287384005,6.6188426791083135,7.238466951221724,10.0,-29.87261282824225,-25.922886542729707,-1.4418776121371828,2.4273776362912853,3.327546140979689,17.128657842095947,144,0,0,,,,,-25.406631004665105,12.851148851148842,,,-1.5863460656184714e-06,5.055976751572899,agrees,238.78378,37.0,13.125468,Travel Services,"Booking Holdings Inc., together with its subsidiaries, provides online and traditional travel and restaurant reservations and related services in the United States, the Netherlands, the United Kingdom, and internationally.",1.03,45.7,1.09,1.44,20.18,2.63,18.79,0.09,44.0,7.21,25.5,17.38021989603218,,False,17.8,671.3,13.445658900286883,31.516278412194954,9.54,-4.8,-16.5,-23.8,1.07,28.24,33.8,,,,,,,,,,1.11,warn,0.536,2.038,0.16,good,-0.15,1.18,0.82,bad,0.11600000000000002,7.960000000000002,11.0,good,1.2,21.85,42.5,good,11.48,74.61999999999999,37.7,good,2.9200000000000004,173.7700000000001,19.299999999999997,good,12.57,41.30000000000001,1.6549999999999998,good,0.665,7.38,86.0,70.0,88.0,96.0,100.0,34% FCF margin; sales +13%/yr; 26% net margin,strength,81.0,,-1.493,-0.749,-1.209,0.17,81.0,73.0
TDG,TransDigm Group,Industrials,1109.219970703125,64.22383630371094,6.4178911065964765,8.186323848515865,7.961345280266722,8.416179300679472,8.199086284222284,6.0,-19.38685133398129,-21.602281740173225,-1.4257700808895297,6.578073089700996,4.79828587095595,11.246102288984263,72,0,0,,,,,-23.502070985991374,16.645296654621756,,,0.009997841678899277,5.6442201009738735,agrees,1497.0,19.0,22.742468,Aerospace & Defense,"TransDigm Group Incorporated designs, produces, and supplies aircraft components in the United States and internationally.",,35.0,3.02,4.27,32.9,30.13,,3.01,59.6,2.13,21.3,24.90550524717794,53.00917064010664,False,30.2,,17.736528317400115,16.51854061282667,1.93,-0.5,1.2,1.0,0.8,10.01,19.3,,True,,,,,,,,1.24,good,0.808,2.3180000000000023,0.29,bad,0.0,0.84,,,,,12.0,good,4.069999999999999,20.65,37.95,good,15.22,61.14000000000001,,,,,27.0,warn,15.52,48.68000000000001,1.7,good,0.634,5.627999999999998,69.0,19.0,84.0,98.0,89.0,net debt 16x FCF,concern,72.0,,-1.423,-1.014,0.017,0.508,72.0,69.0
BDX,Becton Dickinson,Health Care,183.8300018310547,51.76708000563049,2.226541075510989,2.76393630377865,2.950903910461049,2.64403357788134,2.8740027552679535,10.0,-24.547150870693223,-19.44311189563137,-1.4071012639705747,13.01233585356148,1.741871445222459,4.036023343666327,144,0,0,,,,,-4.255207379659021,17.359042955933578,,,3.4068635733645714,4.440223904706686,agrees,195.66667,12.0,13.689685,Medical Instruments & Supplies,"Becton, Dickinson and Company develops, manufactures, and sells medical supplies, devices, laboratory equipment, and diagnostic products for healthcare institutions, physicians, life science researchers, clinical laboratories, pharmaceutical industry, and the general public worldwide. It operates through Medical Essentials, Connected Care, BioPharma Systems, Interventional and Life Sciences segments.",2.31,6.4,0.87,1.31,16.81,15.95,0.69,0.69,32.6,0.94,4.0,-17.30150797528527,-13.60673706749127,False,55.1,3.8,6.872624121182591,3.4612708636971856,3.2,-2.5,-2.2,-6.3,24.42,23.25,13.8,,,,,,,,,,1.54,bad,0.87,3.2350000000000008,0.43,warn,-0.10799999999999998,0.8800000000000001,0.685,warn,0.109,2.5710000000000015,13.8,bad,0.76,27.66,60.3,warn,12.2,77.8,13.6,bad,3.35,71.78,26.0,bad,15.0,54.30000000000002,2.2199999999999998,good,0.557,12.114000000000004,53.0,50.0,52.0,37.0,90.0,margins compressing,concern,63.0,,-1.42,-1.134,-2.419,-1.626,63.0,61.0
STE,Steris,Health Care,211.0,20.6569,3.421376043460978,4.322294656360927,4.418146045080264,4.4364319752337185,4.48114758867189,9.3,-22.560820567016314,-20.84352605563592,-1.3880869620968994,6.956521739130435,2.539565340200156,6.996197242214506,112,19,0,,,,,-21.459147589800853,8.373570749044168,,,0.001657904788276987,0.5769742890647356,agrees,263.125,8.0,17.199976,Medical Devices,"STERIS plc provides infection prevention products and services in the United States, Ireland, and internationally. It operates through three segments: Healthcare, Applied Sterilization Technologies, and Life Sciences.",1.22,24.7,1.91,2.49,1.89,1.41,0.26,0.23,44.4,0.81,13.3,88.93542379643075,23.001550310095187,False,25.5,11.2,7.343001851370268,12.125660788506632,0.93,-0.9,-1.3,7.6,7.22,6.04,15.4,,,,,,,,,,1.54,good,0.87,3.2350000000000008,0.43,good,-0.10799999999999998,0.8800000000000001,0.685,good,0.109,2.5710000000000015,13.8,warn,0.76,27.66,60.3,warn,12.2,77.8,13.6,warn,3.35,71.78,26.0,good,15.0,54.30000000000002,2.2199999999999998,bad,0.557,12.114000000000004,85.0,89.0,71.0,94.0,91.0,15% FCF margin; sales +7%/yr,strength,80.0,,-1.203,-0.577,-1.027,0.209,78.0,70.0
VMRK,Vivmark Residential,Real Estate,61.369998931884766,23.598482949279784,7.541337960671882,8.72452272017541,9.543472443943948,9.329268633156673,9.837997059052864,10.0,-20.97909848885844,-13.561598696595967,-1.3849179144481407,6.685236768802229,6.5541888797718375,14.743895678444414,144,0,0,,,,,-12.516038586051659,2.7737125110517624,,,1.2708995178583704,-50.288999431054336,market cap differs from Yahoo by -50%,73.44211,19.0,41.729015,REIT - Residential,"Vivmark Residential focused on building, buying, and managing high-quality apartment communities across major U.S. metro areas. The company owns or held investments in more than 184,000 rental apartments across premier U.S.",4.58,19.7,,,8.24,8.2,0.77,,,0.88,,1.655045363506602,4.041404206168897,False,26.8,8.2,,,1.56,-1.8,-1.7,-0.8,10.7,,,,,,,,,,,,,,,,,,,,0.825,good,0.135,2.58,,,,,,,,,7.3,good,2.22,18.460000000000015,30.25,good,16.78,128.50000000000003,1.2,good,-0.10599999999999986,3.3679999999999994,,,,,,,,,,-1.552,-1.162,-0.919,-0.986,,
BR,Broadridge Financial Solutions,Industrials,162.9199981689453,19.077931785583495,2.5516172407424964,3.650115596100975,3.344171507607192,3.5144227758005164,3.3248479721722277,10.0,-23.6995699850269,-30.09489224209463,-1.3809532263472837,13.251094309590131,2.107766807483404,4.582983074957905,144,0,0,,,,,-31.595079913949988,8.529292225512396,,,0.0,4.989598748061508,agrees,213.375,8.0,13.903982,Information Technology Services,"Broadridge Financial Solutions, Inc. provides investor communications and technology-driven solutions for the financial services industry in the United States and internationally.",2.71,31.0,1.24,1.44,3.75,3.35,1.32,0.45,19.0,1.12,15.0,21.262396300787103,15.482426502075697,False,17.0,39.4,7.247196676140111,8.40853187332078,1.28,-1.0,-1.6,-0.6,2.84,7.48,17.1,,,,,,,,,,1.24,good,0.808,2.3180000000000023,0.29,warn,0.0,0.84,0.72,bad,0.262,2.2539999999999987,12.0,good,4.069999999999999,20.65,37.95,bad,15.22,61.14000000000001,23.299999999999997,good,9.15,53.05,27.0,good,15.52,48.68000000000001,1.7,warn,0.634,5.627999999999998,84.0,71.0,86.0,93.0,92.0,17% FCF margin; sales +7%/yr,strength,79.0,,-0.978,-0.423,-1.805,1.316,75.0,67.0
CNC,Centene Corporation,Health Care,62.529998779296875,31.11724100253296,0.17417503569747816,0.2730277077968031,0.3410423247419177,0.2639654286528869,0.33159467141034754,10.0,-48.928615875086955,-36.20609530696225,-1.375711403125752,9.590131317150815,0.07911697605453016,0.6284384641779432,144,0,0,2020-03-31,31.31545709059511,78.0,"the share count moved +38% in one step on 2016-06-30, which no split explains -- the multiples either side of it are measuring different companies",-9.912118168424033,12.964824756087534,,,-0.9145681981012399,1.2554284520409187,agrees,71.77778,18.0,11.632907,Healthcare Plans,"Centene Corporation operates as a managed care company that provides programs and services to under-insured families, and commercial organizations in the United States. It operates through four segments: Medicaid, Medicare, Commercial, and Other.",,14.8,1.15,1.12,16.11,-11.05,0.71,-0.06,9.1,-5.1,-2.9,,,False,,-22.5,9.23200212288493,10.011494392301534,8.95,0.3,-9.8,-15.6,22.63,178.66,5.0,,,,,,True,,,,1.54,bad,0.87,3.2350000000000008,0.43,good,-0.10799999999999998,0.8800000000000001,0.685,warn,0.109,2.5710000000000015,13.8,bad,0.76,27.66,60.3,bad,12.2,77.8,13.6,bad,3.35,71.78,,,,,2.2199999999999998,good,0.557,12.114000000000004,66.0,88.0,27.0,91.0,63.0,net cash; sales +9%/yr,strength,70.0,,-1.454,-1.463,-1.458,-2.704,71.0,71.0
DXCM,Dexcom,Health Care,86.68000030517578,33.96122411956787,6.8343443853271895,12.637569046241254,12.633793562117583,12.342403899261884,13.345988792529253,10.0,-45.90425788007203,-45.920419027424394,-1.370107774551424,11.181854357341821,4.723624815791112,28.221641083132116,144,0,0,,,,,-6.1295210037082715,15.541294642857139,,,-2.575867275034227e-06,3.8743107414926925,agrees,94.48,25.0,27.733143,Medical Devices,"DexCom, Inc., a medical device company, focuses on the design, development, and commercialization of continuous glucose monitoring (CGM) systems for the management of diabetes and metabolic health in the United States and internationally.",,9.0,1.73,2.8,0.0,-1.35,0.0,-0.27,62.5,1.0,20.1,40.87391764786634,10.084393532515424,False,34.0,38.1,15.826043829155957,18.0264119944024,1.41,-4.0,-9.2,-1.7,2.62,4.97,28.4,,,,,,,,,,1.54,good,0.87,3.2350000000000008,0.43,good,-0.10799999999999998,0.8800000000000001,0.685,good,0.109,2.5710000000000015,13.8,good,0.76,27.66,60.3,good,12.2,77.8,13.6,good,3.35,71.78,26.0,warn,15.0,54.30000000000002,2.2199999999999998,warn,0.557,12.114000000000004,98.0,98.0,94.0,100.0,100.0,net cash; 28% FCF margin; sales +16%/yr,strength,85.0,,-1.468,-1.424,-2.066,-1.705,86.0,86.0
BXP,"BXP, Inc.",Real Estate,62.43000030517578,9.965638518714904,2.8340022416658672,3.2503651818336707,5.046783472785048,3.7072975762325955,5.248527884229195,10.0,-43.845376823707205,-12.809728042093882,-1.3687245436777296,8.39633903700756,2.330381086638951,8.482989855450908,144,0,0,,,,,-18.199685134727737,1.8827919697983697,,,10.226064808309744,-10.717733102106342,agrees,76.35,20.0,27.762032,REIT - Office,"BXP, Inc. is the largest publicly traded developer, owner, and manager of premier workplaces in the United States. It is concentrated in six dynamic gateway markets - Boston, Los Angeles, New York, San Francisco, Seattle, and Washington, DC.",4.54,22.3,,,3.3,2.75,0.43,,,0.41,,-20.34734892608666,0.0512201663758427,False,24.3,5.3,,,1.28,0.5,1.5,2.0,7.73,,,,,,,,,,,,,,,,,,,,0.825,good,0.135,2.58,,,,,,,,,7.3,warn,2.22,18.460000000000015,30.25,good,16.78,128.50000000000003,1.2,good,-0.10599999999999986,3.3679999999999994,,,,,,,,,,-1.468,-1.277,-1.366,-1.056,,
CDW,CDW Corporation,Information Technology,130.3300018310547,16.734372235107422,0.712088825513924,1.116398985629755,1.010303218418515,1.1270522548114548,1.022134287632688,10.0,-29.517315937229505,-36.21556140054728,-1.3380290776282235,9.31157978511739,0.5247763501319394,1.6442590288173653,144,0,0,,,,,-19.673342477007893,7.414195801319123,,,-2.723357828138262e-06,3.1966029810598817,agrees,158.66667,9.0,10.795465,Information Technology Services,"CDW Corporation provides information technology (IT) solutions in the United States, the United Kingdom, and Canada. It operates through three segments: Commercial, Government, and Education. The company offers discrete hardware and software products and services, as well as integrated IT solutions, including on-premise and cloud capabilities across hybrid infrastructure, digital experience, and security.",1.94,21.7,1.17,1.35,5.82,5.24,2.38,0.22,21.4,1.08,4.6,0.08033525402868502,2.861171589442657,False,15.5,44.2,1.636736411473505,3.5951297422147643,0.86,-3.4,-6.1,-9.8,2.44,23.5,3.7,,,,,,,,,,1.53,warn,0.79,3.3979999999999997,0.09,warn,-0.29799999999999993,0.782,0.44999999999999996,bad,0.055,1.72,17.75,bad,3.92,38.12,55.5,bad,27.770000000000003,80.71000000000001,20.5,good,4.800000000000001,76.72,40.349999999999994,good,13.68,156.26,2.6950000000000003,bad,0.716,12.751,61.0,51.0,73.0,57.0,60.0,net debt 6x FCF,concern,67.0,,-0.343,-0.316,-0.388,0.34,55.0,55.0
KHC,Kraft Heinz,Consumer Staples,23.559999465942383,27.942159366607665,1.1221750749641632,1.6047636377139889,1.6711934061047145,1.5374568601275507,2.002074872430992,10.0,-32.85187274764477,-30.07225185119976,-1.3081134911449996,3.4789644012944985,0.9830419986387476,4.428978844284967,127,2,0,2016-04-04,55.852417302798976,126.0,"the share count moved +56% in one step on 2016-04-04, which no split explains -- the multiples either side of it are measuring different companies",-14.699495054517087,-1.6199130778348447,,,1.028112461831654e-06,0.48401030693225877,agrees,25.47222,18.0,11.233157,Packaged Foods,"The Kraft Heinz Company, together with its subsidiaries, manufactures and markets food and beverage products in North America and internationally.",6.82,8.1,1.06,1.0,17.63,14.68,0.49,0.59,33.4,-3.4,-13.6,,,False,,-9.4,-2.3896006732080255,-1.1543973272342578,3.82,-0.3,-4.0,-4.0,36.12,24.9,15.3,,,,,,True,,,,1.025,good,0.6660000000000001,1.4750000000000005,0.30000000000000004,bad,0.038000000000000006,0.7500000000000002,0.76,good,0.348,3.822000000000001,6.85,bad,0.48000000000000076,23.350000000000005,37.599999999999994,warn,12.760000000000002,61.830000000000005,18.65,bad,1.450000000000001,77.58000000000003,,,,,1.9949999999999999,good,0.9150000000000001,12.576,46.0,57.0,22.0,39.0,80.0,15% FCF margin,strength,58.0,,-1.213,-1.086,-1.296,-1.085,57.0,57.0
PNR,Pentair,Industrials,53.029998779296875,8.681010800170899,2.065776075047212,3.0576998431703926,2.7805426337166463,3.089584484774969,2.9169526748795667,9.6,-25.706009683226217,-32.44019423092552,-1.2708591113247607,9.83170947741364,1.3166644122818885,4.558744328991658,115,7,0,,,,,-52.803489872466294,3.0986261040235608,,,4.74849027770492,1.7248865138715486,agrees,77.35714,14.0,10.345242,Specialty Industrial Machinery,"Pentair plc provides various water solutions in the United States, Western Europe, China, Latin America, the Middle East, Southeast Asia, Australia, and Canada. It operates through three segments: Flow, Water Solutions, and Pool.",2.02,45.9,1.88,1.5,1.94,1.88,0.51,0.45,40.9,0.67,16.0,10.835711984427965,10.124552361847305,False,13.0,17.6,0.4117820015397289,5.77610593241713,0.72,-1.4,-1.4,-2.4,3.81,4.2,17.1,,,,,,,,,,1.24,good,0.808,2.3180000000000023,0.29,warn,0.0,0.84,0.72,good,0.262,2.2539999999999987,12.0,good,4.069999999999999,20.65,37.95,good,15.22,61.14000000000001,23.299999999999997,warn,9.15,53.05,27.0,good,15.52,48.68000000000001,1.7,bad,0.634,5.627999999999998,81.0,80.0,80.0,77.0,91.0,17% FCF margin,strength,77.0,,-1.111,-0.694,0.209,1.861,75.0,70.0
LDOS,Leidos,Industrials,122.3499984741211,15.538449806213379,0.884021721921453,1.0638947876447877,1.0717265538985086,1.1016580798098548,1.0940333312494153,9.6,-17.51424664194996,-16.90703515161789,-1.2699993497690534,8.212360016590626,0.7326725565985643,1.6930852444829079,144,13,0,2016-09-30,54.054054054054056,120.0,"share count jumps +47% in one day on 2017-03-31 with no split or corporate action to explain it; the share count moved +54% in one step on 2016-09-30, which no split explains -- the multiples either side of it are measuring different companies",-38.687046617829566,3.52199776194122,,,-0.32324426167478215,0.5849213628576155,agrees,157.73334,15.0,9.654675,Information Technology Services,"Leidos Holdings, Inc., together with its subsidiaries, provides services and solutions for government and commercial customers in the United States and internationally.",1.4,28.9,1.63,1.31,6.03,5.2,1.13,0.3,17.5,1.38,7.8,24.7126729361415,13.386687358308102,False,11.3,25.9,6.039050578995808,5.974177943796666,2.16,-2.3,-8.0,-11.2,5.34,17.58,12.3,,,,,,,,,,1.24,good,0.808,2.3180000000000023,0.29,warn,0.0,0.84,0.72,warn,0.262,2.2539999999999987,12.0,warn,4.069999999999999,20.65,37.95,bad,15.22,61.14000000000001,23.299999999999997,good,9.15,53.05,27.0,good,15.52,48.68000000000001,1.7,good,0.634,5.627999999999998,81.0,75.0,76.0,92.0,88.0,sales +6%/yr,strength,77.0,,-0.319,0.075,-1.142,1.485,63.0,55.0
GPC,Genuine Parts Company,Consumer Discretionary,128.1300048828125,17.684118883911133,0.7053463925472435,0.8625515773329204,0.8644368148738395,0.8795866774987996,0.8744548296028889,10.0,-18.40393879451033,-18.225598203850968,-1.262261726986636,9.47075208913649,0.42022672051976934,1.2478714373050457,144,0,0,,,,,-14.156502155425088,5.471710852760303,,,-7.019912318106947e-07,1.0446211367749925,agrees,139.22221,9.0,15.269535,Auto Parts,"Genuine Parts Company distributes automotive and industrial replacement parts. The company operates in three segments: North America Automotive Parts Group, International Automotive Parts Group, and Industrial Parts Group.",3.35,8.7,1.16,1.16,4.73,4.17,1.04,0.17,36.9,0.03,0.1,-69.9854074495446,-47.394071343652755,False,589.5,0.7,3.096673777369463,7.007611369594602,0.76,-0.9,-2.5,-4.9,4.54,25.07,3.0,,,,,,,,,,1.11,good,0.536,2.038,0.16,warn,-0.15,1.18,0.82,warn,0.11600000000000002,7.960000000000002,11.0,bad,1.2,21.85,42.5,warn,11.48,74.61999999999999,37.7,bad,2.9200000000000004,173.7700000000001,19.299999999999997,bad,12.57,41.30000000000001,1.6549999999999998,bad,0.665,7.38,45.0,52.0,37.0,31.0,68.0,margins compressing,concern,57.0,,-1.498,-0.947,-1.855,-0.53,59.0,55.0
ACGL,Arch Capital Group,Financials,94.9000015258789,33.61358054046631,1.747794329267175,2.0496761093584706,2.132344562230805,2.1840201936776626,2.2165779512462493,10.0,-18.03415075475997,-14.728267491285818,-1.248946754021076,10.107441305212893,1.3685365666567535,3.0472693027279596,144,0,0,,,,,-10.875280310031087,0.3967425349759912,,,0.0,3.5611404040949646,agrees,111.65789,19.0,9.755088,Insurance - Diversified,"Arch Capital Group Ltd., together with its subsidiaries, provides insurance, reinsurance, and mortgage insurance products in the United States, Canada, Bermuda, the United Kingdom, Europe, and Australia. The company operates through three segments: Insurance, Reinsurance, and Mortgage.",,17.7,,,,,,,,4.69,,27.52569773785185,17.713538003384354,False,7.2,19.5,,,6.05,-7.0,-6.4,-13.1,24.03,,,,,,,,,,,,,,,,,,,,,,,,,,,,,,,,16.549999999999997,good,6.63,33.89,14.5,good,8.940000000000001,29.16,2.895,good,0.5220000000000001,15.452000000000002,,,,,,,,,,-1.284,-1.092,-1.373,-1.138,,
D,Dominion Energy,Utilities,60.279998779296875,53.05242692565918,3.0468887506121742,3.325289696429708,3.992071570576541,3.592002567024383,3.963067247518702,10.0,-23.676499863650037,-8.3722313311964,-1.2428029652253154,10.107441305212893,2.2695508747855917,6.305819397993311,144,0,0,2019-04-01,21.10245839059399,90.0,"the derived quarters disagreed with the company's own reported annual total at 10 of 19 year ends; the reported figures have been used instead, but the quarterly series is unreliable",-15.915750063751045,18.24787775891341,,,-3.901981684986655,-0.5287901604889567,agrees,72.25,12.0,15.898359,Utilities - Regulated Electric,"Dominion Energy, Inc. provides regulated electricity and natural gas services in the United States. It operates through Dominion Energy Virginia, Dominion Energy South Carolina, and Contracted Energy segments.",4.4,19.9,0.78,1.14,48.21,47.72,1.43,2.74,,2.95,17.0,21.419829274857417,27.49601808130333,False,18.0,8.8,4.428466121992414,4.61060179609849,-0.38,3.2,5.2,9.1,33.71,17.41,-2.2,,,,,,,,,,0.765,warn,0.52,1.163,2.3,bad,1.546,2.748,1.56,good,1.2600000000000002,2.194,14.2,good,6.9,18.880000000000006,,,,,9.4,bad,8.06,12.780000000000008,19.4,good,14.590000000000002,24.3,-1.06,warn,-3.549,2.2850000000000006,51.0,21.0,66.0,89.0,20.0,net debt 20x FCF; burning cash,concern,61.0,,-1.063,-0.835,-0.615,-0.642,59.0,57.0
DOW,Dow Inc.,Materials,27.889999389648438,20.114267559814454,0.511410021606734,0.7011467591467404,0.7424573662735472,0.6911922773423059,0.7560876659599617,6.6,-31.11927433981271,-27.06091628675661,-1.2136702179616374,13.65824308062575,0.3521743705014467,1.3078250110690215,90,11,0,,,,,-33.38906283819336,-7.738681679568382,,,-4.811341299298166,0.8546007740514172,agrees,34.3125,16.0,15.747538,Chemicals,"Dow Inc., through its subsidiaries, provides various materials science solutions for packaging, infrastructure, mobility, and consumer applications in the United States, Canada, Europe, the Middle East, Africa, India, the Asia Pacific, and Latin America. The company operates through Packaging & Specialty Plastics, Industrial Intermediates & Infrastructure, and Performance Materials & Coatings segments.",5.07,23.0,1.85,1.79,17.32,13.08,1.03,0.33,13.2,-2.67,-6.8,,,False,,-15.9,-9.738962170318244,-0.6595900863785364,-0.23,1.6,1.5,-4.2,16.76,39.33,-0.6,,,,,,,,,,1.64,good,1.072,2.87,0.39,good,0.116,0.574,0.59,warn,0.20800000000000002,1.298,7.3,bad,-6.159999999999999,19.96,24.55,bad,11.040000000000001,43.940000000000005,13.1,bad,-4.5,27.26,,,,,1.12,bad,-0.08599999999999988,2.950000000000001,26.0,42.0,23.0,8.0,28.0,net debt 20x FCF; burning cash; sales -10%/yr,concern,43.0,,-1.279,-1.005,-1.397,-2.306,43.0,42.0
CINF,Cincinnati Financial,Financials,161.9199981689453,25.308095713806154,1.8136803578763188,2.0591602124742976,2.1232762746180747,2.065794832600955,2.1445505767289306,10.0,-14.58104724489726,-11.921357702565983,-1.2130434942553974,11.77875049741345,1.3895495940698905,2.9964787941480715,144,0,0,,,,,-15.67984264492771,19.551062371487316,,,9.17299702862806e-07,2.337962426795226,agrees,191.66667,6.0,17.841442,Insurance - Property & Casualty,"Cincinnati Financial Corporation provides property casualty insurance products in the United States. The company operates through five segments: Commercial Lines Insurance, Personal Lines Insurance, Excess and Surplus Lines Insurance, Life Insurance, and Investments. The Commercial Lines Insurance segment offers coverage for commercial casualty and property, commercial auto, and workers' compensation.",2.33,18.4,,,0.91,-0.98,0.05,,,3.33,,34.865665434415824,3.1004913087267605,False,7.6,20.0,,,3.4,-1.0,-1.3,-4.1,16.67,,,,,,,,,,,,,,,,,,,,0.64,good,0.08400000000000002,1.8500000000000019,,,,,,,,,16.549999999999997,good,6.63,33.89,14.5,good,8.940000000000001,29.16,2.895,good,0.5220000000000001,15.452000000000002,,,,,,,,,,-0.813,-0.59,0.516,0.12,,
DOC,Healthpeak Properties,Real Estate,20.100000381469727,13.92614456429863,4.721037439173502,5.278597537735505,6.776817861147623,5.946884101795449,7.156378122027704,10.0,-30.335482878478658,-10.5626559815582,-1.2120150580030262,13.92757660167131,3.923060314205358,14.727324989377903,144,0,0,,,,,-11.919367302937223,5.515194829630032,,,-2.712042679320348e-06,-2.4172161641607848,agrees,22.94737,19.0,143.7857,REIT - Healthcare Facilities,"Healthpeak Properties, Inc. is a fully integrated real estate investment trust (REIT) and S&P 500 company. Healthpeak owns, operates, and develops high-quality real estate for healthcare discovery and delivery.",6.06,14.2,,,10.03,8.31,1.06,,,0.24,,-22.919458649122994,-13.592259236656234,False,58.0,2.5,,,0.34,-0.6,26.6,27.2,9.47,,,,,,,,,,,,,,,,,,,,0.825,warn,0.135,2.58,,,,,,,,,7.3,bad,2.22,18.460000000000015,30.25,bad,16.78,128.50000000000003,1.2,bad,-0.10599999999999986,3.3679999999999994,,,,,,,,,,-1.218,-1.179,-1.015,-1.322,,
MRSH,Marsh McLennan,Financials,169.02999877929688,81.81051940917969,2.9273453110952765,4.239479241660667,3.491573922211809,4.096670262892911,3.6544466282512555,10.0,-16.159721194134423,-30.950356300162184,-1.1950640394214966,13.370473537604457,2.353386380014413,4.9437259792297,144,0,0,,,,,-18.35088456221773,8.325904104810267,,,6.870147117865599e-07,0.5953510909446624,agrees,207.09525,21.0,14.935536,Insurance Brokers,"Marsh & McLennan Companies, Inc., a professional services company, provides advisory services and insurance solutions to clients in the areas of risk, strategy, and people worldwide. The company operates through Risk and Insurance Services, and Consulting segments.",2.32,22.5,1.14,1.08,21.21,6.89,1.37,,,3.98,,6.637133992670896,9.808945676693902,False,20.6,25.8,,,4.77,-2.2,-3.0,-5.8,15.43,,,,,,,,,,,,1.0550000000000002,good,0.7220000000000001,1.537,,,,,0.64,bad,0.08400000000000002,1.8500000000000019,,,,,,,,,16.549999999999997,good,6.63,33.89,14.5,bad,8.940000000000001,29.16,2.895,good,0.5220000000000001,15.452000000000002,,,,,,,,,,-0.557,-0.052,-0.65,0.586,,
DG,Dollar General,Consumer Staples,124.37000274658203,27.55193544845581,0.6313748730740537,0.7538737947305741,1.1169148439437173,0.933481863160543,1.1145382464714597,10.0,-43.47152994719538,-16.249261151238205,-1.1902558997198536,16.872264226024672,0.3749260380412208,1.8029211624358952,144,0,0,,,,,-20.398103720825635,4.76897405389205,,,9.899629338505633e-07,1.8313350900660552,agrees,140.93103,29.0,14.796138,Discount Stores,"Dollar General Corporation, a discount retailer, provides various merchandise products in the southern, southwestern, midwestern, and eastern United States.",1.92,13.3,1.21,1.39,5.31,3.72,0.57,0.09,31.2,1.7,3.9,-9.784757778891528,-7.616901601289716,False,16.2,18.3,3.9965885612372354,5.3239615920783745,2.01,0.3,0.7,-7.1,9.29,43.64,4.6,,,,,,,,,,1.025,good,0.6660000000000001,1.4750000000000005,0.30000000000000004,good,0.038000000000000006,0.7500000000000002,0.76,good,0.348,3.822000000000001,6.85,warn,0.48000000000000076,23.350000000000005,37.599999999999994,warn,12.760000000000002,61.830000000000005,18.65,warn,1.450000000000001,77.58000000000003,29.2,good,15.52,39.06,1.9949999999999999,good,0.9150000000000001,12.576,63.0,82.0,58.0,39.0,73.0,margins compressing,concern,67.0,,-1.389,-1.368,-1.506,-1.741,69.0,68.0
SYY,Sysco,Consumer Staples,78.56999969482422,37.76170064303879,0.4466039128480219,0.48979827965805894,0.5496495249954197,0.5261972028959768,0.577366411910925,10.0,-18.747512271252575,-8.818807375189664,-1.1720567894748903,9.55033824114604,0.26719448375161214,1.0081903154363883,144,0,0,,,,,-13.81088230054386,3.9104840790945117,,,1.2867668930383047e-06,0.31982501478702297,agrees,90.41667,12.0,14.6293545,Food Distribution,"Sysco Corporation, through its subsidiaries, engages in the sale, marketing, and distribution of food and related products to restaurants, healthcare and educational facilities, lodging establishments, and other foodservice customers. It operates through U.S. Foodservice Operations, International Foodservice Operations, SYGMA, and Other segments.",2.8,15.1,1.28,1.29,12.32,10.21,4.62,0.12,18.5,1.76,2.1,4.002974543417492,,False,21.5,66.0,3.5355618486326623,13.232100630154498,1.94,-1.9,-5.7,-6.4,2.67,84.55,2.3,,,,,,,,,,1.025,good,0.6660000000000001,1.4750000000000005,0.30000000000000004,good,0.038000000000000006,0.7500000000000002,0.76,bad,0.348,3.822000000000001,6.85,bad,0.48000000000000076,23.350000000000005,37.599999999999994,bad,12.760000000000002,61.830000000000005,18.65,good,1.450000000000001,77.58000000000003,29.2,good,15.52,39.06,1.9949999999999999,warn,0.9150000000000001,12.576,61.0,49.0,66.0,69.0,63.0,,,66.0,,-1.154,-0.925,-0.76,-0.625,66.0,63.0
ESS,Essex Property Trust,Real Estate,273.010009765625,17.573598088551268,9.1209259236362,9.605556089016916,11.160368194922372,10.418187551538384,11.332444207836515,10.0,-18.273969421672444,-5.045310868933939,-1.1215626884440768,16.434540389972145,7.947597635830904,16.29724350124535,144,0,0,,,,,-8.48724239411892,4.737541062295092,,,-2.7283215136959305,-6.9332313641006005,agrees,304.07,25.0,43.483437,REIT - Residential,"Essex Property Trust, Inc., an S&P 500 company, is a fully integrated real estate investment trust. The firm acquires, develops, redevelops, and manages multifamily residential properties in selected West Coast markets. Essex currently has ownership interests in 258 apartment communities comprising over 62,000 apartment homes with an additional property in active development.",3.78,11.4,,,6.39,6.32,1.16,,,0.44,,-7.904842982795357,0.4893834500108829,False,39.9,8.0,,,1.12,-0.1,0.1,-1.1,5.49,,,,,,,,,,,,,,,,,,,,0.825,warn,0.135,2.58,,,,,,,,,7.3,good,2.22,18.460000000000015,30.25,warn,16.78,128.50000000000003,1.2,warn,-0.10599999999999986,3.3679999999999994,,,,,,,,,,-1.306,-1.053,-0.851,-1.12,,
EL,Estée Lauder Companies (The),Consumer Staples,95.56999969482422,34.863935888671875,2.316694523800377,3.068524777390631,3.91159603860468,3.5645429788010694,4.078957218511424,10.0,-40.7736765009412,-24.50135840941734,-1.1127966022143363,16.951850378034223,1.1921246705324196,8.450902168740228,144,0,0,,,,,-20.09865421384147,5.046768113918754,,,4.252774354895905e-07,2.111725398895725,agrees,107.48286,28.0,24.099247,Household & Personal Products,"The Estée Lauder Companies Inc. manufactures, markets, and sells skin care, makeup, fragrance, and hair care products worldwide.",1.48,12.5,1.22,1.45,7.31,3.28,1.92,0.22,75.5,0.18,1.2,-43.50978082456689,-42.42235624126667,False,193.7,4.7,-1.8370371928995821,-1.4816225973858344,1.32,1.3,1.1,-0.9,3.81,15.05,8.8,,,,,,,,,,1.025,good,0.6660000000000001,1.4750000000000005,0.30000000000000004,good,0.038000000000000006,0.7500000000000002,0.76,bad,0.348,3.822000000000001,6.85,bad,0.48000000000000076,23.350000000000005,37.599999999999994,good,12.760000000000002,61.830000000000005,18.65,bad,1.450000000000001,77.58000000000003,29.2,bad,15.52,39.06,1.9949999999999999,bad,0.9150000000000001,12.576,47.0,59.0,37.0,21.0,83.0,margins compressing,concern,57.0,,-1.069,-0.893,-1.528,-1.242,57.0,55.0
XYZ,"Block, Inc.",Financials,73.30999755859375,44.63457208355713,1.782391033049849,2.007114310686672,3.849000017156249,2.3605457393783826,5.481619065264429,9.6,-53.692101192383724,-11.196336772664484,-1.1112996068092804,14.315352697095435,1.2174901342104887,17.427114791786813,115,0,0,,,,,-13.600474297473475,5.065527595054498,,,3.961350802939023e-06,0.3274979589654059,agrees,98.36357,42.0,14.247975,Software - Infrastructure,"Block, Inc., together with its subsidiaries, builds ecosystems focused on commerce and financial products and services in the United States and internationally. It operates through two segments: Square and Cash App.",,34.2,2.21,1.91,6.18,-6.67,0.28,,,1.31,,,-9.038960654467676,True,34.1,5.9,,,3.88,-2.9,0.4,16.5,22.05,,,,,"trailing profit of $0.36B against $1.31B in the year to 2025-12-31, only 181 days earlier",2025-12-31,,,,,,1.0550000000000002,good,0.7220000000000001,1.537,,,,,0.64,good,0.08400000000000002,1.8500000000000019,,,,,,,,,16.549999999999997,bad,6.63,33.89,14.5,bad,8.940000000000001,29.16,2.895,good,0.5220000000000001,15.452000000000002,,,,,,,,,,-1.031,-0.939,-1.034,-1.001,,
HUM,Humana,Health Care,389.6300048828125,47.009639349121095,0.3426358553142937,0.4113054993701468,0.653172783717635,0.4692556755282437,0.581708105594939,10.0,-47.542845651937895,-16.69553267851037,-1.1100159069683793,19.140469558296857,0.15251412435217176,0.8777511683621476,144,0,0,,,,,-4.921911936844192,14.084249388834369,,,-5.820336008122773,1.192908694277639,agrees,423.73914,23.0,23.31618,Healthcare Plans,"Humana Inc. provides medical and specialty insurance products in the United States. It operates in two segments, Insurance and CenterWell.",0.92,8.8,1.77,1.37,13.99,-7.97,0.75,-0.06,,1.13,0.8,-28.675246180226278,-21.21451022100045,False,41.6,6.1,12.77770150745281,11.705669097119609,1.27,-0.1,-3.7,-6.8,18.65,137.2,0.9,,,,,,,,,,1.54,good,0.87,3.2350000000000008,0.43,good,-0.10799999999999998,0.8800000000000001,0.685,warn,0.109,2.5710000000000015,13.8,bad,0.76,27.66,,,,,13.6,bad,3.35,71.78,26.0,bad,15.0,54.30000000000002,2.2199999999999998,warn,0.557,12.114000000000004,60.0,93.0,40.0,44.0,59.0,margins compressing,concern,65.0,,-1.256,-1.208,-1.129,-2.011,66.0,66.0
EW,Edwards Lifesciences,Health Care,86.83000183105469,50.29193706054688,7.7226075365918145,9.233470779514045,9.57519600758739,9.875575640449254,9.951508636459144,10.0,-19.34778640069178,-16.362896239129554,-1.0775651602880105,13.887783525666533,6.197422067594434,16.203858278535677,144,0,0,,,,,-8.772849515597104,14.550315737629948,,,-4.913778495208021e-07,-0.9402859637002825,agrees,100.96154,26.0,26.08124,Medical Devices,"Edwards Lifesciences Corporation provides products and technologies to treat advanced cardiovascular diseases in the United States, Europe, Japan, and internationally.",,16.3,4.52,3.28,1.2,-3.06,0.11,-0.47,77.8,1.0,15.4,-10.236702325112368,-7.230146277684513,False,50.3,9.3,13.074973995713668,5.746360082841195,1.43,-1.5,-5.1,-8.2,10.72,6.51,22.0,,,,,,,,,,1.54,good,0.87,3.2350000000000008,0.43,good,-0.10799999999999998,0.8800000000000001,0.685,good,0.109,2.5710000000000015,13.8,good,0.76,27.66,60.3,good,12.2,77.8,13.6,warn,3.35,71.78,26.0,bad,15.0,54.30000000000002,2.2199999999999998,warn,0.557,12.114000000000004,79.0,99.0,72.0,50.0,98.0,margins compressing,concern,74.0,,-0.678,-0.589,-0.44,-0.663,69.0,67.0
EG,Everest Group,Financials,369.79998779296875,14.533139520263672,0.8665636825629761,0.9448549524685679,1.065337228588661,0.9655069756989689,1.1314223808386805,10.0,-18.658274646894345,-8.286062289354012,-1.0679694025149788,14.723438121766813,0.7198928228584336,1.8356163163702706,144,0,0,,,,,-7.248560874600263,-5.114568599717117,,,-0.3209505866591855,2.7717305726569386,agrees,411.375,16.0,6.1702294,Insurance - Reinsurance,"Everest Group, Ltd., together with subsidiaries, provides reinsurance and insurance products in the United States, Europe, and internationally. It operates in two segment, Insurance and Reinsurance.",2.17,11.2,,,0.04,-1.41,0.0,,,1.91,,16.427537632675637,7.565967431022136,False,7.6,12.4,,,2.0,-6.4,-3.4,-0.7,15.43,,,,,,,,,,,,,,,,,,,,0.64,good,0.08400000000000002,1.8500000000000019,,,,,,,,,16.549999999999997,warn,6.63,33.89,14.5,good,8.940000000000001,29.16,2.895,warn,0.5220000000000001,15.452000000000002,,,,,,,,,,-1.253,-1.156,-1.54,-1.442,,
LUV,Southwest Airlines,Industrials,42.279998779296875,21.055439392089845,0.7001675775502076,0.7655775505764629,1.268828146143437,0.9615272164153051,1.3821977881965815,10.0,-44.81777696385875,-8.543872920124551,-1.0676238874009765,16.39474731396737,0.5108379725648583,5.5684561607923095,144,0,0,,,,,-22.846717556027595,9.464181712288866,,,-0.0033250291029407464,2.280970041573749,agrees,49.78696,23.0,8.898174,Airlines,Southwest Airlines Co. operates as a passenger airline company that provides scheduled air transportation services in the United States and internationally.,1.71,17.8,0.49,1.21,4.05,0.14,0.57,0.0,,0.44,1.5,12.937383016470182,,False,47.9,6.2,6.158608984443936,24.97337369881678,-0.46,-11.7,-22.1,-19.0,7.08,30.07,-1.5,,,"trailing profit of $0.84B against $0.44B in the year to 2025-12-31, only 181 days earlier",2025-12-31,True,,,,,1.24,bad,0.808,2.3180000000000023,0.29,good,0.0,0.84,0.72,good,0.262,2.2539999999999987,12.0,bad,4.069999999999999,20.65,,,,,23.299999999999997,bad,9.15,53.05,27.0,bad,15.52,48.68000000000001,1.7,bad,0.634,5.627999999999998,54.0,49.0,49.0,87.0,19.0,net debt 20x FCF; burning cash,concern,61.0,,-1.237,-1.35,-0.704,-1.313,62.0,63.0
LYB,LyondellBasell,Materials,58.27000045776367,18.821445209039513,0.603406168538071,0.6958048055920193,0.8375651401389465,0.7094410284141215,0.8685395865785313,10.0,-27.957105707865303,-13.279390471488862,-1.0513775200905562,18.02626343016315,0.34131039668905244,1.4571710276194818,144,0,0,,,,,-29.266811777417246,-1.7481966800012572,,,-1.6414465009439994e-06,0.1441745372342984,agrees,68.47059,17.0,9.225431,Specialty Chemicals,"LyondellBasell Industries N.V. operates as a chemical company in the United States, Germany, China, Mexico, Italy, Japan, France, Poland, the Netherlands, and internationally. It operates in five segments: Olefins and PolyolefinsAmericas; Olefins and PolyolefinsEurope, Asia, International; Intermediates and Derivatives; Advanced Polymer Solutions; and Technology.",4.74,17.5,1.64,1.89,11.45,7.38,1.07,0.24,10.9,-0.35,-1.1,,,False,,-3.3,-10.56379291199746,-2.1143669968052503,1.58,0.4,-0.5,-3.4,10.68,31.19,5.1,,,,,,True,,,,1.64,good,1.072,2.87,0.39,good,0.116,0.574,0.59,bad,0.20800000000000002,1.298,7.3,bad,-6.159999999999999,19.96,24.55,bad,11.040000000000001,43.940000000000005,13.1,bad,-4.5,27.26,,,,,1.12,good,-0.08599999999999988,2.950000000000001,38.0,58.0,32.0,5.0,63.0,sales -11%/yr,concern,51.0,,-1.105,-0.915,-1.394,-1.855,51.0,50.0
SBUX,Starbucks,Consumer Discretionary,95.2699966430664,108.96982216033936,2.842322746713844,3.0510586528521086,3.4805075983499707,3.15548146110534,3.5917795516115127,10.0,-18.33597064803638,-6.841425547265045,-1.041646160799409,12.85316354954238,2.257464317195088,6.271647051915479,144,0,0,,,,,-12.233996643881706,4.494498395990121,,,-5.091513965993499e-06,0.16510658903985398,agrees,111.73333,30.0,30.559603,Restaurants,"Starbucks Corporation, together with its subsidiaries, operates as a roaster, marketer, and retailer of coffee internationally. The company operates through three segments: North America, International, and Channel Development.",2.6,17.3,0.76,0.78,14.78,11.17,12.57,0.29,80.7,1.98,5.2,-16.493947040237167,-6.85051382469426,False,55.0,168.4,3.779209883864243,7.168189716161111,3.64,0.4,-0.7,-3.6,1.18,38.34,9.5,,,,,,,,,,1.11,bad,0.536,2.038,0.16,warn,-0.15,1.18,0.82,bad,0.11600000000000002,7.960000000000002,11.0,bad,1.2,21.85,42.5,good,11.48,74.61999999999999,37.7,good,2.9200000000000004,173.7700000000001,19.299999999999997,bad,12.57,41.30000000000001,1.6549999999999998,good,0.665,7.38,53.0,49.0,59.0,32.0,85.0,margins compressing,concern,60.0,,-1.223,-0.596,-0.878,-1.659,62.0,55.0
ICE,Intercontinental Exchange,Financials,152.91000366210938,86.85288208007813,6.469006560411003,7.395862068965519,7.431802752085448,7.2361865250319655,7.321130907808087,9.6,-12.955082687094643,-12.532082127975075,-1.030488779118041,19.400352733686066,5.328819246597025,8.922570184378763,127,14,0,2016-03-31,433.92857142857133,126.0,"the share count moved +434% in one step on 2016-03-31, which no split explains -- the multiples either side of it are measuring different companies",-12.672756332319024,6.945993308905529,,,27.164234109014785,1.6552866962313395,revenue differs from Yahoo by +27%,187.2857,14.0,17.293081,Financial Data & Stock Exchanges,"Intercontinental Exchange, Inc., together with its subsidiaries, provides technology and data to financial institutions, corporations, and government entities in the United States, the United Kingdom, the European Union, Canada, Asia Pacific, and the Middle East. It operates through three segments: Exchanges, Fixed Income and Data Services, and Mortgage Technology.",1.37,22.5,1.01,1.0,19.85,-96.72,0.67,,,4.04,,33.73214879662623,7.491157366214662,False,21.5,13.6,,,5.08,-1.4,1.2,0.5,29.62,,,,,,,,,,,,1.0550000000000002,warn,0.7220000000000001,1.537,,,,,0.64,warn,0.08400000000000002,1.8500000000000019,,,,,,,,,16.549999999999997,warn,6.63,33.89,14.5,bad,8.940000000000001,29.16,2.895,good,0.5220000000000001,15.452000000000002,,,,,,,,,,-0.557,-0.335,-1.604,0.243,,
PPL,PPL Corporation,Utilities,32.11000061035156,24.312343842132567,2.5839455672369613,2.940372325807235,3.0126307863452935,2.938831461400883,3.0823627877982527,10.0,-14.229596970572755,-12.121824009903982,-1.025901284825655,14.484679665738161,1.923064833641405,4.774740324851109,144,0,0,,,,,-19.341872367868472,8.323739350679249,,,0.1170502707966925,-0.8384430494652206,agrees,40.125,16.0,15.383599,Utilities - Regulated Electric,"PPL Corporation provides electricity and natural gas to approximately 3.6 million customers in the United States. It operates in three segments: Kentucky Regulated, Pennsylvania Regulated, and Rhode Island Regulated.",3.5,25.0,1.0,0.96,20.02,18.63,1.33,1.98,,1.22,13.0,16.644851046778264,,False,19.9,8.1,3.5047928853926935,11.273101353727188,-1.62,2.0,2.6,-1.6,15.02,9.41,-17.2,,,,,,,,,,0.765,good,0.52,1.163,2.3,good,1.546,2.748,1.56,good,1.2600000000000002,2.194,14.2,warn,6.9,18.880000000000006,,,,,9.4,bad,8.06,12.780000000000008,19.4,warn,14.590000000000002,24.3,-1.06,warn,-3.549,2.2850000000000006,49.0,25.0,62.0,88.0,4.0,net debt 20x FCF; burning cash,concern,58.0,,-0.875,-0.648,-0.243,0.1,56.0,54.0
SJM,J.M. Smucker Company (The),Consumer Staples,120.62999725341797,12.88328370666504,1.4069481709601546,1.5136294230269223,1.6526290219202666,1.5683303045607904,1.6510489385664877,10.0,-14.866061753813575,-7.048042965062673,-1.024798015930006,18.384401114206128,1.0701556023570005,2.225360405458394,144,0,0,,,,,-8.84842280987006,5.079008067199897,,,1.74731626945146e-06,-0.07968361817739522,agrees,142.125,16.0,11.051312,Packaged Foods,The J. M. Smucker Company manufactures and markets branded food and beverage products worldwide.,3.71,17.8,0.87,1.28,6.74,6.69,1.17,0.73,38.7,-0.14,-1.5,,-21.96934566008647,True,,-2.4,2.6674573898503473,3.02631740725976,1.59,0.1,4.6,-1.5,5.75,9.16,17.4,,,"trailing profit of $0.23B against $-0.14B in the year to 2026-04-30, only 92 days earlier",2026-04-30,True,True,,,,1.025,warn,0.6660000000000001,1.4750000000000005,0.30000000000000004,bad,0.038000000000000006,0.7500000000000002,0.76,warn,0.348,3.822000000000001,6.85,bad,0.48000000000000076,23.350000000000005,37.599999999999994,good,12.760000000000002,61.830000000000005,18.65,bad,1.450000000000001,77.58000000000003,,,,,1.9949999999999999,warn,0.9150000000000001,12.576,44.0,49.0,31.0,32.0,82.0,17% FCF margin,strength,55.0,,-1.169,-0.597,-1.476,-1.426,56.0,50.0
CPAY,Corpay,Financials,396.2300109863281,26.697581910247802,5.317711637252172,5.49506677458839,7.109282951444212,5.66044310780785,7.190045181101067,10.0,-25.20045026240082,-3.227533797339577,-1.0121932493700774,20.254675686430563,3.971219209469583,11.46643212799931,144,0,0,,,,,-6.822027328960556,20.357488328049243,,,-3.1869322736355343e-07,3.541105051692872,agrees,461.0,15.0,12.487272,Software - Infrastructure,"Corpay, Inc. operates as a payments company that helps businesses and consumers to manage and pay their expenses. It operates through Corporate Payments, Vehicle Payments, Lodging Payments, and Other segments.",,16.3,0.97,1.02,15.15,4.98,4.22,,,1.14,,7.0938635805770645,7.014316509078955,False,23.4,31.8,,,1.64,-5.8,-10.2,-21.2,3.59,,,,,,,,,,,,1.0550000000000002,bad,0.7220000000000001,1.537,,,,,0.64,bad,0.08400000000000002,1.8500000000000019,,,,,,,,,16.549999999999997,good,6.63,33.89,14.5,bad,8.940000000000001,29.16,2.895,warn,0.5220000000000001,15.452000000000002,,,,,,,,,,-1.141,-1.046,-1.594,-1.309,,
HII,Huntington Ingalls Industries,Industrials,257.04998779296875,10.153474517822266,0.7700777032857236,0.8629650410012948,0.9155932074755716,0.8801529620542885,1.0016980383094873,10.0,-15.893030114438723,-10.763742828770262,-1.0078608759658572,13.01233585356148,0.5456566970091027,1.6672898803924203,144,0,0,,,,,-43.34736786349399,13.968363730659528,,,-3.3978004188028876e-06,-0.7578606619810246,agrees,367.25,12.0,12.461867,Aerospace & Defense,"Huntington Ingalls Industries, Inc. designs, builds, overhauls, and repairs military ships in the United States. It operates through three segments: Ingalls, Newport News, and Mission Technologies.",2.13,42.9,1.23,0.92,3.21,3.19,0.6,0.24,66.0,0.66,5.0,8.324023488404574,-2.442985366085404,False,15.4,12.4,6.551165932214675,6.597427322607441,-0.08,0.3,-1.0,-2.0,5.31,13.19,-0.6,,,,,,,,,,1.24,warn,0.808,2.3180000000000023,0.29,good,0.0,0.84,0.72,good,0.262,2.2539999999999987,12.0,bad,4.069999999999999,20.65,37.95,good,15.22,61.14000000000001,23.299999999999997,bad,9.15,53.05,27.0,good,15.52,48.68000000000001,1.7,bad,0.634,5.627999999999998,55.0,48.0,56.0,80.0,23.0,net debt 20x FCF; burning cash,concern,61.0,,-0.67,-0.384,-0.492,-0.049,57.0,53.0
XYL,Xylem Inc.,Industrials,100.91000366210938,24.215070848785402,2.6534156091152092,3.60488163507109,3.186675512820513,3.600658137772635,3.2793477929431454,10.0,-16.73405094305688,-26.39382155295419,-1.001052887329415,17.7875049741345,2.0278485358624776,4.952563356408228,144,0,0,,,,,-34.02418851774477,4.53608247422681,,,4.207758230734271e-06,2.7550356345927174,agrees,153.875,16.0,16.16041,Specialty Industrial Machinery,"Xylem Inc., together with its subsidiaries, engages in the design, manufacture, and servicing of engineered products and solutions for utility, industrial, and residential and commercial building services settings worldwide. It operates through Water Infrastructure; Applied Water; Measurement and Control Solutions; and Water Solutions and Services segments.",1.7,52.5,1.61,1.72,3.48,2.0,0.33,0.22,39.2,1.02,11.2,42.46230632769614,21.46998360499699,False,23.7,9.8,14.643998487183163,12.53865040101303,0.96,-1.6,16.1,32.3,10.42,9.13,10.5,,,,,,,,,,1.24,good,0.808,2.3180000000000023,0.29,good,0.0,0.84,0.72,good,0.262,2.2539999999999987,12.0,warn,4.069999999999999,20.65,37.95,good,15.22,61.14000000000001,23.299999999999997,bad,9.15,53.05,27.0,good,15.52,48.68000000000001,1.7,warn,0.634,5.627999999999998,83.0,86.0,69.0,100.0,80.0,sales +15%/yr,strength,75.0,,-0.139,-0.006,0.224,1.111,61.0,58.0
RMD,ResMed|,Health Care,222.10000610351562,32.43859429144287,5.737847589768371,7.43835138659958,7.117100200892035,7.632346135013315,7.516808624646851,10.0,-19.379418192690224,-22.861299613980577,-1.001009839515284,17.23040191006765,4.424410647467825,13.622475224636945,144,0,0,,,,,-21.597004340752733,9.853940489984403,,,-1.273560179537725e-06,0.9172963535990508,agrees,250.22295,17.0,16.842628,Medical Instruments & Supplies,"ResMed Inc. engages in the digital health and cloud-connected medical devices business in the United States and internationally. It operates in two segments, Sleep and Breathing Health, and Residential Care Software.",1.18,12.7,3.1,2.99,0.66,-0.81,0.1,-0.14,61.1,1.52,26.9,19.276942291187215,26.276460710212255,False,21.3,23.1,10.210063461605646,12.07935182426738,1.65,-0.9,-1.0,-0.3,6.59,5.65,29.2,,,,,,,,,,1.54,good,0.87,3.2350000000000008,0.43,good,-0.10799999999999998,0.8800000000000001,0.685,good,0.109,2.5710000000000015,13.8,good,0.76,27.66,60.3,good,12.2,77.8,13.6,good,3.35,71.78,26.0,good,15.0,54.30000000000002,2.2199999999999998,warn,0.557,12.114000000000004,95.0,98.0,91.0,96.0,97.0,net cash; 29% FCF margin; sales +10%/yr,strength,80.0,,-0.634,-0.363,-1.073,0.464,75.0,70.0
PCG,PG&E Corporation,Utilities,11.949999809265137,27.30574956417084,1.0568467532674397,1.5081283629466185,1.5596415886341621,1.459051969695649,2.5904921029794963,10.0,-32.23784483761036,-29.923289075835267,-0.9963587638442912,5.133306804615997,0.49515922791207456,8.231617689972925,144,0,0,2020-03-31,22.727272727272705,78.0,,-37.46729560824104,5.659837238784604,,,-2.7247744727176837e-06,-25.3305353219882,market cap differs from Yahoo by -25%,19.21875,16.0,6.7605824,Utilities - Regulated Electric,"PG&E Corporation, through its subsidiary, Pacific Gas and Electric Company, engages in the sale and delivery of electricity and natural gas to customers in northern and central California, the United States. It generates electricity using nuclear, hydroelectric, fossil fuel-fired, fuel cells, and photovoltaic sources.",1.64,60.8,1.22,0.84,63.14,61.92,1.85,2.4,,3.17,12.3,17.368135690817876,31.2180119387069,False,8.6,9.3,5.086731247073861,5.723982855952281,-4.26,3.7,6.8,6.5,34.15,25.84,-16.5,,,,,,,,,,0.765,good,0.52,1.163,2.3,warn,1.546,2.748,1.56,warn,1.2600000000000002,2.194,14.2,warn,6.9,18.880000000000006,,,,,9.4,warn,8.06,12.780000000000008,19.4,good,14.590000000000002,24.3,-1.06,bad,-3.549,2.2850000000000006,48.0,24.0,59.0,91.0,4.0,net debt 20x FCF; burning cash,concern,57.0,,-1.036,-0.695,-0.677,-0.811,57.0,54.0
LMT,Lockheed Martin,Industrials,518.0999755859375,119.73290435791016,1.5546901129393378,1.6640629505968563,1.7028664494596313,1.691720567946574,1.7128766379167133,10.0,-8.701582943707308,-6.572638229718974,-0.9940625610226075,16.593712693991243,1.3133792549989969,2.1352247150569887,144,0,0,,,,,-23.43727270785615,7.19614720783921,,,4.986106416637881e-07,1.2854448637880544,agrees,636.7368,19.0,15.638028,Aerospace & Defense,"Lockheed Martin Corporation, an aerospace and defense company, engages in the research, design, development, manufacture, integration, and sustainment of technology systems, products, and services in the United States, Europe, Asia, the Middle East, and internationally. The company operates through four segments: Aeronautics; Missiles and Fire Control (MFC); Rotary and Mission Systems (RMS); and Space.",2.69,22.9,1.19,1.36,20.71,16.91,2.36,0.22,11.8,6.29,8.2,-3.7806180201979456,-2.516913930980136,False,19.0,71.7,4.534866355859046,2.8810470908223973,8.73,-1.6,-8.7,-17.0,8.77,77.01,11.3,,,,,,,,,,1.24,warn,0.808,2.3180000000000023,0.29,good,0.0,0.84,0.72,bad,0.262,2.2539999999999987,12.0,warn,4.069999999999999,20.65,37.95,bad,15.22,61.14000000000001,23.299999999999997,good,9.15,53.05,27.0,good,15.52,48.68000000000001,1.7,good,0.634,5.627999999999998,71.0,71.0,78.0,51.0,87.0,margins compressing,concern,69.0,,-0.403,0.101,-0.641,-0.485,61.0,51.0
REGN,Regeneron Pharmaceuticals,Health Care,752.25,80.3403,5.171667299658185,5.784586111540027,6.61619786740394,6.140162266256184,6.952893201802105,10.0,-21.83324315106313,-10.595724569802723,-0.9931657183114198,17.349781138081973,3.7568457302778637,12.173508616315743,144,0,0,,,,,-11.710855251575648,9.290005768879016,,,3.0898569924886488e-06,3.9751456983858846,agrees,850.88464,26.0,12.326961,Biotechnology,"Regeneron Pharmaceuticals, Inc. discovers, invents, develops, manufactures, and commercializes medicines to treat various diseases worldwide. The company develops product candidates to treat eye, allergic and inflammatory, cardiovascular, metabolic, neurological, infectious, and rare diseases; and cancer, hematologic conditions.",0.5,13.1,3.34,5.18,3.49,-4.52,0.11,-0.29,,4.33,27.9,0.22970535378543655,-6.950668267595351,False,18.6,13.7,7.026884295334823,4.638228748001971,3.76,-2.8,-6.2,-3.6,31.71,15.53,24.2,,,,,,,True,,,1.54,good,0.87,3.2350000000000008,0.43,good,-0.10799999999999998,0.8800000000000001,0.685,good,0.109,2.5710000000000015,13.8,good,0.76,27.66,,,,,13.6,good,3.35,71.78,26.0,good,15.0,54.30000000000002,2.2199999999999998,good,0.557,12.114000000000004,85.0,99.0,88.0,63.0,90.0,margins compressing,concern,76.0,,-0.843,-0.856,-1.363,-1.422,74.0,74.0
ISRG,Intuitive Surgical,Health Care,414.7900085449219,148.70221806335448,13.476239583788379,18.15450902786291,16.889495698405028,18.32717315384598,17.37637351486128,10.0,-20.209342987896218,-25.769187351167066,-0.9819305349184124,16.23557500994827,9.36535860137195,28.090213425872964,144,0,0,,,,,-30.034577288534724,20.66047020229633,,,2.3200174448234634e-06,0.6955680414106435,agrees,476.34482,29.0,34.08821,Medical Instruments & Supplies,"Intuitive Surgical, Inc. develops, manufactures, and markets products that enable physicians and healthcare providers to enhance the quality of and access to minimally invasive care in the United States and internationally.",,14.8,4.96,5.31,,,,,66.7,3.14,28.4,30.103860722262965,14.108574741603274,False,47.4,17.2,18.297908648733664,16.407251220866502,3.22,-1.6,0.3,-1.7,18.3,11.03,29.2,,,,,,,,,,1.54,good,0.87,3.2350000000000008,,,,,,,,,13.8,good,0.76,27.66,60.3,good,12.2,77.8,13.6,good,3.35,71.78,26.0,bad,15.0,54.30000000000002,2.2199999999999998,good,0.557,12.114000000000004,96.0,100.0,89.0,100.0,96.0,29% FCF margin; sales +18%/yr; 28% net margin,strength,81.0,,-0.5,-0.738,-0.398,0.447,73.0,77.0
AWK,American Water Works,Utilities,128.92999267578125,25.270278564453125,4.7923911557847765,6.128432835820895,5.94933647260274,6.257903732283602,5.976153374565191,10.0,-19.446627739846388,-21.800706898946665,-0.96674576856723,21.36888181456427,3.8477094121230575,8.88809831824062,144,0,0,,,,,-11.34566961714829,6.849037487335363,,,-0.20817078979782355,-2.0342850116434774,agrees,141.45454,11.0,19.768957,Utilities - Regulated Water,"American Water Works Company, Inc., through its subsidiaries, provides water and wastewater services in the United States. It offers water and wastewater services on military installations; and undertakes contracts with municipal customers, primarily to operate and manage water and wastewater facilities, as well as offers other related services.",2.76,9.7,0.52,1.03,15.54,15.31,1.33,2.9,,1.13,21.4,8.05615662025918,8.535128732813924,False,22.4,9.7,9.463235342630828,6.410711906511013,-1.03,0.5,0.5,7.7,11.66,5.27,-19.5,,,,,,,,,,0.765,bad,0.52,1.163,2.3,bad,1.546,2.748,1.56,good,1.2600000000000002,2.194,14.2,good,6.9,18.880000000000006,,,,,9.4,good,8.06,12.780000000000008,19.4,bad,14.590000000000002,24.3,-1.06,warn,-3.549,2.2850000000000006,49.0,19.0,75.0,81.0,4.0,net debt 20x FCF; burning cash,concern,57.0,,-0.274,-0.158,-0.286,0.013,49.0,47.0
LHX,L3Harris,Industrials,237.6999969482422,44.61628942718506,2.052267222961594,2.2722513959843176,2.501682704691812,2.3241238271962934,2.6813631504206366,9.5,-17.964527671209307,-9.68133074586267,-0.9661982414987436,13.533487297921479,1.7089152768512341,6.957538891339509,144,17,0,2019-09-27,87.0539419087137,84.0,"newest revenue figure was filed 335 days ago, so the denominator is stale; the share count moved +87% in one step on 2019-09-27, which no split explains -- the multiples either side of it are measuring different companies",-37.19615383950482,2.8284930470154235,,,-5.197979801497976,1.321970041791909,agrees,335.33334,15.0,17.465414,Aerospace & Defense,"L3Harris Technologies, Inc. provides mission-critical solutions for government and commercial customers worldwide. It operates through three segments: Space & Mission Systems (SMS), Communications & Spectrum Dominance (CSD), and Missile Solutions (MSL).",2.11,41.1,1.18,0.88,9.53,8.01,0.48,0.37,8.6,1.87,8.6,32.587240544354245,4.550888528825725,False,23.9,9.4,8.871594488210643,3.4291554357626763,2.81,-0.4,-1.6,-9.4,19.88,21.74,12.9,,,,,,,,,,1.24,warn,0.808,2.3180000000000023,0.29,warn,0.0,0.84,0.72,good,0.262,2.2539999999999987,12.0,warn,4.069999999999999,20.65,37.95,bad,15.22,61.14000000000001,23.299999999999997,bad,9.15,53.05,27.0,good,15.52,48.68000000000001,1.7,good,0.634,5.627999999999998,77.0,72.0,62.0,96.0,89.0,sales +9%/yr,strength,72.0,,-0.596,-0.379,-0.022,0.08,67.0,63.0
ULTA,Ulta Beauty,Consumer Discretionary,549.1300048828125,23.89429390246582,1.8443334914743905,2.1005778682806784,2.361474240488271,2.1146022017827417,2.386611035401791,10.0,-21.899063735158663,-12.198756383928943,-0.9564175219911721,19.77715877437326,1.034750347311423,3.996073779878647,144,0,0,,,,,-22.30978114897535,11.162691325408813,,,5.557478033324514e-07,1.997327788195169,agrees,630.64,25.0,17.075024,Specialty Retail,"Ulta Beauty, Inc. operates as a specialty beauty retailer in the United States, Mexico, and Kuwait. The company offers branded and private label beauty products, including cosmetics, fragrance, haircare, skincare, bath and body products, professional hair products, and salon styling tools through its Ulta Beauty stores, shop-in-shops, Ulta.com website, and its mobile applications.",,14.8,1.35,1.69,1.14,0.93,0.43,0.07,39.3,1.21,9.3,-1.4006642437771832,10.707584296967454,False,19.7,45.8,6.465571646684554,11.08785776935246,1.15,-3.9,-13.2,-21.7,2.64,12.96,8.9,,,,,,,,,,1.11,good,0.536,2.038,0.16,good,-0.15,1.18,0.82,good,0.11600000000000002,7.960000000000002,11.0,warn,1.2,21.85,42.5,warn,11.48,74.61999999999999,37.7,good,2.9200000000000004,173.7700000000001,19.299999999999997,warn,12.57,41.30000000000001,1.6549999999999998,warn,0.665,7.38,77.0,87.0,82.0,59.0,77.0,margins compressing,concern,72.0,,-1.054,-1.356,-1.79,-0.51,73.0,76.0
MCD,McDonald's,Consumer Discretionary,233.60000610351562,166.39328434753418,6.0063272695207806,8.345108901602252,7.883705656232839,8.211513968109346,7.432068036815504,10.0,-23.81340030405381,-28.025777250581207,-0.946213505104092,19.060883406287306,3.8365681603801747,9.456519216667386,144,0,0,,,,,-31.50765082287116,6.3046815042210325,,,0.003611233895983723,0.49483411315454084,agrees,298.86206,29.0,16.878422,Restaurants,"McDonald's Corporation owns, operates, and franchises restaurants under the McDonald's brand in the United States and internationally.",3.3,27.9,1.08,1.71,40.59,39.36,8.6,1.42,,8.79,31.7,3.191035879627546,4.965789681573862,False,18.9,186.3,4.615472515409325,4.963608989998525,7.76,-0.8,-3.1,-5.3,4.72,27.7,28.0,,,,,,,,,,1.11,warn,0.536,2.038,0.16,bad,-0.15,1.18,0.82,bad,0.11600000000000002,7.960000000000002,11.0,good,1.2,21.85,,,,,37.7,good,2.9200000000000004,173.7700000000001,19.299999999999997,good,12.57,41.30000000000001,1.6549999999999998,good,0.665,7.38,69.0,41.0,88.0,68.0,92.0,28% FCF margin; 32% net margin,strength,68.0,,-0.087,0.13,0.224,0.811,54.0,50.0
HSIC,Henry Schein,Health Care,85.98999786376953,9.909358884763993,0.7285221941452722,0.7621688518194344,0.8465003687215436,0.7779682757086652,0.8532545745740125,8.6,-13.937167535372962,-4.414593642057341,-0.9346770763214214,22.381422924901187,0.5965528102920222,1.1460247141830102,103,6,0,,,,,-5.359896694068311,6.490252877162761,,,9.410380918950523e-07,4.643757101409407,agrees,97.26667,15.0,14.185427,Medical Distribution,"Henry Schein, Inc. provides health care products and services to office-based dental and medical practitioners worldwide. It operates through Global Distribution and Value-Added Services; Global Specialty Products; and Global Technology segments.",,13.1,1.32,1.97,3.32,3.17,0.87,0.23,31.3,0.4,3.0,-5.133113319712002,-7.848105098057534,False,24.8,10.5,2.5720012473474663,2.712176008348166,0.57,-6.9,-13.0,-18.9,3.82,13.6,4.2,,,,,,,,,,1.54,warn,0.87,3.2350000000000008,0.43,good,-0.10799999999999998,0.8800000000000001,0.685,warn,0.109,2.5710000000000015,13.8,bad,0.76,27.66,60.3,bad,12.2,77.8,13.6,warn,3.35,71.78,26.0,good,15.0,54.30000000000002,2.2199999999999998,bad,0.557,12.114000000000004,56.0,57.0,57.0,45.0,72.0,margins compressing,concern,61.0,,-1.041,-0.742,-1.063,-1.768,62.0,59.0
DIS,Walt Disney Company (The),Communication Services,105.58999633789062,186.7887035217285,1.8894073853362652,2.133498967434472,2.2932228728502366,2.3107724579556725,2.8004786949006233,8.8,-17.60908162459024,-11.440904627749903,-0.9288351788814411,14.956331877729257,1.6043276902121035,6.057964614878209,106,19,0,2019-07-01,18.02212101496421,87.0,,-9.481357618610698,4.576082932247316,,,1.3594845471587291e-06,2.625478115685209,agrees,126.61406,32.0,14.090175,Entertainment,"The Walt Disney Company operates as an entertainment company in Americas, Europe, and the Asia Pacific. It operates in three segments: Entertainment, Sports, and Experiences.",1.42,19.9,0.71,1.05,46.04,40.74,0.39,0.41,,8.6,8.7,25.500079808760656,,False,21.7,7.4,4.031923237529655,10.60344439842138,8.29,-2.4,-3.3,-3.3,116.84,98.86,8.4,,,,,,,,,,1.1,bad,0.699,3.2830000000000017,0.18,warn,-0.13099999999999998,1.0530000000000002,0.815,good,0.21400000000000002,1.9100000000000037,9.6,warn,-0.20999999999999924,29.62,,,,,15.100000000000001,bad,-0.34999999999999876,45.53,21.85,good,7.77,111.25,4.4399999999999995,good,0.7800000000000001,42.20900000000002,71.0,59.0,64.0,89.0,76.0,,,69.0,,-1.129,-1.023,-1.315,-0.68,71.0,70.0
UBER,Uber,Industrials,68.16000366210938,140.4616136267395,2.543350419663199,3.441030482956173,3.7033245521806855,3.3760263320462545,4.137921689477608,6.6,-31.32250809166701,-26.087535920977402,-0.9224536625789931,17.725347852389596,1.42312242,10.164465198237885,89,10,0,2020-03-31,38.13136188241628,78.0,"the share count moved +145% in one step on 2019-07-01, which no split explains -- the multiples either side of it are measuring different companies",-31.908088249640976,16.682512518222726,,,2.2018216139230162e-06,-0.8543392265895844,agrees,100.77319,47.0,15.715455,Software - Application,"Uber Technologies, Inc. develops and operates proprietary technology applications in the United States, Canada, Latin America, Europe, the Middle East, Africa, and the Asia Pacific. The company operates through three segments: Mobility, Delivery, and Freight.",,47.8,0.84,1.14,14.72,7.02,0.52,0.13,,9.58,17.3,,,True,14.7,33.9,16.412693155793747,33.948495924472866,10.12,-3.1,-0.9,5.4,28.22,55.23,18.3,,,,,,,,,,1.24,bad,0.808,2.3180000000000023,0.29,good,0.0,0.84,0.72,good,0.262,2.2539999999999987,12.0,good,4.069999999999999,20.65,,,,,23.299999999999997,good,9.15,53.05,27.0,good,15.52,48.68000000000001,1.7,good,0.634,5.627999999999998,86.0,81.0,90.0,85.0,92.0,18% FCF margin; sales +16%/yr; buying back stock,strength,75.0,,-0.9,-0.65,-0.791,0.308,75.0,71.0
PFE,Pfizer,Health Care,28.719999313354492,164.6517560634613,2.5849622592228916,2.4742781261893336,3.8247138768037416,2.7079707767237307,3.789503926957677,10.0,-32.41423169193751,4.473390920042775,-0.9118419453896683,31.038599283724633,1.9375249500998004,7.879953407552936,144,0,0,,,,,-1.033772180032766,-0.21462253066595327,,,1.6076362907568864e-06,0.5847053907957145,agrees,28.875,26.0,9.91425,Drug Manufacturers - General,"Pfizer Inc. discovers, develops, manufactures, markets, distributes, and sells biopharmaceutical products in the United States and internationally. It operates in three segments: Biopharma, PC1, and Pfizer Ignite.",5.99,0.5,1.27,2.38,63.19,34.43,0.74,0.54,73.2,4.33,6.8,-44.431657066694704,-15.842747055256002,False,38.0,5.1,-11.322149646794832,6.381388754087647,10.98,0.4,0.2,1.0,85.49,63.7,17.2,,,,,,,,,,1.54,warn,0.87,3.2350000000000008,0.43,warn,-0.10799999999999998,0.8800000000000001,0.685,warn,0.109,2.5710000000000015,13.8,warn,0.76,27.66,60.3,good,12.2,77.8,13.6,bad,3.35,71.78,26.0,warn,15.0,54.30000000000002,2.2199999999999998,good,0.557,12.114000000000004,51.0,63.0,54.0,5.0,94.0,sales -11%/yr; margins compressing,concern,58.0,,-1.168,-1.143,-1.581,-1.66,60.0,60.0
FRT,Federal Realty Investment Trust,Real Estate,109.83000183105469,9.518087618682861,7.260699759847481,7.4752705955646155,8.3387769665779,7.814089510691188,8.963330965565822,10.0,-12.928481131602254,-2.870408943382574,-0.8921336124091737,24.990051730998804,5.299749088468756,14.560010541491621,144,0,0,,,,,-13.608116234520029,7.426310126421498,,,-1.8359708077989478,-0.46643735108814477,agrees,132.0,19.0,34.28831,REIT - Retail,"Federal Realty Investment Trust is a recognized leader in the ownership, operation and redevelopment of high-quality retail-based properties located primarily in major coastal markets and select underserved regions with strong economic and demographic fundamentals. Federal Realty's mission is to deliver long-term, sustainable growth through investing in communities where retail demand exceeds supply.",4.24,20.2,,,4.96,4.84,1.47,,,0.51,,9.202791457873815,32.25449336797168,False,18.7,15.1,,,0.63,0.1,6.7,11.8,3.38,,,,,,,,,,,,,,,,,,,,0.825,bad,0.135,2.58,,,,,,,,,7.3,good,2.22,18.460000000000015,30.25,good,16.78,128.50000000000003,1.2,warn,-0.10599999999999986,3.3679999999999994,,,,,,,,,,-0.997,-0.788,-0.572,-1.18,,
ABNB,Airbnb,Consumer Discretionary,156.0800018310547,93.96016110229492,7.140372452488405,8.818601954109853,9.33999328649418,10.072267319325007,10.91143667154823,5.8,-23.550561189229878,-19.030561877660435,-0.8891461924210441,18.969072164948454,5.846440592815876,29.4053665925878,70,0,15,2021-03-31,100.85158720079144,66.0,"15 of the months in the window are valued on a revenue figure that was already up to 729 days old, and there is not enough history left to measure without them, so the median rests on them; the share count moved +111% in one step on 2021-03-31, which no split explains -- the multiples either side of it are measuring different companies",-18.068240508632705,13.635578583765117,,,-4.863591418491353e-07,-0.02685276865513897,agrees,184.35,40.0,25.369856,Travel Services,"Airbnb, Inc., together with its subsidiaries, operates a platform for stays, experiences, and services worldwide. The company's marketplace connects hosts and guests online or through mobile devices to book spaces, experiences, and services. It also offers gift cards.",,18.1,1.41,1.78,4.47,-19.82,0.57,-1.51,82.9,2.69,20.4,5.371566408369821,,False,34.9,34.5,13.128657496820463,24.36660686897596,4.82,-4.3,-9.7,-1.6,7.8,13.16,36.6,,,,,,,,,,1.11,good,0.536,2.038,0.16,good,-0.15,1.18,0.82,good,0.11600000000000002,7.960000000000002,11.0,good,1.2,21.85,42.5,good,11.48,74.61999999999999,37.7,warn,2.9200000000000004,173.7700000000001,19.299999999999997,bad,12.57,41.30000000000001,1.6549999999999998,good,0.665,7.38,90.0,93.0,94.0,77.0,100.0,margins compressing,concern,77.0,,-0.715,-0.384,-1.012,-1.048,74.0,68.0
NCLH,Norwegian Cruise Line Holdings,Consumer Discretionary,14.3100004196167,6.659715740654965,0.655851328963657,1.1569467011681007,1.8055567319373278,14.561405482155136,21.684109277626284,10.0,-63.675950062231436,-43.311880460743545,-0.8854438236516489,4.336842105263158,0.26027754196289415,454.10042744239337,144,7,0,2024-07-01,19.15704146139603,27.0,"trailing revenue falls 97% around 2021-03-31, 100x this company's usual move between filings, at the exact point the source concept changes from reported-annual to RevenueFromContractWithCustomerIncludingAssessedTax",-42.80575371855836,6.20555770665685,,,4.333136849332675e-06,-2.0050756707703177,agrees,20.2,25.0,8.862329,Travel Services,"Norwegian Cruise Line Holdings Ltd., together with its subsidiaries, operates as a cruise company in North America, Europe, the Asia-Pacific, and internationally. It offers itineraries to destinations, such as Europe, Asia, Australia, New Zealand, South America, Africa, Canada, Bermuda, the Caribbean, and Alaska; and inter-island itinerary in Hawaii.",,41.2,0.2,0.3,13.89,13.44,5.4,1.32,42.5,0.42,4.2,,,True,15.9,16.3,12.337748412561123,,-1.19,3.9,0.9,25.8,2.57,10.15,-11.7,,,"trailing profit of $0.76B against $0.42B in the year to 2025-12-31, only 181 days earlier",2025-12-31,True,,,,,1.11,bad,0.536,2.038,0.16,bad,-0.15,1.18,0.82,bad,0.11600000000000002,7.960000000000002,11.0,bad,1.2,21.85,42.5,good,11.48,74.61999999999999,37.7,warn,2.9200000000000004,173.7700000000001,19.299999999999997,good,12.57,41.30000000000001,1.6549999999999998,bad,0.665,7.38,41.0,12.0,51.0,85.0,4.0,net debt 20x FCF; burning cash,concern,52.0,,-0.972,-0.853,-0.663,-0.525,53.0,51.0
PNW,Pinnacle West Capital,Utilities,91.31999969482422,11.368792042007446,2.0468621064156314,2.0743076276492927,2.3463300316865356,2.060488703406094,2.3541017019946144,10.0,-12.76324818873189,-1.3231172111517475,-0.8694386883616618,20.214882610425786,1.6028592976561453,3.365319921675704,144,0,0,,,,,-16.503611872703473,5.689825773894253,,,3.1687424684179177e-06,0.4326104507986539,agrees,105.46154,13.0,16.780422,Utilities - Regulated Electric,"Pinnacle West Capital Corporation, through its subsidiary, provides retail and wholesale electric services in the state of Arizona. The company engages in the generation, transmission, and distribution of electricity using nuclear, gas, oil, coal, and solar generating facilities.",3.9,15.5,0.59,1.1,10.59,10.59,1.5,1.91,81.1,0.65,11.7,15.457867356360033,1.7579400887209884,False,17.5,9.2,6.904786912819172,8.510880886662742,-0.88,2.2,9.5,10.0,7.08,5.55,-15.8,,,,,,,,,,0.765,warn,0.52,1.163,2.3,good,1.546,2.748,1.56,good,1.2600000000000002,2.194,14.2,warn,6.9,18.880000000000006,67.6,good,31.29,82.50999999999999,9.4,warn,8.06,12.780000000000008,19.4,good,14.590000000000002,24.3,-1.06,warn,-3.549,2.2850000000000006,48.0,21.0,62.0,91.0,4.0,net debt 20x FCF; burning cash,concern,56.0,,-0.637,-0.324,0.43,-0.905,53.0,49.0
SWK,Stanley Black & Decker,Industrials,88.7300033569336,13.433811238243104,0.8810385329094291,0.8365678089836005,1.4123804132337796,0.9489800787601719,1.3327138536496006,10.0,-37.62030932642237,5.3158540704379975,-0.8560545021687382,32.232391563867886,0.5514819461527949,2.627482337254902,144,0,0,,,,,-14.682689079871547,0.5678820177289934,,,2.0986772319986358e-07,0.1867676302782062,agrees,100.72727,11.0,13.927188,Tools & Accessories,"Stanley Black & Decker, Inc. provides hand tools, power tools, outdoor products, and related accessories in the United States, Canada, Other Americas, Europe, and Asia.",3.78,13.5,1.43,1.3,4.81,4.21,0.54,0.28,28.1,0.62,4.1,-4.703112130291142,-19.361879526786108,False,21.7,6.9,-1.9874810891213013,-0.1629607344539874,1.29,-0.2,0.8,-6.3,8.96,15.25,8.5,,,,,,,,,,1.24,good,0.808,2.3180000000000023,0.29,good,0.0,0.84,0.72,good,0.262,2.2539999999999987,12.0,bad,4.069999999999999,20.65,37.95,warn,15.22,61.14000000000001,23.299999999999997,bad,9.15,53.05,27.0,good,15.52,48.68000000000001,1.7,warn,0.634,5.627999999999998,58.0,68.0,51.0,40.0,82.0,,,61.0,,-0.989,-0.721,-0.806,-1.469,63.0,59.0
ABT,Abbott Laboratories,Health Care,100.9800033569336,176.41943740480804,3.908792427101698,4.662962571256475,4.567799374059781,4.685050775660748,4.618030490188657,10.0,-14.427230554400838,-16.173626372290606,-0.8433775855265817,18.54357341822523,2.6921367587405833,7.107748983582135,144,0,0,,,,,-24.972135108898442,6.5888909880974955,,,-3.114736370062099,0.9945166395171734,agrees,120.2636,25.0,16.643446,Medical Devices,"Abbott Laboratories, together with its subsidiaries, discovers, develops, manufactures, and sells health care products worldwide. It operates in four segments: Established Pharmaceutical Products, Diagnostic Products, Nutritional Products, and Medical Devices.",2.5,19.1,1.39,1.74,34.05,26.75,0.65,0.59,37.1,6.28,13.9,2.6398310754750964,1.8586126878229914,False,28.1,11.9,2.832809392210134,3.8658571939729436,7.38,-0.2,-0.2,-2.6,52.7,45.13,16.4,,,,,,,,,,1.54,warn,0.87,3.2350000000000008,0.43,warn,-0.10799999999999998,0.8800000000000001,0.685,good,0.109,2.5710000000000015,13.8,good,0.76,27.66,60.3,warn,12.2,77.8,13.6,warn,3.35,71.78,26.0,warn,15.0,54.30000000000002,2.2199999999999998,good,0.557,12.114000000000004,72.0,69.0,71.0,65.0,92.0,16% FCF margin,strength,68.0,,-0.359,0.062,-0.963,1.111,60.0,52.0
OKE,Oneok,Energy,88.62000274658203,56.00784173583985,1.4227465766356715,1.6713081959002611,1.8409737409853564,1.8751819411110082,1.893164541061957,10.0,-22.71771481791123,-14.872279084989481,-0.8305787295722461,25.90529247910863,0.628211700738472,3.445203180655195,144,0,0,2024-04-01,20.66337041615163,30.0,"share count jumps +37% in one day on 2018-04-02 with no split or corporate action to explain it; the share count moved +79% in one step on 2017-10-02, which no split explains -- the multiples either side of it are measuring different companies",-9.117010822908389,40.82924909669803,,,-1.6257683976839132e-06,2.2837092342877785,agrees,101.5,20.0,13.927125,Oil & Gas Midstream,"ONEOK, Inc. operates as a midstream service provider of gathering, processing, fractionation, transportation, storage, and marine export services in the United States. It operates in four segments: Natural Gas Gathering and Processing; Natural Gas Liquids; Natural Gas Pipelines; and Refined Products and Crude.",4.93,14.5,0.74,0.97,33.0,32.84,1.43,0.83,5.3,3.66,9.3,14.572284412201796,22.11002664311621,False,15.3,15.9,27.035133751311278,28.29351700201932,2.91,0.6,40.8,41.4,23.04,39.37,7.4,,,,,,,,True,,1.25,warn,0.477,1.9010000000000002,0.28,bad,0.11,1.4260000000000002,0.4,bad,0.222,1.59,12.55,warn,2.81,26.3,43.6,bad,8.180000000000001,85.02000000000001,13.85,good,6.09,24.81000000000001,23.65,good,11.39,37.81000000000001,4.74,warn,0.6950000000000001,13.038,61.0,30.0,68.0,84.0,70.0,net debt 11x FCF; margins compressing,concern,62.0,,-0.196,-0.118,-0.055,0.098,53.0,52.0
CHD,Church & Dwight,Consumer Staples,95.62000274658203,22.77668465423584,3.6564968702117224,4.109966515365727,4.071585726899704,4.083572523332086,4.044516582606401,10.0,-10.19477138711874,-11.033414590085833,-0.8266375253805522,21.84639872662157,2.9526248399487836,5.370579347281792,144,0,0,,,,,-9.158272138911238,2.6887570062644306,,,-5.13717868244612e-07,1.128539181468624,agrees,105.10526,19.0,23.530138,Household & Personal Products,"Church & Dwight Co., Inc. develops, manufactures, and markets household, personal care, and specialty products. It operates in three segments: Consumer Domestic, Consumer International, and Specialty Products Division.",1.3,9.9,1.15,1.47,2.26,1.98,0.52,0.32,45.6,0.74,12.0,18.56557920156572,-1.5525031105246057,False,30.8,17.0,3.382752032575098,4.302075774515579,1.07,-3.6,-3.9,-4.7,4.35,6.23,17.2,,,,,,,,,,1.025,good,0.6660000000000001,1.4750000000000005,0.30000000000000004,warn,0.038000000000000006,0.7500000000000002,0.76,good,0.348,3.822000000000001,6.85,good,0.48000000000000076,23.350000000000005,37.599999999999994,good,12.760000000000002,61.830000000000005,18.65,warn,1.450000000000001,77.58000000000003,29.2,warn,15.52,39.06,1.9949999999999999,bad,0.9150000000000001,12.576,83.0,80.0,78.0,87.0,94.0,17% FCF margin; buying back stock,strength,73.0,,-0.588,-0.102,-0.437,-0.861,69.0,60.0
SPGI,S&P Global,Financials,395.9200134277344,117.82579599609375,7.490514685066354,10.347042880505747,9.726952620103914,10.338884194629417,9.352558387453156,10.0,-22.992174655145668,-27.607193943510268,-0.8246605423604232,20.331588132635254,4.809039943222143,13.955663377162628,144,11,0,2022-06-30,22.8013029315961,51.0,,-23.40304417795164,8.53515490236667,,,-2.4314624405358143,1.8423831886757336,agrees,520.3,20.0,19.409721,Financial Data & Stock Exchanges,"S&P Global Inc., together with its subsidiaries, provides benchmarks, data, analytics, and workflow solutions in the global capital, energy and commodity, and automotive markets. It operates through four segments: S&P Global Market Intelligence, S&P Global Ratings, S&P Global Energy, and S&P Dow Jones Indices.",0.99,31.4,0.68,0.92,16.02,14.15,0.51,,,4.78,,19.37182506242081,14.233448415793259,False,24.6,15.3,,,5.56,-3.0,-7.3,23.1,31.29,,,,,,,,,,,,1.0550000000000002,bad,0.7220000000000001,1.537,,,,,0.64,good,0.08400000000000002,1.8500000000000019,,,,,,,,,16.549999999999997,warn,6.63,33.89,14.5,bad,8.940000000000001,29.16,2.895,good,0.5220000000000001,15.452000000000002,,,,,,,,,,-0.265,0.022,-0.418,0.666,,
LOW,Lowe's,Consumer Discretionary,187.66000366210938,105.08960205078125,1.1620842406535437,1.4929832890239272,1.35739921976593,1.5128916276400861,1.3680563582281056,10.0,-14.388911992012666,-22.1636136722412,-0.8197527746973046,23.398328690807798,0.704848400401293,1.937957803425715,144,0,0,,,,,-34.70197165450802,8.15543037565929,,,4.529370345451866e-06,0.02534538087908267,agrees,251.09091,33.0,14.373524,Home Improvement Retail,"Lowe's Companies, Inc., together with its subsidiaries, operates as a home improvement retailer in the United States and Canada. It provides a line of products for construction, maintenance, repair, remodeling, and decorating.",2.67,33.8,1.1,1.26,35.58,32.18,,0.36,33.1,6.64,7.3,1.3335489465724715,-1.0664596159789541,False,15.8,,-1.7478443019081857,-0.899283668317552,7.0,0.0,-5.2,-21.5,0.45,90.43,7.7,,True,,,,,,,,1.11,warn,0.536,2.038,0.16,warn,-0.15,1.18,,,,,11.0,warn,1.2,21.85,42.5,warn,11.48,74.61999999999999,,,,,19.299999999999997,good,12.57,41.30000000000001,1.6549999999999998,good,0.665,7.38,58.0,48.0,60.0,56.0,77.0,,,61.0,,-0.611,-0.119,0.342,1.546,58.0,50.0
NFLX,Netflix,Communication Services,69.2300033569336,296.28890684692385,6.125371657287113,7.6518150770971864,8.337061307131512,7.6602665216567605,8.349285820872463,10.0,-26.528408132881577,-19.948775609840652,-0.7545000621286071,17.309988062077196,2.4788544351322557,14.830110545370855,144,0,0,,,,,-44.230069394664206,16.016001944490533,,,-3.7708726918772584e-06,1.2175051302323991,agrees,92.81556,45.0,18.439152,Entertainment,"Netflix, Inc. provides entertainment services worldwide. The company offers television (TV) series, documentaries, feature films, games, and live programming across various genres and languages.",,34.1,1.14,1.29,14.31,5.18,0.47,0.11,20.1,13.65,28.2,47.570586879445976,25.46079630211977,False,21.7,45.3,14.611072033153082,11.889217330736734,11.15,-1.8,-5.3,-6.0,30.15,48.37,23.1,,,,,,,,True,,1.1,good,0.699,3.2830000000000017,0.18,good,-0.13099999999999998,1.0530000000000002,0.815,good,0.21400000000000002,1.9100000000000037,9.6,good,-0.20999999999999924,29.62,60.9,bad,20.1,88.5,15.100000000000001,good,-0.34999999999999876,45.53,21.85,good,7.77,111.25,4.4399999999999995,good,0.7800000000000001,42.20900000000002,93.0,85.0,96.0,100.0,89.0,23% FCF margin; sales +15%/yr; 28% net margin,strength,76.0,,-0.454,-0.135,-0.442,1.515,71.0,64.0
VEEV,Veeva Systems,Health Care,279.9599914550781,46.49351570092774,13.444823050395835,14.151620706630935,16.061585739867063,14.88419107541374,18.79980050913401,10.0,-16.292056910520756,-4.99446438600436,-0.7488253741818114,22.40350179068842,7.659301244631262,39.93592531144609,144,0,0,,,,,-8.575536720306287,16.50421785199667,,,2.3134104853994586e-06,3.083096337905089,agrees,297.2963,27.0,27.175865,Health Information Services,"Veeva Systems Inc. provides cloud-based software for the life sciences industry in North America, Europe, the Asia Pacific, the Middle East, Africa, and Latin America.",,6.2,5.46,4.35,,,,,75.0,1.01,29.3,23.38626658400562,19.055386376713933,False,46.0,13.6,15.703840520449198,15.764224973803675,1.66,-1.0,1.7,2.0,7.43,3.46,48.0,,,,,,,,,,1.54,good,0.87,3.2350000000000008,,,,,,,,,13.8,good,0.76,27.66,60.3,good,12.2,77.8,13.6,good,3.35,71.78,26.0,bad,15.0,54.30000000000002,2.2199999999999998,warn,0.557,12.114000000000004,95.0,100.0,85.0,98.0,100.0,48% FCF margin; sales +16%/yr; 29% net margin,strength,76.0,,-0.738,-0.582,-1.684,-0.008,76.0,74.0
PG,Procter & Gamble,Consumer Staples,149.02999877929688,361.0251720428467,4.148141188317611,4.641217185965871,4.5992794227521205,4.6142496417842365,4.508396859910939,9.1,-9.808889457830695,-10.623850983298633,-0.7432381975917361,20.782851817334578,3.0826000568589897,5.446677266716793,144,38,0,,,,,-10.867225610468367,3.261591761188365,,,0.001153120738717206,4.797222375924548,agrees,160.6087,23.0,20.043379,Household & Personal Products,"The Procter & Gamble Company provides branded consumer packaged goods worldwide. It operates through five segments: Beauty; Grooming; Health Care; Fabric & Home Care; and Baby, Feminine & Family Care.",2.93,7.8,0.68,0.67,34.14,18.15,0.63,0.21,50.2,16.05,18.4,3.0705817270959335,2.321209320781592,False,22.5,29.6,2.002498654743312,2.716665064417234,15.15,-1.3,-2.5,-6.9,54.31,87.03,17.4,,,,,,,,,,1.025,bad,0.6660000000000001,1.4750000000000005,0.30000000000000004,good,0.038000000000000006,0.7500000000000002,0.76,good,0.348,3.822000000000001,6.85,good,0.48000000000000076,23.350000000000005,37.599999999999994,good,12.760000000000002,61.830000000000005,18.65,good,1.450000000000001,77.58000000000003,29.2,good,15.52,39.06,1.9949999999999999,good,0.9150000000000001,12.576,79.0,78.0,89.0,65.0,88.0,17% FCF margin; 18% net margin,strength,70.0,,-0.79,-0.845,-0.763,-0.481,70.0,71.0
CVS,CVS Health,Health Care,87.8499984741211,113.06294803619384,0.2723843927190844,0.270786234697917,0.3507670837271963,0.2999699353942583,0.34424286191530346,10.0,-22.346079391267182,0.5901917514197885,-0.7228119079622388,25.945085555113412,0.14976568937849677,0.5879340726568264,144,0,0,2019-04-01,24.71264367816093,90.0,,-20.569621632801905,7.356953866765292,,,0.5915498399160724,1.4943081207072328,agrees,116.28,25.0,10.212587,Healthcare Plans,CVS Health Corporation provides health solutions in the United States.,3.05,32.4,0.87,0.86,60.7,46.53,0.76,0.11,7.1,1.77,0.4,18.14396249603847,-7.454675397633526,False,63.9,2.2,6.959420305821795,8.323466857879058,11.76,1.3,-0.2,-3.0,79.9,415.09,2.8,,,"trailing profit of $4.89B against $1.77B in the year to 2025-12-31, only 181 days earlier",2025-12-31,True,,,,,1.54,bad,0.87,3.2350000000000008,0.43,good,-0.10799999999999998,0.8800000000000001,0.685,warn,0.109,2.5710000000000015,13.8,bad,0.76,27.66,60.3,bad,12.2,77.8,13.6,bad,3.35,71.78,26.0,bad,15.0,54.30000000000002,2.2199999999999998,good,0.557,12.114000000000004,60.0,56.0,34.0,93.0,67.0,sales +7%/yr,strength,60.0,,-0.85,-0.698,-0.388,-1.07,62.0,60.0
MA,Mastercard,Financials,568.260009765625,504.614888671875,14.383458902370807,16.566155283968367,16.44330960053961,16.607468814036654,16.66704771964451,10.0,-12.526983607370667,-13.175636375386567,-0.7210430917927309,20.692399522483086,10.496224731897124,25.806071498594864,144,0,0,,,,,-5.267894214379187,16.011375285208818,,,-5.290311266836767e-06,2.2104836537696126,agrees,666.7138,37.0,24.477076,Credit Services,"Mastercard Incorporated, a technology company, provides transaction processing and other payment-related products and services in the United States and internationally.",0.62,17.3,1.06,1.17,24.64,9.08,4.39,,,16.26,,16.6916091308519,17.71934688606196,False,31.0,289.8,,,16.7,-2.5,-6.7,-10.8,5.61,,,,,,,,,,,,1.0550000000000002,good,0.7220000000000001,1.537,,,,,0.64,bad,0.08400000000000002,1.8500000000000019,,,,,,,,,16.549999999999997,good,6.63,33.89,14.5,bad,8.940000000000001,29.16,2.895,good,0.5220000000000001,15.452000000000002,,,,,,,,,,-0.283,-0.072,-0.579,0.468,,
BMY,Bristol Myers Squibb,Health Care,63.880001068115234,130.8262421875,2.6598268244520797,2.526220898867079,3.3513744704523085,2.655040336499692,3.4144916929096545,10.0,-20.6347470895097,5.2887665383861915,-0.7160092657496933,28.690807799442897,1.767253920147582,5.484932614555256,144,0,0,2020-03-31,31.89252336448598,78.0,"the share count moved +32% in one step on 2020-03-31, which no split explains -- the multiples either side of it are measuring different companies",-6.18299152868963,3.106657722622841,,,-1.8216565367268345e-06,1.885593307353095,agrees,66.70833,24.0,9.575253,Drug Manufacturers - General,"Bristol-Myers Squibb Company discovers, develops, licenses, manufactures, markets, distributes, and sells biopharmaceutical products worldwide. The company offers products for oncology, hematology, immunology, cardiovascular, and neuroscience indications.",4.01,4.4,1.53,1.18,43.89,34.99,1.97,0.71,62.5,9.28,18.9,5.240577260138757,,False,14.1,41.6,2.8663188584958865,2.076139057886639,11.44,0.4,-2.8,-9.3,22.32,49.19,23.3,,,,,,,,,,1.54,warn,0.87,3.2350000000000008,0.43,bad,-0.10799999999999998,0.8800000000000001,0.685,bad,0.109,2.5710000000000015,13.8,good,0.76,27.66,60.3,good,12.2,77.8,13.6,good,3.35,71.78,26.0,good,15.0,54.30000000000002,2.2199999999999998,good,0.557,12.114000000000004,78.0,65.0,87.0,71.0,98.0,23% FCF margin; 19% net margin,strength,69.0,,-0.925,-0.759,-1.111,-1.799,72.0,69.0
IP,International Paper,Materials,34.0,18.0812,0.7470644135024583,0.892050203360585,0.9184497789530224,0.9054763390440301,0.9257852247657807,10.0,-18.66028708133972,-16.25309756243848,-0.7140779039649469,25.387982491046557,0.4920626909854851,1.6568058550757025,144,0,0,2025-03-31,23.5460191981931,18.0,,-30.88026021549095,25.358678199616726,,,7.932901002760673e-07,2.470526282130603,agrees,47.90909,11.0,11.034172,Packaging & Containers,"International Paper Company produces and sells renewable fiber-based packaging in North America, Latin America, Europe, South America, and North Africa. It operates through two segments, Packaging Solutions North America and Packaging Solutions EMEA.",5.55,40.9,1.1,1.75,9.22,8.49,0.64,0.35,28.5,-3.44,-14.2,,,False,,-23.8,6.145547163620679,5.042487508112203,0.49,-0.2,52.2,26.6,14.46,24.2,2.0,,,,,,,,,,1.64,bad,1.072,2.87,0.39,good,0.116,0.574,0.59,warn,0.20800000000000002,1.298,7.3,bad,-6.159999999999999,19.96,24.55,good,11.040000000000001,43.940000000000005,13.1,bad,-4.5,27.26,,,,,1.12,bad,-0.08599999999999988,2.950000000000001,44.0,38.0,22.0,80.0,41.0,net debt 17x FCF,concern,52.0,,-0.563,-0.119,-0.273,1.42,50.0,44.0
KKR,KKR & Co.,Financials,93.23999786376953,83.70868910530224,3.928296974014326,4.98635898351701,5.422732563837199,5.163308263192001,5.420243601259806,6.7,-27.55871827035833,-21.21913029126525,-0.7033682722697868,22.07792207792208,1.8515446745305695,10.082568139001877,81,0,0,2022-06-30,45.61787814775655,51.0,"the share count moved +46% in one step on 2022-06-30, which no split explains -- the multiples either side of it are measuring different companies",-34.69216371522762,31.140718401464795,,,-17.512259841174693,-2.73236057516002,revenue differs from Yahoo by -18%,128.67,20.0,12.576307,Asset Management,KKR & Co. Inc. is a private equity and real estate investment firm specializing in direct and fund of fund investments.,0.84,38.0,,,36.91,15.71,0.48,,,5.51,,53.2883110933716,-18.75914256268497,False,15.2,7.1,,,2.29,0.8,4.6,54.0,77.38,,,,,,,,,,,,,,,,,,,,0.64,good,0.08400000000000002,1.8500000000000019,,,,,,,,,16.549999999999997,bad,6.63,33.89,14.5,warn,8.940000000000001,29.16,2.895,warn,0.5220000000000001,15.452000000000002,,,,,,,,,,-0.491,-0.287,-0.664,1.0,,
APH,Amphenol,Information Technology,84.62000274658203,218.21806308288575,7.521752095123528,10.44697592914151,8.256192304829947,11.128075825639765,9.455530132071162,10.0,-8.895628669850197,-28.00067554341886,-0.6926245331231938,27.09908475925189,5.099017676951881,20.252640236488904,144,0,0,,,,,-52.0077116909131,54.17023153486839,,,2.206014193539829e-06,4.922799203378325,agrees,99.38889,18.0,25.711142,Electronic Components,"Amphenol Corporation, together with its subsidiaries, designs, manufactures, and markets electrical, electronic, and fiber optic connectors in the United States, China, and internationally. It operates through three segments: Communications Solutions, Harsh Environment Solutions, and Interconnect and Sensor Systems.",0.59,17.5,1.89,2.33,17.93,12.51,1.15,0.43,38.5,5.14,17.7,39.26548870546558,29.674318654975053,False,42.5,32.9,32.172123718695154,24.295653804654947,4.71,1.4,4.1,3.3,15.61,29.01,16.2,,,,,,,,,,1.53,good,0.79,3.3979999999999997,0.09,bad,-0.29799999999999993,0.782,0.44999999999999996,bad,0.055,1.72,17.75,warn,3.92,38.12,55.5,bad,27.770000000000003,80.71000000000001,20.5,good,4.800000000000001,76.72,40.349999999999994,warn,13.68,156.26,2.6950000000000003,good,0.716,12.751,85.0,77.0,81.0,97.0,86.0,16% FCF margin; sales +32%/yr,strength,71.0,,-0.631,-0.713,2.543,2.34,70.0,72.0
AES,AES Corporation,Utilities,14.869999885559082,10.632049918174744,0.8144668238221805,0.9826768042481294,0.9611311394079709,1.060050671734689,1.0508426561859305,10.0,-15.259552996704628,-17.11752833676079,-0.6833194291507867,30.043772383605255,0.5665640729433122,2.0262176057076906,144,0,0,,,,,-13.946759921533092,8.494015957446809,,,-9.805423584197115e-07,0.28629011413474625,agrees,15.0,8.0,6.268719,Utilities - Diversified,"The AES Corporation, together with its subsidiaries, operates as a power generation and utility company. It operates through four segments: Renewables, Utilities, Energy Infrastructure, and New Energy Technologies.",4.71,0.9,0.75,0.83,,,,,20.3,0.9,6.9,,,True,11.8,9.2,0.25918219630602923,4.57100434686073,-1.72,0.4,0.4,6.7,9.77,13.05,-13.2,,,"trailing profit of $1.87B against $0.90B in the year to 2025-12-31, only 181 days earlier",2025-12-31,True,,,,,0.765,warn,0.52,1.163,,,,,,,,,14.2,bad,6.9,18.880000000000006,67.6,bad,31.29,82.50999999999999,9.4,warn,8.06,12.780000000000008,19.4,good,14.590000000000002,24.3,-1.06,warn,-3.549,2.2850000000000006,42.0,28.0,58.0,62.0,4.0,burning cash,concern,50.0,,-0.33,-0.349,-0.236,-0.432,46.0,46.0
TXT,Textron,Industrials,77.37000274658203,13.585476152275085,0.887997656858297,1.150292947046995,1.0646654142674343,1.1478462154228368,1.047407772368941,10.0,-16.59373499332627,-22.802477478633264,-0.6539984524773804,18.304814962196577,0.36980755245781366,1.4193340276255206,144,0,0,,,,,-23.22119405916242,8.796757218034411,,,-2.0916399279258258e-06,1.7536291776139024,agrees,101.46667,15.0,10.68239,Aerospace & Defense,"Textron Inc. operates in the aircraft, defense, industrial, and finance businesses worldwide. It operates in six segments: Textron Aviation, Bell, Textron Systems, Industrial, Textron eAviation, and Finance.",0.1,31.1,,,,,,,30.3,0.94,6.1,1.1615468202031964,5.852215201249367,False,14.5,11.7,5.12741276650408,4.168906167518727,0.76,-3.7,-14.2,-23.1,8.05,15.3,5.0,,,,,,,,,,,,,,,,,,,,,,12.0,bad,4.069999999999999,20.65,37.95,warn,15.22,61.14000000000001,23.299999999999997,bad,9.15,53.05,27.0,good,15.52,48.68000000000001,1.7,bad,0.634,5.627999999999998,,,64.0,63.0,65.0,buying back stock,strength,,,-0.371,-0.167,0.336,0.416,,
BX,Blackstone Inc.,Financials,114.55999755859375,91.6362482007254,5.687989941995856,8.38556040008423,7.177122389890328,8.205610119446966,7.889450337848184,10.0,-20.748321778545375,-32.169232935955925,-0.6533984017435693,28.054118583366495,2.9418941815762834,17.96984207029478,144,0,0,,,,"share count jumps +86% in one day on 2015-12-31 with no split or corporate action to explain it; the share count moved +86% in one step on 2015-12-31, which no split explains -- the multiples either side of it are measuring different companies",-34.96082800125255,17.191699175907218,,,4.050639774022113,-32.750923501947135,market cap differs from Yahoo by -33%,144.38095,21.0,15.230664,Asset Management,"Blackstone Inc. is an alternative asset management firm specializing in private equity, venture capital, real estate, hedge fund solutions, credit, secondary funds of funds, public debt and equity and multi-asset class strategies. The firm typically invests in early-stage, seed, middle market, mature, late venture, growth capital, emerging growth, turnaround, and later stage companies.",4.59,26.0,,,13.32,10.55,0.63,,,6.83,,46.70014248151344,-6.870560185995489,False,13.4,32.4,,,5.49,2.2,5.5,10.9,21.06,,,,,,,,,,,,,,,,,,,,0.64,good,0.08400000000000002,1.8500000000000019,,,,,,,,,16.549999999999997,good,6.63,33.89,14.5,good,8.940000000000001,29.16,2.895,good,0.5220000000000001,15.452000000000002,,,,,,,,,,-0.138,0.119,-0.106,0.864,,
MSCI,MSCI,Financials,542.719970703125,39.67282985839844,11.900347133711257,16.588734515292597,15.141934541950052,16.97859473403496,15.477865725574302,10.0,-21.40801361449637,-28.262477630582804,-0.643907621239372,23.358535614803024,6.647718151669246,29.883895785482963,144,0,0,,,,,-15.704460695661126,11.619458709471342,,,-0.00014926094045186744,1.101608880178917,agrees,691.7647,17.0,24.002232,Financial Data & Stock Exchanges,"MSCI Inc., together with its subsidiaries, provides research-based data, analytics, and indexes, supported by advanced technology worldwide.",1.52,27.5,0.89,1.36,6.39,5.96,16.89,,,1.36,,13.977221653056326,14.148586333661672,False,29.2,359.4,,,1.6,-5.9,-8.8,-12.3,0.38,,,,,,,,,,,,1.0550000000000002,bad,0.7220000000000001,1.537,,,,,0.64,bad,0.08400000000000002,1.8500000000000019,,,,,,,,,16.549999999999997,good,6.63,33.89,14.5,bad,8.940000000000001,29.16,2.895,bad,0.5220000000000001,15.452000000000002,,,,,,,,,,-0.13,-0.08,-0.056,0.308,,
DECK,Deckers Brands,Consumer Discretionary,78.36000061035156,10.857483324569703,1.9643415288344255,3.3224924293046336,2.7589570625628017,3.7217323992909757,2.9637212524222196,10.0,-28.801301205835216,-40.877471638195914,-0.6340638183820014,23.79625945085555,0.7938609161174011,7.32678488691211,144,8,0,,,,,-35.20754042471344,7.853687253929564,,,3.039464835374872e-06,2.636228170949395,agrees,120.40909,22.0,9.330236,Footwear & Accessories,"Deckers Outdoor Corporation, together with its subsidiaries, designs, markets, and distributes footwear, apparel, and accessories for casual lifestyle use and high-performance activities in the United States and internationally.",,53.7,2.75,2.87,0.0,-1.63,0.0,-0.29,57.8,1.01,18.4,23.74229520684823,18.26643523489193,False,10.7,43.9,14.429031019531081,14.842892405135654,1.12,-7.4,-12.3,-17.7,2.3,5.53,20.3,,,,,,,,,,1.11,good,0.536,2.038,0.16,good,-0.15,1.18,0.82,good,0.11600000000000002,7.960000000000002,11.0,good,1.2,21.85,42.5,good,11.48,74.61999999999999,37.7,good,2.9200000000000004,173.7700000000001,19.299999999999997,good,12.57,41.30000000000001,1.6549999999999998,warn,0.665,7.38,97.0,100.0,92.0,99.0,95.0,net cash; 20% FCF margin; sales +14%/yr,strength,75.0,,-0.293,-0.124,0.127,0.515,69.0,65.0
NOC,Northrop Grumman,Industrials,505.79998779296875,72.02591826171874,1.6792389784043353,1.8609515172748343,1.8086633197670168,1.9096808213626941,1.8369542660505045,10.0,-7.155800637310062,-9.764496129195122,-0.6336134580759105,26.064464783127733,1.3053571020951655,2.6324373361300473,144,0,0,,,,,-34.14234163264385,5.903557936841075,,,-2.9842394000390016e-06,0.47358442749203533,agrees,644.4545,22.0,16.562677,Aerospace & Defense,"Northrop Grumman Corporation operates as an aerospace and defense technology company in the United States, Asia/Pacific, Europe, and internationally. It operates through four segments: Aeronautics Systems, Defense Systems, Mission Systems and Space Systems. The Aeronautics Systems segment designs, develops, produces, integrates, sustains, and modernizes aircraft systems.",1.96,27.4,1.17,1.28,15.19,12.63,0.85,0.29,68.8,4.5,10.5,-1.109017779424637,-0.2297564090482651,False,16.0,25.2,4.227147386144514,2.6673436539900397,3.65,-1.5,-6.7,-12.4,17.88,42.89,8.5,,,,,,,,,,1.24,warn,0.808,2.3180000000000023,0.29,good,0.0,0.84,0.72,warn,0.262,2.2539999999999987,12.0,warn,4.069999999999999,20.65,37.95,good,15.22,61.14000000000001,23.299999999999997,good,9.15,53.05,27.0,good,15.52,48.68000000000001,1.7,good,0.634,5.627999999999998,70.0,71.0,79.0,57.0,73.0,margins compressing,concern,64.0,,-0.019,0.214,-0.159,1.257,53.0,48.0
DTE,DTE Energy,Utilities,120.83000183105469,25.132640380859375,1.5218068653260293,1.7528991761475088,1.7123053032928943,1.702407428229666,1.7161403852862898,10.0,-11.125261225350524,-13.183434276543515,-0.6297811503754425,23.398328690807798,1.0464614104431038,2.406020930578657,144,0,0,,,,,-21.75742936537287,20.926997144321604,,,0.3036717317919768,-1.316392413053602,agrees,154.42857,14.0,14.6318655,Utilities - Regulated Electric,"DTE Energy Company engages in energy-related businesses and services. The company operates through four segments: Electric, Gas, DTE Vantage, and Energy Trading.The company's Electric segment generates, purchases, distributes, and sells electricity to approximately 2.3 million residential, commercial, and industrial customers in southeastern Michigan.",3.81,27.8,0.95,0.85,26.09,25.81,2.12,1.56,,1.26,7.7,3.6830480508776464,-2.369611795165061,False,19.9,10.2,-3.590158165287116,6.030023752759073,3.29,0.5,1.0,-8.8,12.33,16.52,19.9,,,,,,,,,,0.765,warn,0.52,1.163,2.3,good,1.546,2.748,1.56,bad,1.2600000000000002,2.194,14.2,bad,6.9,18.880000000000006,,,,,9.4,good,8.06,12.780000000000008,19.4,warn,14.590000000000002,24.3,-1.06,good,-3.549,2.2850000000000006,56.0,31.0,60.0,58.0,97.0,net debt 8x FCF; sales -4%/yr,concern,57.0,,-0.157,0.252,0.884,1.196,50.0,43.0
SWKS,Skyworks Solutions,Information Technology,87.58999633789062,13.26112544555664,3.3036360443328867,3.20393799176087,3.90041192911997,3.281902143799655,4.3448686226382485,10.0,-15.30032969932309,3.111734772283259,-0.6279491397292538,29.566255471547954,1.9473226205191594,8.394401088243445,144,0,0,,,,,-4.220886538176927,0.05982501184036426,,,7.971899140812866e-07,0.10191452717078775,agrees,68.35294,17.0,17.740522,Semiconductors,"Skyworks Solutions, Inc., together with its subsidiaries, develops, manufactures, and markets analog and mixed-signal semiconductor products and solutions in the United States, Taiwan, China, South Korea, Europe, the Middle East, Africa, and the Asia Pacific.",3.23,-22.0,3.1,3.33,1.0,0.2,0.17,0.05,40.7,0.29,7.2,-34.58305026127648,-27.19358103440579,False,45.7,5.1,-6.793785201965752,-3.329587258827482,0.43,-3.5,-5.4,-9.3,5.74,4.01,10.7,,,,,,,,,,1.53,good,0.79,3.3979999999999997,0.09,good,-0.29799999999999993,0.782,0.44999999999999996,good,0.055,1.72,17.75,bad,3.92,38.12,55.5,warn,27.770000000000003,80.71000000000001,20.5,bad,4.800000000000001,76.72,40.349999999999994,warn,13.68,156.26,2.6950000000000003,bad,0.716,12.751,62.0,93.0,60.0,12.0,86.0,sales -7%/yr; margins compressing,concern,60.0,,-0.708,-1.594,-1.543,-0.926,61.0,70.0
AKAM,Akamai Technologies,Information Technology,108.98999786376953,16.750236811691284,3.874827673625979,3.9600723993130105,4.500711916931236,4.032798912833046,4.496627845360726,10.0,-13.906338705011134,-2.1526052327179634,-0.6218013175515236,27.138877835256665,2.559098786726557,6.478452114597186,144,0,0,,,,,-32.36316379311807,5.867457082604033,,,1.8506378429705705e-06,7.469309111802769,agrees,158.87318,22.0,15.834081,Software - Infrastructure,"Akamai Technologies, Inc. engages in the provision of security, delivery, and cloud computing solutions in the United States and internationally.",,45.8,1.64,2.3,,,,,57.5,0.41,9.5,-4.935968441081906,-6.793391742283572,False,40.9,8.6,5.693206392246553,5.328617038300498,0.96,3.7,-0.7,-7.6,4.75,4.32,22.2,,,,,,,,,,1.53,good,0.79,3.3979999999999997,,,,,,,,,17.75,bad,3.92,38.12,55.5,good,27.770000000000003,80.71000000000001,20.5,bad,4.800000000000001,76.72,40.349999999999994,warn,13.68,156.26,2.6950000000000003,bad,0.716,12.751,69.0,85.0,54.0,50.0,98.0,margins compressing,concern,63.0,,-0.39,-0.798,-0.298,-2.3,60.0,66.0
YUM,Yum! Brands,Consumer Discretionary,138.27999877929688,38.44183966064453,4.407456966366032,5.36831658603151,5.3963606071989885,5.377682686472915,5.25049707161842,10.0,-18.325380989434137,-17.89871376374593,-0.6098131016574423,8.348880597014926,1.898324802233597,6.908949787234042,144,18,0,,,,,-17.768792352939535,10.293373798684868,,,1.467553345513295e-06,2.275206320926726,agrees,173.10909,22.0,19.875233,Restaurants,"Yum! Brands, Inc., together with its subsidiaries, develops, operates, and franchises traditional and non-traditional quick service restaurants in the United States, China, and internationally. The company operates in four segments: KFC Division, Taco Bell Division, Pizza Hut Division, and Habit Burger & Grill Division.",2.18,25.2,0.59,1.13,12.29,11.31,,1.3,68.1,2.22,25.4,16.005275203834344,10.728228612250668,False,17.3,,7.651054491659792,6.794534731565793,1.68,-1.4,-2.8,-8.6,0.21,8.72,19.3,,True,,,,,,,,1.11,bad,0.536,2.038,0.16,bad,-0.15,1.18,,,,,11.0,good,1.2,21.85,42.5,good,11.48,74.61999999999999,,,,,19.299999999999997,good,12.57,41.30000000000001,1.6549999999999998,good,0.665,7.38,73.0,31.0,93.0,92.0,85.0,net debt 7x FCF,concern,65.0,,0.203,0.417,0.559,0.643,50.0,45.0
INCY,Incyte,Health Care,124.81999969482422,25.816520536880493,4.81559862430666,4.024761147676144,5.997311526397338,4.247882401300208,7.880745361315163,10.0,-19.704044001872077,19.649302098017362,-0.5707720604920681,35.29645841623557,2.5781582243964407,26.948300083475097,144,0,0,,,,,-3.9328871739981452,21.476217170840563,,,-7.878818754965344,3.3803723415314346,agrees,127.95652,23.0,13.865317,Biotechnology,"Incyte Corporation, a biopharmaceutical company, engages in the discovery, development, and commercialization of therapeutics in the United States, Europe, Canada, and Japan.",,2.5,3.68,3.91,19.78,16.04,3.52,2.99,92.5,1.43,26.7,64.01947772991316,24.51318797281146,False,18.1,25.4,15.599310022534919,14.680932585884786,1.52,4.1,-8.3,-6.9,5.62,5.36,28.4,,,,,,,,,,1.54,good,0.87,3.2350000000000008,0.43,bad,-0.10799999999999998,0.8800000000000001,0.685,bad,0.109,2.5710000000000015,13.8,good,0.76,27.66,60.3,good,12.2,77.8,13.6,good,3.35,71.78,26.0,good,15.0,54.30000000000002,2.2199999999999998,warn,0.557,12.114000000000004,71.0,25.0,81.0,100.0,96.0,net debt 11x FCF,concern,64.0,,-0.753,-0.757,-0.884,-1.159,66.0,66.0
AVY,Avery Dennison,Materials,171.88999938964844,13.183962953186034,1.4255861153302878,1.678227023945268,1.5791777409813328,1.7401348947958983,1.6272296740676984,10.0,-9.726050568291322,-15.054036492694422,-0.5619242562933828,31.436530043772382,0.9467687868629864,2.584213870759521,144,0,0,,,,,-12.945049688706789,5.83893155105919,,,-3.8061870766270545e-06,1.8609459405291684,agrees,201.8,10.0,15.266971,Packaging & Containers,"Avery Dennison Corporation operates as a materials science and digital identification solutions company in the North America, Europe, the Middle East, North Africa, Asia, and Latin America.",2.34,17.4,1.13,1.03,3.68,3.45,1.58,0.37,29.0,0.7,7.6,1.1091269108512103,2.129766900457497,False,18.8,30.1,1.701771669491392,4.617959495132307,1.06,-2.8,-5.5,-8.6,2.32,9.25,11.5,,,,,,,,,,1.64,bad,1.072,2.87,0.39,good,0.116,0.574,0.59,bad,0.20800000000000002,1.298,7.3,good,-6.159999999999999,19.96,24.55,good,11.040000000000001,43.940000000000005,13.1,good,-4.5,27.26,22.6,good,13.94,34.28,1.12,warn,-0.08599999999999988,2.950000000000001,70.0,62.0,77.0,60.0,87.0,,,63.0,,-0.132,0.041,-0.188,-0.014,55.0,52.0
IDXX,Idexx Laboratories,Health Care,529.0599975585938,42.18830232531738,9.265591060511946,11.143189604948846,10.46636176148887,11.558289808504258,11.08198951177506,10.0,-11.472665749001498,-16.849740612894458,-0.5542877169080815,29.048945483485873,5.471083417238608,21.38429217928738,144,0,0,,,,,-30.993374346716518,12.767320130321224,,,-3.689693950370554e-06,0.38858146719096265,agrees,701.3333,12.0,31.87148,Diagnostics & Research,"IDEXX Laboratories, Inc. develops, manufactures, and distributes products for the companion animal veterinary, livestock and poultry, dairy, and water testing industries in the United States and internationally. It operates through three segments: Companion Animal Group; Water Quality Products; and Livestock, Poultry and Dairy.",,32.6,1.17,1.43,0.45,0.25,0.28,0.06,62.4,1.14,25.0,12.920849239361921,9.383533823144097,False,37.0,70.7,9.017179575195788,8.369272847089992,1.25,-2.1,-5.0,-8.1,1.61,4.55,27.5,,,,,,,,,,1.54,bad,0.87,3.2350000000000008,0.43,good,-0.10799999999999998,0.8800000000000001,0.685,good,0.109,2.5710000000000015,13.8,good,0.76,27.66,60.3,good,12.2,77.8,13.6,good,3.35,71.78,26.0,warn,15.0,54.30000000000002,2.2199999999999998,warn,0.557,12.114000000000004,92.0,88.0,95.0,89.0,97.0,28% FCF margin; sales +9%/yr; 25% net margin,strength,72.0,,-0.089,0.102,0.027,0.801,63.0,58.0
CCL,Carnival Corporation,Consumer Discretionary,22.139999389648438,30.774599151611326,1.126820663894084,1.284216012228653,1.5458401006519502,5.4138488807715675,10.925559164063886,9.2,-27.106259992941496,-12.256142801196045,-0.5494843553469583,24.04482934284259,0.26176318063958515,211.9754609929078,144,40,0,2021-03-01,41.29032258064515,67.0,"trailing revenue falls 85% around 2021-02-28, 86x this company's usual move between filings, at the exact point the source concept changes from reported-annual to RevenueFromContractWithCustomerExcludingAssessedTax; the share count moved +41% in one step on 2021-03-01, which no split explains -- the multiples either side of it are measuring different companies",-34.863196853049615,5.155552133066377,,,1.6403647107310348e-06,-8.85154936162359,agrees,34.02692,26.0,9.708851,Travel Services,"Carnival Corporation Ltd., a cruise company, provides leisure travel services. The company operates through four segments: North America Cruise Operations, Europe Cruise Operations, Cruise Support, and Tour and Other. It operates port destinations and islands, as well as owns and operates hotels, lodges, glass-domed railcars, and motorcoaches.",1.79,53.7,0.33,0.43,27.04,24.63,2.08,0.9,41.9,3.07,11.2,,,True,10.0,23.6,16.018178359046132,,3.2,-0.9,-0.4,22.7,12.98,27.31,11.7,,,,,,,,,,1.11,bad,0.536,2.038,0.16,bad,-0.15,1.18,0.82,warn,0.11600000000000002,7.960000000000002,11.0,good,1.2,21.85,42.5,warn,11.48,74.61999999999999,37.7,warn,2.9200000000000004,173.7700000000001,19.299999999999997,good,12.57,41.30000000000001,1.6549999999999998,good,0.665,7.38,67.0,33.0,77.0,85.0,84.0,net debt 8x FCF,concern,61.0,,-0.663,-0.578,-0.461,-0.357,63.0,62.0
HPQ,HP Inc.,Information Technology,31.31999969482422,29.03363971710205,0.4907481105625579,0.5191890260631001,0.5544946282537816,0.524163801859234,0.5581426362745896,10.0,-11.496327366051261,-5.477950047635572,-0.5479799502677095,27.934739355352168,0.3018321506695833,0.7833714840633996,144,0,0,,,,,-11.724916305455968,8.13547549852862,,,-2.379905961191753e-06,4.769057069272709,agrees,29.66471,17.0,9.792955,Computer Hardware,"HP Inc. provides personal computing, printing, 3D printing, hybrid work, gaming, and other related technologies in the United States and internationally. The company operates through three segments: Personal Systems, Printing, and Corporate Investments.",3.9,-5.3,0.79,0.69,9.16,3.91,0.33,0.07,19.9,2.45,4.1,2.649903100601292,-9.526381113310912,False,11.9,8.7,2.6633458406344346,-0.9548875728276229,3.88,-2.9,-7.5,-25.7,28.15,59.16,6.6,,,,,,,,,,1.53,bad,0.79,3.3979999999999997,0.09,good,-0.29799999999999993,0.782,0.44999999999999996,good,0.055,1.72,17.75,bad,3.92,38.12,55.5,bad,27.770000000000003,80.71000000000001,20.5,bad,4.800000000000001,76.72,40.349999999999994,good,13.68,156.26,2.6950000000000003,good,0.716,12.751,69.0,81.0,58.0,64.0,78.0,,,62.0,,-0.257,-0.518,-1.54,-0.605,57.0,62.0
BA,Boeing,Industrials,184.38999938964844,145.77873351745606,1.550920086360509,1.781460913987011,1.8570793196216264,1.7590454517028462,1.808392875757441,10.0,-16.486061205156076,-12.941110625354025,-0.5309513258010071,28.889773179466772,0.7016634752282553,2.648231710556608,144,0,0,,,,,-26.87289336123402,24.782614467587983,,,2.0426618174695932e-07,-1.7243928961475419,agrees,273.1154,26.0,45.478004,Aerospace & Defense,"The Boeing Company, together with its subsidiaries, designs, develops, manufactures, sells, services, and supports commercial jetliners, military aircraft, satellites, missile defense, human space flight and launch systems, and services worldwide. The company operates through three segments: Commercial Airplanes; Defense, Space & Security; and Global Services.",,48.1,1.14,1.15,50.16,29.41,8.2,0.31,4.7,2.44,2.6,,,True,59.7,39.9,8.488866470854738,8.799795201290795,-0.21,4.5,30.6,34.0,6.12,94.0,-0.2,,,,,,,,,,1.24,warn,0.808,2.3180000000000023,0.29,warn,0.0,0.84,0.72,bad,0.262,2.2539999999999987,12.0,bad,4.069999999999999,20.65,37.95,bad,15.22,61.14000000000001,23.299999999999997,good,9.15,53.05,27.0,bad,15.52,48.68000000000001,1.7,bad,0.634,5.627999999999998,47.0,25.0,54.0,79.0,24.0,net debt 20x FCF; burning cash,concern,51.0,,0.174,0.313,0.479,1.071,40.0,38.0
PLD,Prologis,Real Estate,132.44000244140625,126.8193811777954,14.172637375936619,15.24298858773366,15.301816526107292,16.363952883557687,16.12786913955727,10.0,-7.379379750398374,-7.021924904269583,-0.5013499056797034,34.97811380819738,9.928380996791748,28.028041753631634,144,0,0,,,,,-11.741968251761792,6.720980973096813,,,-7.3444571994153,-1.6210348469204106,agrees,158.23077,13.0,39.78304,REIT - Industrial,"Prologis, Inc. don't just lead the industry, they define it. The firm creates the intelligent infrastructure that powers global commerce, seamlessly connecting the digital and physical worlds.",3.23,19.5,,,34.67,33.81,0.6,,,3.7,,11.508824074140666,22.115696279879327,False,34.3,6.4,,,5.14,0.2,0.6,25.2,57.95,,,,,,,,,,,,,,,,,,,,0.825,good,0.135,2.58,,,,,,,,,7.3,warn,2.22,18.460000000000015,30.25,warn,16.78,128.50000000000003,1.2,good,-0.10599999999999986,3.3679999999999994,,,,,,,,,,-0.133,0.023,-0.144,-0.712,,
ALB,Albemarle Corporation,Materials,107.38999938964844,14.627806596862793,2.475972290149399,2.847158410383463,3.2395071836498723,3.680793601553906,3.7206898810715536,10.0,-23.569476781965882,-13.037072994616828,-0.4946577222318102,34.42101074413052,1.110088222725469,10.019821606447524,144,0,0,2015-03-31,37.1191626001871,138.0,"the share count moved +37% in one step on 2015-03-31, which no split explains -- the multiples either side of it are measuring different companies",-50.19478740856672,18.31714557050499,,,0.0,15.182261163563782,market cap differs from Yahoo by +15%,171.564,20.0,9.526213,Specialty Chemicals,"Albemarle Corporation provides energy storage solutions worldwide. It operates through three segments: Energy Storage, Specialties, and Ketjen.",1.52,59.8,2.09,1.81,1.95,0.32,0.19,0.05,23.8,-0.51,-8.6,-61.4587120363663,-20.44138075113253,False,,-4.8,-15.123650283402679,12.843052788886823,1.34,15.8,15.6,16.0,10.53,5.91,22.7,,,"trailing profit of $0.22B against $-0.51B in the year to 2025-12-31, only 181 days earlier",2025-12-31,True,True,,,,1.64,good,1.072,2.87,0.39,good,0.116,0.574,0.59,good,0.20800000000000002,1.298,7.3,bad,-6.159999999999999,19.96,24.55,warn,11.040000000000001,43.940000000000005,13.1,bad,-4.5,27.26,,,,,1.12,good,-0.08599999999999988,2.950000000000001,41.0,79.0,10.0,4.0,86.0,sales -15%/yr; margins compressing; diluting +16%/yr,concern,47.0,,-0.302,0.079,0.187,-0.742,45.0,39.0
EOG,EOG Resources,Energy,140.6300048828125,74.81516259765625,2.76826621022927,2.9624009890789202,3.0535790764201063,3.0373242036552264,3.621348706982979,10.0,-9.343555842193075,-6.5532917240218485,-0.49002092592492735,26.263430163151614,0.9945968408581533,8.493924756655236,144,0,0,,,,,-8.527380718867894,19.073005242983655,,,1.141426528103806,2.1287271853558165,agrees,162.0,28.0,9.359724,Oil & Gas E&P,"EOG Resources, Inc., together with its subsidiaries, explores for, develops, produces, and markets crude oil, natural gas liquids, and natural gas in producing basins in the United States, the Republic of Trinidad and Tobago, and internationally. The company also offers crude oil and condensate, and gathering, processing and marketing. The company was formerly known as Enron Oil & Gas Company.",2.92,15.2,1.85,2.43,7.93,3.02,0.25,0.11,,6.88,25.4,-7.566321382169416,29.621100198928076,False,10.9,21.6,1.3905082119530343,15.685663797179705,13.36,-3.1,-9.2,-8.9,31.86,27.03,49.4,,,,,,,,,,1.25,good,0.477,1.9010000000000002,0.28,good,0.11,1.4260000000000002,0.4,good,0.222,1.59,12.55,good,2.81,26.3,,,,,13.85,good,6.09,24.81000000000001,23.65,good,11.39,37.81000000000001,4.74,good,0.6950000000000001,13.038,80.0,92.0,93.0,39.0,100.0,margins compressing,concern,66.0,,-0.529,-0.493,-0.43,-0.478,67.0,66.0
FICO,Fair Isaac,Information Technology,840.8900146484375,19.735688643798827,8.245276894937,14.98045152970449,10.251170821887762,16.687559056531672,12.20006367637826,10.0,-19.56746172513175,-44.959757196987184,-0.47198845741355583,30.95901313171508,4.08433976735848,34.78736688242274,144,0,0,,,,,-55.26109895195991,24.088418068698303,,,3.6765091193657895e-06,47.89345514956407,market cap differs from Yahoo by +48%,1341.1564,19.0,11.767812,Software - Application,"Fair Isaac Corporation provides analytics software in the Americas, Europe, the Middle East, Africa, and the Asia Pacific. It operates through two segments, Scores and Software.",,59.5,1.18,1.51,5.88,5.61,,2.34,39.0,0.82,34.1,24.858043735773805,17.399911823305246,False,24.1,,17.57296205075869,12.032505820225904,1.0,-5.0,-7.6,-20.5,0.12,2.39,41.8,,True,,,,,,,,1.53,warn,0.79,3.3979999999999997,0.09,bad,-0.29799999999999993,0.782,,,,,17.75,good,3.92,38.12,55.5,bad,27.770000000000003,80.71000000000001,,,,,40.349999999999994,good,13.68,156.26,2.6950000000000003,bad,0.716,12.751,79.0,34.0,100.0,98.0,100.0,42% FCF margin; sales +18%/yr; 34% net margin,strength,65.0,,0.038,0.391,0.541,1.253,55.0,47.0
IFF,International Flavors & Fragrances,Materials,85.72000122070312,22.030040313720704,2.2078613262899083,1.92,2.699768359643102,2.098046521947818,2.7135000789837243,10.0,-18.22034218588375,14.992777410932723,-0.4655615373201753,36.09231993633108,1.349473082264521,6.193679458239278,144,0,0,2021-03-31,81.29015224852591,66.0,"the share count moved +81% in one step on 2021-03-31, which no split explains -- the multiples either side of it are measuring different companies",-2.6683306225693926,-4.58978772231784,,,-7.4482859088629505,1.2803909693430482,agrees,96.29412,17.0,21.52229,Specialty Chemicals,"International Flavors & Fragrances Inc., together with its subsidiaries, manufactures and markets food, beverage, health and biosciences, scent, and complementary adjacent products in the United States, and internationally. It operates in through Taste, Food Ingredients, Health & Biosciences, and Scent segments.",1.88,12.3,2.06,1.74,5.7,5.13,0.41,0.51,37.5,-0.36,-3.6,,15.512098745876468,True,,-2.6,-5.603613359961301,4.279758458287253,0.54,0.0,0.8,0.8,14.01,9.98,5.4,,,"trailing profit of $0.29B against $-0.36B in the year to 2025-12-31, only 181 days earlier",2025-12-31,True,True,,,,1.64,good,1.072,2.87,0.39,bad,0.116,0.574,0.59,good,0.20800000000000002,1.298,7.3,bad,-6.159999999999999,19.96,24.55,good,11.040000000000001,43.940000000000005,13.1,bad,-4.5,27.26,,,,,1.12,bad,-0.08599999999999988,2.950000000000001,48.0,49.0,28.0,61.0,64.0,net debt 10x FCF; sales -6%/yr,concern,51.0,,-0.668,-0.503,-0.832,-1.864,53.0,51.0
CMS,CMS Energy,Utilities,62.599998474121094,19.456079525756834,2.2644412855862237,2.604368979700146,2.5282606545454547,2.5328940497046855,2.442484173247334,10.0,-10.434816856597484,-13.052209451252939,-0.46002151883585735,36.012733784321526,1.7590312699425654,3.0853881147540982,144,0,0,,,,,-21.69127036011872,10.210364289379159,,,-2.507655599960268,-2.2134177162628443,agrees,78.66667,12.0,15.268921,Utilities - Regulated Electric,"CMS Energy Corporation operates as an energy company primarily in Michigan. The company operates through three segments: Electric Utility; Gas Utility; and NorthStar Clean Energy. The Electric Utility segment is involved in the generation, purchase, distribution, and sale of electricity.",3.59,25.7,0.94,0.9,19.04,18.69,1.83,2.18,,1.03,11.9,11.60563424313359,2.632772011804807,False,18.9,9.9,2.7425788847883936,5.189079284021303,-0.32,3.9,6.7,7.4,10.4,8.59,-3.7,,,,,,,,,,0.765,warn,0.52,1.163,2.3,good,1.546,2.748,1.56,warn,1.2600000000000002,2.194,14.2,warn,6.9,18.880000000000006,,,,,9.4,good,8.06,12.780000000000008,19.4,good,14.590000000000002,24.3,-1.06,warn,-3.549,2.2850000000000006,47.0,22.0,60.0,81.0,15.0,net debt 20x FCF; burning cash,concern,50.0,,0.198,0.431,0.942,0.92,40.0,36.0
ALLE,Allegion,Industrials,155.3800048828125,13.409294421386718,3.126802943077234,3.1320998925886143,3.271946970527008,3.205064667800705,3.3518295262899773,10.0,-4.436014053931792,-0.169118153731751,-0.4526676769311065,34.699562276163945,2.3604054615448526,4.745595911662713,144,5,0,,,,,-13.56733332435196,10.625290202755,,,7.461816498022245e-07,1.4528551017364277,agrees,174.63635,11.0,15.903564,Security & Protection Services,Allegion plc engages in the provision of security products and solutions worldwide. It is operating through two segments: Allegion Americas and Allegion International.,1.42,12.4,1.93,2.03,2.03,1.71,0.96,0.4,44.8,0.66,15.4,8.513642426335633,7.123230544657644,False,20.3,31.2,5.9007384991569545,8.163080438829606,0.67,-0.3,-2.3,-5.1,2.12,4.29,15.6,,,,,,,,,,1.24,good,0.808,2.3180000000000023,0.29,warn,0.0,0.84,0.72,warn,0.262,2.2539999999999987,12.0,good,4.069999999999999,20.65,37.95,good,15.22,61.14000000000001,23.299999999999997,good,9.15,53.05,27.0,good,15.52,48.68000000000001,1.7,bad,0.634,5.627999999999998,81.0,78.0,82.0,80.0,88.0,16% FCF margin,strength,66.0,,-0.438,-0.152,-0.754,1.361,66.0,60.0
TECH,Bio-Techne,Health Care,72.51000213623047,11.38472292540741,9.369841565091663,10.286361361793178,10.46845775887357,10.847159559407999,11.339924051578244,10.0,-10.494537200101572,-8.910048601887166,-0.4450415096654713,35.4158376442499,5.628913100393042,23.515662980427866,144,0,0,,,,,-0.1377199742191415,-0.37675236997328776,,,1.9752452784516095e-06,0.301480032463175,agrees,70.72727,11.0,31.298374,Biotechnology,"Bio-Techne Corporation, together with its subsidiaries, develops, manufactures, and sells life science reagents, instruments, and services for the research, diagnostics, and bioprocessing markets worldwide. It operates through two segments, Protein Sciences, and Diagnostics and Spatial Biology.",0.44,-2.5,4.55,4.63,0.21,-0.05,0.1,-0.04,65.8,0.18,15.0,-13.930843885583478,5.310395124232303,False,63.2,8.5,2.245843934158631,5.4698402162806525,0.26,-1.7,-3.0,-3.0,2.11,1.22,21.4,,,,,,,,,,1.54,good,0.87,3.2350000000000008,0.43,good,-0.10799999999999998,0.8800000000000001,0.685,good,0.109,2.5710000000000015,13.8,good,0.76,27.66,60.3,good,12.2,77.8,13.6,warn,3.35,71.78,26.0,bad,15.0,54.30000000000002,2.2199999999999998,bad,0.557,12.114000000000004,73.0,96.0,71.0,31.0,97.0,margins compressing,concern,62.0,,-0.317,-0.322,-0.389,-1.376,60.0,60.0
CARR,Carrier Global,Industrials,55.869998931884766,47.08723509979248,2.153051444892203,2.417170109160959,2.3869655275480723,2.3953818664352866,2.379530263385009,5.6,-9.79964226362956,-10.926771900238164,-0.4441795585754537,28.0565371024735,1.4473699788583512,3.6711016743508855,78,11,0,,,,,-26.486843510677936,-1.8578352180936952,,,-1.076534527067452,3.1458390131769765,agrees,77.14182,22.0,16.718086,Building Products & Equipment,"Carrier Global Corporation provides intelligent climate and energy solutions in the United States, Europe, the Asia Pacific, and internationally. It operates through four segments: Climate Solutions Americas; Climate Solutions Europe; Climate Solutions Asia Pacific, Middle East & Africa; and Climate Solutions Transportation.",1.73,38.1,1.05,1.66,12.16,10.78,0.88,0.49,,1.31,6.0,-19.73799309534844,-10.476524173396495,False,35.9,9.5,6.889582659761073,3.6665037132492584,1.69,-3.4,-1.0,-5.4,13.8,21.87,7.7,,,,,,,,,,1.24,warn,0.808,2.3180000000000023,0.29,warn,0.0,0.84,0.72,warn,0.262,2.2539999999999987,12.0,bad,4.069999999999999,20.65,,,,,23.299999999999997,bad,9.15,53.05,27.0,warn,15.52,48.68000000000001,1.7,warn,0.634,5.627999999999998,55.0,50.0,62.0,37.0,81.0,net debt 6x FCF; margins compressing,concern,54.0,,-0.062,0.178,0.901,0.206,48.0,44.0
VZ,Verizon,Communication Services,46.68000030517578,195.58920127868652,1.408180289273815,1.3045692512831208,1.5648293117738128,1.3317418257771285,1.533028658672633,10.0,-10.01061402169342,7.9421646561718795,-0.4157826669545898,36.012733784321526,0.9578127407407407,1.992031781888997,144,0,0,,,,,-9.271136433088866,1.383211678832108,,,3.225458122813052e-07,2.383119416043078,agrees,51.55652,23.0,8.707575,Telecom Services,"Verizon Communications Inc., through its subsidiaries, engages in the provision of communications, technology, information, and streaming products and services to consumers, businesses, and governmental entities worldwide. It operates in two segments, Verizon Consumer Group (Consumer) and Verizon Business Group (Business).",6.15,10.4,0.6,0.68,165.23,162.58,1.57,1.17,83.7,16.17,11.6,-8.387239925103906,-4.150982125957425,False,12.1,15.4,0.9524063140280203,0.8916159484415598,21.84,-0.9,-0.5,1.1,105.2,138.9,15.7,,,,,,,,,,1.1,bad,0.699,3.2830000000000017,0.18,bad,-0.13099999999999998,1.0530000000000002,0.815,bad,0.21400000000000002,1.9100000000000037,9.6,good,-0.20999999999999924,29.62,60.9,good,20.1,88.5,15.100000000000001,good,-0.34999999999999876,45.53,21.85,good,7.77,111.25,4.4399999999999995,good,0.7800000000000001,42.20900000000002,55.0,33.0,75.0,37.0,92.0,net debt 7x FCF; margins compressing,concern,54.0,,-0.346,-0.033,-1.111,-0.768,53.0,47.0
TRMB,Trimble Inc.,Information Technology,57.5099983215332,13.440086607742309,3.5528527340776415,4.033878358778181,3.6074052210744654,4.2914427826342925,4.009567044438977,10.0,-1.5122361823431518,-11.92464377746475,-0.36226360962960596,46.336386344712736,1.6517562724014336,7.045612856522369,144,5,0,,,,,-31.14224338896886,5.800587330443285,,,8.459118738812776e-07,0.5202094320154504,agrees,79.5,10.0,13.860218,Scientific & Technical Instruments,"Trimble Inc. offers technology solutions and platform that enable office professionals and field workers to connect workflows and industry lifecycles in North America, Europe, the Asia Pacific, and internationally. The company provides architecture and interior design; building information modeling, engineering, and virtual design and construction; and construction and owner software products.",,38.2,0.95,1.26,1.46,1.07,0.29,0.28,69.8,0.42,11.2,,,False,32.0,8.2,1.1920058644576903,1.8379929961723773,0.77,-3.8,-6.1,-8.1,5.11,3.78,20.4,,,"trailing profit of $-0.10B against $0.42B in the year to 2026-01-02, only 182 days earlier",2026-01-02,True,,,,,1.53,bad,0.79,3.3979999999999997,0.09,warn,-0.29799999999999993,0.782,0.44999999999999996,good,0.055,1.72,17.75,warn,3.92,38.12,55.5,good,27.770000000000003,80.71000000000001,20.5,bad,4.800000000000001,76.72,40.349999999999994,good,13.68,156.26,2.6950000000000003,bad,0.716,12.751,74.0,80.0,69.0,58.0,97.0,20% FCF margin; buying back stock,strength,61.0,,-0.086,0.117,-0.388,1.531,56.0,52.0
DVA,DaVita,Health Care,178.07000732421875,12.015451814208985,0.8576556334263539,0.8570255373703284,0.9164969167371386,0.8793647277090666,0.9374852205732468,9.6,-6.420237999301537,0.07352126961803762,-0.3483445960667947,38.97131552917903,0.5461686007177295,1.3395629349126175,115,19,0,,,,,-26.099764556682125,6.445534979448886,,,-5.7103513029233e-07,7.500410551212,agrees,219.85715,7.0,10.219433,Medical Care Facilities,DaVita Inc. provides kidney dialysis services for patients suffering from chronic kidney failure in the United States. The company operates kidney dialysis centers and provides related lab services in outpatient dialysis centers.,,23.5,1.47,1.24,10.79,10.01,,0.71,,1.19,8.5,18.857212055361884,2.1807851321608007,False,10.1,,6.071121925361922,3.9086811748189065,1.61,-14.9,-27.8,-40.1,0.4,14.01,11.5,,True,,,,,,,,1.54,warn,0.87,3.2350000000000008,0.43,bad,-0.10799999999999998,0.8800000000000001,,,,,13.8,warn,0.76,27.66,,,,,,,,,26.0,good,15.0,54.30000000000002,2.2199999999999998,warn,0.557,12.114000000000004,69.0,39.0,72.0,92.0,87.0,net debt 6x FCF,concern,59.0,,-0.38,-0.425,0.668,-0.916,60.0,60.0
LII,Lennox International,Industrials,368.4100036621094,12.894350128173828,2.452423091059726,3.1577839419618363,2.6756187102823215,3.0423148674809766,2.7625760445665537,10.0,-8.341832054203447,-22.337210647283577,-0.34590254352028227,41.45758661887694,1.5895945851160833,4.715069402651861,144,0,0,,,,,-35.699449574638386,-2.031005440858613,,,-0.8373846631167914,3.5909328415732134,agrees,487.7857,14.0,13.789217,Building Products & Equipment,"Lennox International Inc., together with its subsidiaries, designs, manufactures, and markets products for the heating, ventilation, air conditioning, and refrigeration markets in the United States, Canada, and internationally.",1.51,32.4,1.57,1.39,1.16,1.09,0.96,0.21,32.9,0.78,14.9,15.250583053266386,12.865991468801518,False,16.5,64.3,3.4108540635680473,6.482982846942531,0.66,-1.7,-1.7,-7.9,1.21,5.26,12.6,,,,,,,,,,1.24,good,0.808,2.3180000000000023,0.29,good,0.0,0.84,0.72,warn,0.262,2.2539999999999987,12.0,good,4.069999999999999,20.65,37.95,warn,15.22,61.14000000000001,23.299999999999997,good,9.15,53.05,27.0,good,15.52,48.68000000000001,1.7,bad,0.634,5.627999999999998,85.0,83.0,86.0,87.0,80.0,,,65.0,,-0.05,0.21,1.455,1.104,59.0,54.0
J,Jacobs Solutions,Industrials,138.3699951171875,16.45191567944336,1.1570198862893255,1.3733814168361098,1.2880675080499968,1.3862215652823384,1.2685458643878935,8.8,-10.173971545875272,-15.753928798980066,-0.3322348335460713,33.16809373591708,0.6517741403112495,1.9770363916775733,106,0,0,,,,,-15.853809829002973,20.14253306362017,,,9.001902778749127e-07,2.995521366693432,agrees,162.53333,15.0,16.50905,Engineering & Construction,"Jacobs Solutions Inc. engages in the infrastructure and advanced facilities, and consulting businesses in the United States, Europe, Canada, India, Asia, Australia, New Zealand, the Middle East, and Africa. The company provides consulting, planning, architecture, design, engineering, and infrastructure delivery services including project, program, and construction management and long-term operation of facilities.",1.06,17.5,1.29,1.37,4.4,3.23,1.35,0.23,22.1,0.34,2.4,-22.520439039523087,-10.223783604570025,False,48.4,10.4,9.991019401211055,0.7002291955446882,0.64,-2.5,-22.8,-25.2,3.26,14.22,4.5,,,,,,,,,,1.24,good,0.808,2.3180000000000023,0.29,good,0.0,0.84,0.72,bad,0.262,2.2539999999999987,12.0,bad,4.069999999999999,20.65,37.95,bad,15.22,61.14000000000001,23.299999999999997,bad,9.15,53.05,27.0,bad,15.52,48.68000000000001,1.7,bad,0.634,5.627999999999998,54.0,54.0,54.0,42.0,73.0,margins compressing,concern,52.0,,-0.152,0.111,-0.414,0.967,49.0,45.0
USB,U.S. Bancorp,Financials,58.779998779296875,91.40289810180664,3.078160507234008,2.702083038869258,3.637072756208195,2.693698094704048,3.3867100361987372,10.0,-15.367090141932627,13.918057400712879,-0.32103171148652976,37.7431906614786,1.8079894658875812,4.564052937863713,144,46,0,,,,,-10.149803149958924,6.67864199748518,,,8.685626695797378,0.9027813760462244,agrees,70.42857,21.0,10.03341,Banks - Regional,"U.S. Bancorp, a financial services holding company, provides various financial services to individuals, businesses, institutional organizations, governmental entities, and other financial institutions in the United States. The company operates through Wealth, Corporate, Commercial and Institutional Banking; Consumer and Business Banking; Payment Services; and Treasury and Corporate Support segments.",3.72,19.8,,,80.41,13.92,1.18,,,8.17,,12.111747660312865,2.1026512553073307,False,11.2,12.0,,,12.53,-0.3,1.4,3.9,67.89,,,,,,,,,,,,,,,,,,,,0.64,bad,0.08400000000000002,1.8500000000000019,,,,,,,,,16.549999999999997,warn,6.63,33.89,14.5,good,8.940000000000001,29.16,2.895,good,0.5220000000000001,15.452000000000002,,,,,,,,,,-0.131,0.027,-0.019,-0.769,,
VRTX,Vertex Pharmaceuticals,Health Care,527.6699829101562,134.92521463012696,10.71923975388704,9.716036256956341,11.137728046703964,9.895846551025498,12.057685639617825,10.0,-3.757393707783785,10.325234183975374,-0.3170076131055476,45.92120970951055,6.641192027064556,20.704764849676668,144,0,0,,,,,-5.428707629551188,10.232248572529512,,,-4.067624093107014e-06,1.063438300131847,agrees,571.3929,28.0,26.214863,Biotechnology,"Vertex Pharmaceuticals Incorporated operates as a biotechnology company in the United States, Europe, and internationally. The company offers transformative medicines for people with serious diseases with a focus on specialty markets, such as cystic fibrosis (CF), sickle cell disease (SCD), transfusion dependent beta thalassemia (TDT), and acute pain.",,8.3,3.19,4.08,0.1,-7.76,0.01,-0.62,86.0,4.41,35.0,9.392847533335203,17.2078594217149,False,30.6,21.8,9.81198181196563,13.498149795990845,3.8,-1.4,-1.8,-2.2,20.25,12.59,30.2,,,,,,,,,,1.54,good,0.87,3.2350000000000008,0.43,good,-0.10799999999999998,0.8800000000000001,0.685,good,0.109,2.5710000000000015,13.8,good,0.76,27.66,60.3,good,12.2,77.8,13.6,good,3.35,71.78,26.0,warn,15.0,54.30000000000002,2.2199999999999998,good,0.557,12.114000000000004,92.0,100.0,92.0,84.0,92.0,net cash; 30% FCF margin; sales +10%/yr,strength,67.0,,-0.59,-0.467,-0.586,-0.945,73.0,70.0
BEN,Franklin Resources,Financials,32.68000030517578,16.911900157928468,1.8137836528918037,1.5302264477095937,1.8964134851248506,1.5526183594068974,2.151418123098583,10.0,-4.357163291717847,18.530408071735494,-0.3162863682073415,44.09072821329089,0.9911923098930022,4.1380607101053455,144,0,0,,,,,-8.638523049550518,7.940311638998865,,,4.461556812884737e-06,1.88584583357585,agrees,35.5,12.0,10.243562,Asset Management,"Franklin Templeton Inc. is a publicly owned asset investment manager. Through its subsidiaries, the firm provides its services to individuals, institutions, pension plans, trusts, and partnerships.",4.04,8.6,5.3,5.3,2.72,-1.64,0.21,,,0.81,,-0.2934769034766527,-8.166809405696785,False,20.9,6.3,,,0.12,-0.1,5.3,5.4,12.92,,,,,,,,,,,,1.0550000000000002,good,0.7220000000000001,1.537,,,,,0.64,good,0.08400000000000002,1.8500000000000019,,,,,,,,,16.549999999999997,bad,6.63,33.89,14.5,bad,8.940000000000001,29.16,2.895,bad,0.5220000000000001,15.452000000000002,,,,,,,,,,-0.437,-0.357,-0.38,-1.225,,
WTW,Willis Towers Watson,Financials,292.1099853515625,27.750448608398436,2.7996820629941928,3.109591573516767,2.901190201063092,3.0583817744838027,2.9260691464972335,10.0,-3.4988446476795443,-9.966244865144292,-0.30680374644922426,38.59928372463192,2.1785654834761323,3.963099672649283,144,0,0,2015-12-31,-62.08791208791209,129.0,"the share count moved -62% in one step on 2015-12-31, which no split explains -- the multiples either side of it are measuring different companies",-16.71846461822879,3.03534303534303,,,-1.8808119503298193,3.546240342473439,agrees,378.57895,19.0,12.626868,Insurance Brokers,"Willis Towers Watson Public Limited Company operates as an advisory, broking, and solutions company worldwide. The company operates through two segments: Health, Wealth & Career and Risk & Broking.",1.33,29.6,1.1,1.05,6.53,1.36,0.84,,,1.56,,13.332958061392075,0.6649048411809133,False,17.8,20.1,,,1.69,-5.0,-11.2,-26.9,7.77,,,,,,,,,,,,1.0550000000000002,good,0.7220000000000001,1.537,,,,,0.64,warn,0.08400000000000002,1.8500000000000019,,,,,,,,,16.549999999999997,good,6.63,33.89,14.5,warn,8.940000000000001,29.16,2.895,warn,0.5220000000000001,15.452000000000002,,,,,,,,,,-0.335,-0.071,-0.656,0.104,,
F,Ford Motor Company,Consumer Discretionary,12.380000114440918,50.398980465888975,0.2654519910138943,0.2894670311438368,0.28342822460646877,0.3179478888861355,0.29627269412569573,10.0,-6.342428887431351,-8.296295448585788,-0.2528226993644151,38.838042180660565,0.10298935214881334,0.754867288192252,144,0,0,,,,,-29.01376081169199,3.8206634075921064,,,1.004403316469471,2.755600793228652,agrees,16.03,18.0,6.294458,Auto Manufacturers,"Ford Motor Company develops, delivers, and services Ford trucks, sport utility vehicles, commercial vans and cars, and Lincoln luxury vehicles in the United States, Canada, the United Kingdom, Mexico, and internationally. It operates through Ford Blue, Ford Model e, Ford Pro, and Ford Credit segments.",4.88,29.5,1.09,1.21,0.29,-30.55,0.01,-0.16,8.0,-6.09,-3.2,,,False,,-16.2,4.776624476982505,8.028611999089176,9.55,1.3,0.7,1.1,37.48,189.86,5.0,,,,,,True,,,,1.11,warn,0.536,2.038,0.16,good,-0.15,1.18,0.82,good,0.11600000000000002,7.960000000000002,11.0,bad,1.2,21.85,42.5,bad,11.48,74.61999999999999,37.7,bad,2.9200000000000004,173.7700000000001,,,,,1.6549999999999998,good,0.665,7.38,64.0,92.0,27.0,75.0,63.0,net cash,strength,55.0,,-0.209,-0.023,-0.018,-0.496,54.0,51.0
NVR,"NVR, Inc.",Consumer Discretionary,6267.89013671875,18.004163415876953,1.8893019526957833,2.1524287991325872,2.0354937010770966,2.1863453713532297,2.036603287718916,10.0,-7.1821272796842806,-12.224648106494495,-0.24462014588528497,37.16673298846001,1.102453713022793,3.3269443215795302,144,0,0,,,,,-23.35668700515101,-9.932256846500675,,,-1.0570021655181838,7.826841342070456,agrees,6717.8,5.0,15.562562,Residential Construction,"NVR, Inc. operates as a homebuilder in the United States. The company operates through Homebuilding and Mortgage Banking segments.",,7.2,,,0.6,-0.6,0.18,-0.06,,1.14,12.0,-10.916420328747368,0.17252103035267918,False,15.8,33.6,-1.6117730263526697,1.9344991856637073,1.05,-7.8,-17.1,-26.7,3.39,9.53,11.0,,,,,,,,,,,,,,0.16,good,-0.15,1.18,0.82,good,0.11600000000000002,7.960000000000002,11.0,good,1.2,21.85,,,,,37.7,warn,2.9200000000000004,173.7700000000001,19.299999999999997,good,12.57,41.30000000000001,1.6549999999999998,bad,0.665,7.38,73.0,96.0,85.0,28.0,80.0,margins compressing,concern,59.0,,0.01,0.142,0.283,0.967,54.0,51.0
NRG,NRG Energy,Utilities,97.0,20.564,0.6300245098039216,0.5557069178158986,0.8288450804576414,0.6069328806077332,0.8201881820193678,10.0,-23.98766371924924,13.373522913861535,-0.24461794899006428,38.280939116593714,0.23019281614754628,1.6694376829080764,144,0,0,,,,,-47.291202521328046,12.358003442340792,,,-1.4641484684731032,0.6748606611363339,agrees,188.5625,16.0,8.684282,Utilities - Independent Power Producers,"NRG Energy, Inc., together with its subsidiaries, operates as an energy and home services company in the United States and Canada. It operates through the Texas, East, West/Other, Vivint Smart Home, and Corporate Activities segments. The company offers retail electricity, energy management, demand response and virtual power plant programs, carbon offsets, smart home security, and automation services.",1.96,94.4,0.97,1.06,24.9,24.74,5.13,0.76,58.7,0.85,2.6,,-4.557939334077121,True,24.2,17.5,3.1343663284330026,12.846471310152129,0.35,4.4,-8.6,-13.5,4.86,32.64,1.1,,,,,,,,,,0.765,warn,0.52,1.163,2.3,good,1.546,2.748,1.56,bad,1.2600000000000002,2.194,14.2,bad,6.9,18.880000000000006,67.6,warn,31.29,82.50999999999999,9.4,good,8.06,12.780000000000008,19.4,bad,14.590000000000002,24.3,-1.06,good,-3.549,2.2850000000000006,39.0,20.0,48.0,51.0,41.0,net debt 71x FCF,concern,43.0,,0.005,0.14,0.681,1.043,39.0,37.0
ADP,Automatic Data Processing,Industrials,261.79998779296875,105.5839350769043,4.810749975026964,5.626741738095097,5.154085939012411,5.5756797474778494,5.079744812075088,10.0,-6.661432658440192,-14.502029790057192,-0.24134290504239686,34.938320732192594,3.27299681469249,6.839762998633435,144,0,0,,,,,-10.800685590129898,6.743868215885485,,,0.00045476001315769565,1.7787779896364375,agrees,287.6,15.0,19.539587,Software - Application,"Automatic Data Processing, Inc. provides cloud-based human capital management (HCM) solutions worldwide. It operates in two segments, Employer Services and Professional Employer Organization (PEO).",2.6,9.9,1.05,0.98,4.97,-5.71,0.82,-0.26,28.0,4.41,20.1,8.955836692927921,11.177374353599623,False,23.9,73.1,6.806964876824262,7.902626958704895,5.44,-1.3,-3.0,-5.8,6.03,21.95,24.8,,,,,,,,,,1.24,warn,0.808,2.3180000000000023,0.29,good,0.0,0.84,0.72,warn,0.262,2.2539999999999987,12.0,good,4.069999999999999,20.65,37.95,warn,15.22,61.14000000000001,23.299999999999997,good,9.15,53.05,27.0,good,15.52,48.68000000000001,1.7,good,0.634,5.627999999999998,89.0,88.0,92.0,81.0,98.0,net cash; 25% FCF margin; sales +7%/yr,strength,65.0,,0.208,0.536,-0.68,1.017,55.0,46.0
HON,Honeywell Technologies,Industrials,211.52000427246094,67.47488136291504,1.7288839131627303,2.020760982843893,1.8780777147886412,2.021311155970641,1.843578277238188,10.0,-7.9439631518497205,-14.44391851184662,-0.22943686254919088,35.813768404297655,1.0828148276339846,2.6359085750150655,144,0,0,,,,,-18.688809304479904,5.072151626103816,,,2.551433416996196,1.3157581386975759,agrees,261.73914,23.0,21.245232,Conglomerates,"Honeywell International Inc. engages in the industrial automation, building automation, and energy and sustainability solutions businesses in the United States, Europe, and internationally.",1.33,23.7,1.21,1.35,33.99,24.79,1.8,0.64,35.4,4.73,12.1,14.630924566714821,10.551635554579963,False,14.3,25.1,2.588531578245745,2.821973490233276,4.01,-6.9,-10.4,-14.5,18.86,39.03,10.3,,,"trailing profit of $8.21B against $4.73B in the year to 2025-12-31, only 181 days earlier",2025-12-31,True,,,,,1.24,warn,0.808,2.3180000000000023,0.29,bad,0.0,0.84,0.72,bad,0.262,2.2539999999999987,12.0,good,4.069999999999999,20.65,37.95,warn,15.22,61.14000000000001,23.299999999999997,good,9.15,53.05,27.0,good,15.52,48.68000000000001,1.7,good,0.634,5.627999999999998,73.0,51.0,83.0,85.0,77.0,net debt 6x FCF,concern,59.0,,0.057,0.254,0.405,0.505,53.0,49.0
HST,Host Hotels & Resorts,Real Estate,22.65999984741211,15.592345895004273,2.5072111103078103,2.389313226003668,2.4799149289536815,2.8263387955449533,3.078440452850074,10.0,1.1006902307590716,4.934383781122609,-0.22072699211275956,53.601273378432154,1.17304552934723,13.20719751809721,144,0,0,,,,,-11.27642972822197,4.926607052471743,,,-0.240613928584954,0.017211244736103914,agrees,25.29033,20.0,21.258253,REIT - Hotel & Motel,"Host Hotels & Resorts, Inc. is an S&P 500 company and is the largest lodging real estate investment trust and one of the largest owners of luxury and upper-upscale hotels. The Company currently owns 70 properties in the United States and five properties internationally totaling approximately 41,300 rooms.",3.57,11.6,,,1.27,-0.84,0.2,,,1.03,,10.651434954314421,,False,15.1,16.1,,,1.36,-1.2,-3.7,-2.8,6.39,,,,,,,,,,,,,,,,,,,,0.825,good,0.135,2.58,,,,,,,,,7.3,good,2.22,18.460000000000015,30.25,good,16.78,128.50000000000003,1.2,good,-0.10599999999999986,3.3679999999999994,,,,,,,,,,-0.256,-0.26,-0.076,-0.721,,
ORCL,Oracle Corporation,Information Technology,132.60000610351562,397.8000183105469,5.5421655726841035,6.49143383117076,5.436463572292422,7.158828539911755,6.110782345109037,10.0,1.944315435688826,-14.623398823360588,-0.21924374795441876,54.23796259450856,3.3552939393173835,16.183401165746044,144,0,0,,,,,-57.635780797598834,21.61882815412246,,,0.001390370000442509,-4.7665757476101795,agrees,237.97415,41.0,12.529563,Software - Infrastructure,"Oracle Corporation offers products and services that build, run and support enterprise information technology frameworks worldwide.",1.45,79.5,1.17,0.87,7.2,-70.81,0.11,-0.99,33.8,18.92,26.4,26.360497778689982,6.282204794317514,False,21.0,28.2,12.090370273697083,11.940339500229902,-28.72,3.1,6.3,4.9,67.2,71.78,-40.0,,,,,,,,,,1.53,warn,0.79,3.3979999999999997,0.09,good,-0.29799999999999993,0.782,0.44999999999999996,good,0.055,1.72,17.75,good,3.92,38.12,55.5,bad,27.770000000000003,80.71000000000001,20.5,good,4.800000000000001,76.72,40.349999999999994,good,13.68,156.26,2.6950000000000003,bad,0.716,12.751,78.0,92.0,84.0,100.0,4.0,burning cash,concern,60.0,,0.363,0.556,0.444,3.505,48.0,43.0
FANG,Diamondback Energy,Energy,185.22999572753906,52.23356218519592,3.054237059127349,3.346657813489165,3.394125891208194,3.318360528220879,3.4745939465657516,7.6,-10.014031387617639,-8.737695057533934,-0.19590862398782533,34.78260869565217,0.643137507568113,8.48137426930147,91,0,0,2025-03-31,35.62106347608231,18.0,"the share count moved +57% in one step on 2019-04-01, which no split explains -- the multiples either side of it are measuring different companies",-13.31836036897418,21.44581735548927,,,5.256028194787876,1.4054167446557964,agrees,234.51724,29.0,9.804167,Oil & Gas E&P,"Diamondback Energy, Inc., an independent oil and natural gas company, acquires, develops, explores, and exploits unconventional, onshore oil and natural gas reserves in the Permian Basin in West Texas, the United States.",2.39,26.6,0.47,0.89,12.61,12.15,0.29,0.71,,1.47,8.6,-24.86282862527038,,False,35.5,3.3,27.186410692308026,31.47644870132047,10.14,-3.5,55.6,55.0,43.98,17.1,59.3,,,,,,,,,,1.25,bad,0.477,1.9010000000000002,0.28,warn,0.11,1.4260000000000002,0.4,good,0.222,1.59,12.55,warn,2.81,26.3,,,,,13.85,bad,6.09,24.81000000000001,23.65,bad,11.39,37.81000000000001,4.74,good,0.6950000000000001,13.038,63.0,64.0,60.0,44.0,100.0,margins compressing,concern,54.0,,-0.135,-0.013,-0.015,-0.176,53.0,50.0
VMC,Vulcan Materials Company,Materials,246.14999389648438,32.29487919921875,4.005616094366287,4.394619693449325,4.258361700978008,4.285257696280988,4.180397570638659,10.0,-5.935278033185232,-8.851814860405138,-0.18994671416876538,39.15638678869877,2.073120575893829,5.561911522163863,144,0,0,,,,,-25.492631323520786,7.40415101377454,,,-0.6579765836873142,2.669320293729549,agrees,321.78262,23.0,22.790089,Building Materials,"Vulcan Materials Company produces and supplies construction aggregates in the United States. It operates through three segments: Aggregates, Asphalt, and Concrete.",0.86,30.7,2.59,3.13,4.56,4.41,0.54,0.55,27.7,1.11,13.8,22.570268046208408,10.207887984005737,False,29.1,13.1,2.7895937916645686,10.582951132613893,1.12,-1.3,-1.9,-1.7,8.48,8.06,13.9,,,,,,,,,,1.64,good,1.072,2.87,0.39,bad,0.116,0.574,0.59,good,0.20800000000000002,1.298,7.3,good,-6.159999999999999,19.96,24.55,good,11.040000000000001,43.940000000000005,13.1,good,-4.5,27.26,22.6,warn,13.94,34.28,1.12,good,-0.08599999999999988,2.950000000000001,78.0,73.0,74.0,86.0,85.0,,,60.0,,-0.109,0.574,1.026,1.573,58.0,42.0
META,Meta Platforms,Communication Services,715.6199951171875,1836.2809074707031,8.045148052200918,8.017276441171349,9.083664704650676,7.437064482271379,9.261724617978379,10.0,-11.432793770096506,0.34764438065824077,-0.1852264306043262,28.491842419419022,2.045949964018118,17.532093862815884,144,0,0,,,,,-7.969499298863781,27.652065949307627,,,2.2151441791962156e-06,-2.433016112493569,agrees,793.90735,57.0,21.128471,Internet Content & Information,"Meta Platforms, Inc. engages in the development of products that enable people to connect and share with friends and family through mobile devices, personal computers, virtual reality (VR) headsets, and AI glasses in the United States, Canada, Europe, Asia-Pacific, and internationally. It operates through two segments, Family of Apps (FoA) and Reality Labs (RL).",0.28,10.9,2.23,2.57,83.66,-20.41,0.32,-0.09,81.7,68.1,29.8,44.54116020978696,11.8197821526548,False,27.0,26.1,23.715456304128878,16.84935112823962,40.98,-0.5,-1.8,-10.9,261.22,228.25,18.0,,,,,,,,,,1.1,good,0.699,3.2830000000000017,0.18,good,-0.13099999999999998,1.0530000000000002,0.815,good,0.21400000000000002,1.9100000000000037,9.6,good,-0.20999999999999924,29.62,60.9,good,20.1,88.5,15.100000000000001,good,-0.34999999999999876,45.53,21.85,warn,7.77,111.25,4.4399999999999995,good,0.7800000000000001,42.20900000000002,93.0,95.0,92.0,100.0,80.0,net cash; 18% FCF margin; sales +24%/yr,strength,65.0,,-0.352,-0.906,-0.83,0.212,69.0,78.0
APD,Air Products,Materials,278.75,62.1055,4.928147466315405,5.035280750561835,5.002248498093015,5.122342932572231,5.1606775394131255,10.0,-1.4813544710115645,-2.127652648454137,-0.1780893697159439,46.1599681655392,3.707474860585429,7.89173209061841,144,0,0,,,,,-11.279798847830936,4.514053027475762,,,-5.078478304554324e-07,-0.10627730240659883,agrees,345.10526,19.0,19.338694,Specialty Chemicals,"Air Products and Chemicals, Inc. provides atmospheric gases, process and specialty gases, equipment, and related services in the Americas, Asia, Europe, the Middle East, India, and internationally.",2.59,23.8,1.08,1.33,8.4,7.31,0.51,0.58,23.8,-0.05,-0.4,,,False,,-0.3,-0.9762512699952319,5.154853380610436,-0.3,-0.0,0.0,0.1,16.6,12.6,-2.4,,,,,,,,,,1.64,bad,1.072,2.87,0.39,bad,0.116,0.574,0.59,good,0.20800000000000002,1.298,7.3,bad,-6.159999999999999,19.96,24.55,warn,11.040000000000001,43.940000000000005,13.1,bad,-4.5,27.26,,,,,1.12,bad,-0.08599999999999988,2.950000000000001,36.0,37.0,32.0,47.0,23.0,net debt 20x FCF; burning cash,concern,40.0,,0.2,0.613,0.45,0.192,35.0,28.0
HAL,Halliburton,Energy,32.43000030517578,27.176340255737305,1.214693615328177,1.3894900724244963,1.3764845550945135,1.3951442542241124,1.432260013228648,10.0,-11.753923367140672,-12.579899674369033,-0.1765827638581796,37.12693991245523,0.18001383434487686,3.0717869956568262,144,0,0,,,,,-24.546299894891156,0.6251686606098872,,,3.7187682933037536e-06,3.4228070688624657,agrees,43.44,25.0,10.86264,Oil & Gas Equipment & Services,"Halliburton Company provides products and services to the energy industry worldwide. It operates in two segments, Completion and Production, and Drilling and Evaluation.",2.16,34.0,2.02,2.14,7.16,4.96,0.65,0.22,80.6,1.6,7.2,-13.330862262923027,,False,17.0,14.5,-0.06099709950487808,10.847189341062592,1.73,-2.8,-7.4,-5.8,11.05,22.37,7.7,,,,,,,,,,1.25,good,0.477,1.9010000000000002,0.28,good,0.11,1.4260000000000002,0.4,warn,0.222,1.59,12.55,bad,2.81,26.3,43.6,good,8.180000000000001,85.02000000000001,13.85,good,6.09,24.81000000000001,23.65,good,11.39,37.81000000000001,4.74,bad,0.6950000000000001,13.038,63.0,79.0,69.0,27.0,78.0,margins compressing,concern,53.0,,-0.109,0.086,-0.047,-0.719,52.0,49.0
SCHW,Charles Schwab Corporation,Financials,98.30000305175781,171.53350532531738,6.591104911635634,7.232211123110151,7.173748185776487,7.084707215030305,7.015326247019094,10.0,-8.121880766543633,-8.864594804566694,-0.16182519311896626,37.44528452049343,3.5003824270124055,11.605108202891111,144,0,0,2020-12-31,43.35394126738794,69.0,"the share count moved +43% in one step on 2020-12-31, which no split explains -- the multiples either side of it are measuring different companies",-13.506376549267218,20.341255895681122,,,-3.6887606746915935e-06,0.09122629491911116,agrees,125.45,20.0,12.655722,Capital Markets,"The Charles Schwab Corporation, together with its subsidiaries, operates as a savings and loan holding company that provides wealth management, securities brokerage, banking, asset management, custody, and financial advisory services in the United States and internationally. The company operates in two segments, Investor Services and Advisor Services.",1.29,27.6,,,36.61,-32.59,0.73,,,10.1,,13.606319991145522,17.119240152849823,False,17.0,20.1,,,10.79,-4.4,-4.9,-8.0,50.15,,,,,,,,,,,,,,,,,,,,0.64,warn,0.08400000000000002,1.8500000000000019,,,,,,,,,16.549999999999997,good,6.63,33.89,14.5,warn,8.940000000000001,29.16,2.895,good,0.5220000000000001,15.452000000000002,,,,,,,,,,0.284,0.424,-0.176,0.827,,
PGR,Progressive Corporation,Financials,209.47000122070312,122.66563271484375,1.3471597684349432,1.5647129652917504,1.3518366427032937,1.6351949009765563,1.4249906815651558,10.0,-0.34596445462508063,-13.903712801168167,-0.16102927645727322,48.90569040986868,0.8020893577303067,2.3022182956255026,144,0,0,,,,,-15.177160874386264,10.492913309387442,,,0.03955014147150049,0.39269927920264625,agrees,231.38095,21.0,12.925957,Insurance - Property & Casualty,"The Progressive Corporation operates as an insurance company in the United States. It writes insurance for personal autos and special lines products, including motorcycles, RVs, and watercraft; and personal residential property insurance for homeowners and renters.",0.19,10.5,,,3.16,0.99,0.09,,,11.7,,88.53711136098954,16.35111653943877,False,10.5,34.1,,,15.95,-0.4,-0.2,-0.2,34.33,,,,,,,,,,,,,,,,,,,,0.64,good,0.08400000000000002,1.8500000000000019,,,,,,,,,16.549999999999997,good,6.63,33.89,14.5,good,8.940000000000001,29.16,2.895,good,0.5220000000000001,15.452000000000002,,,,,,,,,,0.22,0.335,0.4,1.149,,
BIIB,Biogen,Health Care,228.69000244140625,33.93759636230469,3.4151384026309386,3.0153308530839023,3.4579914431614425,3.0669865877027993,3.7349021128888378,10.0,-1.2392465752120496,13.259160239021096,-0.1561120103974017,49.044585987261144,1.7178255252741348,6.619266148037402,144,0,0,,,,,0.0,1.232631107126858,,,-0.9024811263213861,1.1537665683717835,agrees,238.18195,31.0,13.731982,Drug Manufacturers - General,"Biogen Inc. discovers, develops, manufactures, and delivers therapies in the United States, Europe, Germany, Asia, and internationally.",,4.2,3.06,1.68,8.04,3.09,0.43,0.31,,1.37,13.8,-24.041966883203123,-14.55379108195556,False,24.8,7.3,-0.5545083191020761,-4.644009679034145,2.42,1.2,2.0,-1.9,18.65,9.94,24.4,,,,,,,True,,,1.54,good,0.87,3.2350000000000008,0.43,good,-0.10799999999999998,0.8800000000000001,0.685,good,0.109,2.5710000000000015,13.8,good,0.76,27.66,,,,,13.6,bad,3.35,71.78,26.0,good,15.0,54.30000000000002,2.2199999999999998,good,0.557,12.114000000000004,66.0,88.0,62.0,24.0,98.0,margins compressing,concern,54.0,,-0.53,-0.537,-0.566,-1.783,61.0,61.0
FE,FirstEnergy,Utilities,43.02000045776367,24.95160026550293,1.6069814043603354,1.795296797153025,1.7623752173633027,1.8245737750158737,1.7104785486026288,10.0,-8.817294493930339,-10.489373851238382,-0.15280212481580846,26.979705531237563,0.8555866376969039,2.567316719528772,144,1,0,,,,,-17.12579376273613,11.304659498207892,,,-0.6971076092644912,-1.1890056544179073,agrees,52.91667,12.0,14.796229,Utilities - Regulated Electric,"FirstEnergy Corp., together with its subsidiaries, engages in the generation, distribution, and transmission of electricity in the United States. It operates through Distribution, Integrated, and Stand-Alone Transmission segments. The company owns and operates coal-fired, nuclear, hydroelectric, wind, and solar power generating facilities.",4.26,23.0,0.52,0.53,27.64,27.56,1.96,1.77,,1.06,6.9,37.45389870554086,-4.490575023972765,False,23.5,7.5,6.924340040893129,7.517904079884885,-1.74,0.3,1.0,6.4,14.11,15.53,-11.2,,,,,,,,,,0.765,bad,0.52,1.163,2.3,good,1.546,2.748,1.56,bad,1.2600000000000002,2.194,14.2,bad,6.9,18.880000000000006,,,,,9.4,bad,8.06,12.780000000000008,19.4,bad,14.590000000000002,24.3,-1.06,warn,-3.549,2.2850000000000006,46.0,18.0,56.0,93.0,4.0,net debt 20x FCF; burning cash,concern,45.0,,0.33,0.397,0.516,0.687,37.0,36.0
TPL,Texas Pacific Land Corporation,Energy,338.1499938964844,23.344042805646364,26.008887399735904,26.61148353583492,26.813273443797776,27.901257713666904,28.316255228809663,7.6,-2.999954652116288,-2.2644214302730004,-0.1469725795885335,45.77836411609499,14.816480658474392,57.986285622274345,91,19,0,,,,,-37.35526892004587,20.82024787547805,,,8.913241922314796e-07,2.964294932464462,agrees,443.0,2.0,4.49535,Oil & Gas E&P,"Texas Pacific Land Corporation engages in the land and resource management, and water services and operations businesses. The Land and Resource Management segment manages surface acres of land, and oil and gas royalty interest in Permian Basin. This segment also engages in easements, such as transporting oil, gas and related hydrocarbons, power line and utility, and subsurface wellbore easements.",0.73,31.0,4.55,16.7,,,,,,0.54,60.3,9.132294978988975,22.26823868453525,False,43.2,32.3,11.308322562331409,22.248509676867624,0.59,-0.0,-0.3,-1.1,1.67,0.9,65.7,,,,,,,,,,1.25,good,0.477,1.9010000000000002,,,,,,,,,12.55,good,2.81,26.3,,,,,13.85,good,6.09,24.81000000000001,23.65,bad,11.39,37.81000000000001,4.74,bad,0.6950000000000001,13.038,93.0,100.0,92.0,84.0,97.0,66% FCF margin; sales +11%/yr; 60% net margin,strength,64.0,,0.422,0.403,1.119,0.556,50.0,51.0
CBRE,CBRE Group,Real Estate,130.35000610351562,38.50691311789975,0.894469526548194,1.0028199471529542,0.8872848946909295,1.0311891568518123,0.9433984304796815,10.0,0.8097322404848395,-10.804573733537248,-0.14660150010803988,52.36768802228412,0.43331369384901963,1.4627843736198862,144,0,0,,,,,-24.042884386973007,15.026986586864744,,,-1.512206463566812,1.6334564441383037,agrees,182.16667,12.0,14.385357,Real Estate Services,"CBRE Group, Inc. operates as a commercial real estate services and investment company in the United States, the United Kingdom, and internationally. The company operates through Advisory Services, Building Operations and Experience, Project Management, and Real Estate Investments segments.",,39.8,1.14,1.19,8.02,6.38,0.92,,,1.3,,15.450026194314791,1.5158604237372142,False,29.6,14.9,,,0.94,-2.0,-6.2,-13.0,8.72,,,,,,,,,,,,0.9299999999999999,good,0.296,1.937,,,,,0.825,warn,0.135,2.58,,,,,,,,,7.3,good,2.22,18.460000000000015,30.25,good,16.78,128.50000000000003,1.2,warn,-0.10599999999999986,3.3679999999999994,,,,,,,,,,0.144,0.377,0.03,1.306,,
SMCI,Supermicro,Information Technology,41.779998779296875,29.135198588745116,0.7458501622387793,0.9747212390741092,0.6198090019563679,1.588918106700221,1.1380666279995533,10.0,20.3354839772534,-23.480669924945442,-0.14250231215800577,61.523046092184366,0.2542783862835324,7.457318860667739,144,25,0,,,,,-28.800274745574516,77.78535103837869,,,-1.966051177415551e-06,8.113475878701749,agrees,42.375,16.0,7.701956,Computer Hardware,"Super Micro Computer, Inc., together with its subsidiaries, develops and sells server and storage solutions based on modular and open-standard architecture in the United States, Asia, Europe, and internationally.",,1.4,3.87,2.23,0.26,-7.4,0.02,-0.19,10.8,2.23,5.7,51.599205890985324,,False,13.1,15.4,76.32010108319822,61.49336961730965,-6.97,11.0,24.6,30.3,14.48,39.06,-17.8,,,,,,,,,,1.53,good,0.79,3.3979999999999997,0.09,good,-0.29799999999999993,0.782,0.44999999999999996,good,0.055,1.72,17.75,bad,3.92,38.12,55.5,bad,27.770000000000003,80.71000000000001,20.5,warn,4.800000000000001,76.72,40.349999999999994,good,13.68,156.26,2.6950000000000003,bad,0.716,12.751,66.0,98.0,48.0,84.0,4.0,burning cash; margins compressing; diluting +11%/yr,concern,54.0,,-0.027,0.038,-0.323,0.862,52.0,51.0
DUK,Duke Energy,Utilities,113.41000366210938,88.3463928527832,2.7168458347002646,2.940933734939759,2.719209135123705,2.9025879650821533,2.7765538993002212,10.0,-0.08691131523919093,-7.61961745608949,-0.13632484751667237,49.70155192996419,1.901958272327965,3.5879662522202485,144,0,0,,,,,-15.023225189487965,5.797761582509109,,,-0.8688239405534981,-0.7898947761411201,agrees,136.94444,18.0,15.925827,Utilities - Regulated Electric,"Duke Energy Corporation, through its subsidiaries, operates as an energy company in the United States. The company operates through two segments: Electric Utilities and Infrastructure (EU&I); and Gas Utilities and Infrastructure (GU&I). The EU&I segment generates, transmits, distributes, and sells electricity to customers in the Southeast and Midwest regions.",3.8,20.8,0.66,0.76,87.87,85.61,1.56,2.63,,5.14,15.8,28.62480539105794,29.140659659274526,False,17.2,9.1,4.0884018314966575,6.688840713642241,-3.3,0.3,1.0,1.3,56.48,32.52,-10.1,,,,,,,,,,0.765,warn,0.52,1.163,2.3,bad,1.546,2.748,1.56,good,1.2600000000000002,2.194,14.2,good,6.9,18.880000000000006,,,,,9.4,warn,8.06,12.780000000000008,19.4,good,14.590000000000002,24.3,-1.06,bad,-3.549,2.2850000000000006,49.0,19.0,70.0,89.0,4.0,net debt 20x FCF; burning cash,concern,46.0,,0.338,0.574,0.982,1.126,38.0,34.0
NEE,NextEra Energy,Utilities,75.48999786376953,157.95527153015138,6.075202751159668,6.715280909272003,6.415470381355933,6.795169512387966,6.457197895204575,10.0,-5.303860979315256,-9.531666162000151,-0.13314002821327334,38.93312101910828,3.459407635115701,10.116735824175825,144,0,0,,,,,-22.87495109954073,8.333333333333325,,,-9.407666313297469,-0.2208544757265063,agrees,98.73684,19.0,17.272812,Utilities - Regulated Electric,"NextEra Energy, Inc., through its subsidiaries, generates, stores, transmits, distributes, and sells electric power to retail and wholesale customers in North America. It operates through Florida Power & Light Company (FPL) and NEER segments. The company generates electricity from wind, solar, nuclear, natural gas, and other clean energy assets.",3.28,30.8,0.54,0.5,97.78,95.31,1.47,3.67,,8.18,31.5,6.97575371869763,14.463636749041143,False,19.3,12.3,3.280242800605415,8.74277973801101,12.33,1.5,3.2,6.2,66.63,26.0,47.4,,,,,,,,,,0.765,bad,0.52,1.163,2.3,bad,1.546,2.748,1.56,good,1.2600000000000002,2.194,14.2,good,6.9,18.880000000000006,,,,,9.4,good,8.06,12.780000000000008,19.4,good,14.590000000000002,24.3,-1.06,good,-3.549,2.2850000000000006,66.0,26.0,81.0,75.0,100.0,net debt 8x FCF,concern,54.0,,0.4,0.479,0.681,0.4,43.0,41.0
RCL,Royal Caribbean Group,Consumer Discretionary,242.58999633789062,65.49929901123046,3.506011080785273,3.652110379020158,2.812820033589545,10.119152690637007,12.738595425178247,10.0,24.64398855660599,-4.000407519831928,-0.10058209201349048,65.38461538461539,0.4280779854293727,251.93793580929128,144,7,0,,,,"trailing revenue falls 90% around 2021-03-31, 101x this company's usual move between filings, at the exact point the source concept changes from reported-annual to RevenueFromContractWithCustomerExcludingAssessedTax",-30.296239882225485,8.723738578827911,,,3.4257575221019465e-06,-6.049392376714213,agrees,350.44443,27.0,12.753998,Travel Services,"Royal Caribbean Cruises Ltd. operates as a cruise company worldwide. The company operates cruises under the Royal Caribbean International, Celebrity Cruises, and Silversea Cruises brands, which comprise a range of itineraries.",2.3,44.5,0.21,0.19,22.84,21.96,2.18,1.18,49.1,4.4,23.5,,,True,14.9,42.1,15.877587417069794,,-0.42,-1.8,-4.2,6.1,10.46,18.68,-2.2,,,,,,,,,,1.11,bad,0.536,2.038,0.16,bad,-0.15,1.18,0.82,warn,0.11600000000000002,7.960000000000002,11.0,good,1.2,21.85,42.5,good,11.48,74.61999999999999,37.7,good,2.9200000000000004,173.7700000000001,19.299999999999997,good,12.57,41.30000000000001,1.6549999999999998,bad,0.665,7.38,61.0,26.0,95.0,85.0,21.0,net debt 20x FCF; burning cash,concern,51.0,,0.077,0.186,0.329,0.443,48.0,46.0
ED,Consolidated Edison,Utilities,102.83000183105469,37.47125266723633,2.1545108479321717,2.229310027598896,2.16023730364496,2.239917820413882,2.1781115656153442,10.0,-0.2650845674744051,-3.3552614369786626,-0.09526199177324261,48.90569040986868,1.7519450886201755,2.6141852005647372,144,0,0,,,,,-10.938851696644125,7.998012916045694,,,-1.6790091982280875,-1.9446630281877209,agrees,110.03125,16.0,15.921687,Utilities - Regulated Electric,"Consolidated Edison, Inc., through its subsidiaries, engages in the regulated electric, gas, and steam delivery businesses in the United States.",3.4,7.0,1.19,0.98,26.05,25.9,1.02,1.49,,2.15,12.4,-4.713955225168409,13.484324750196386,False,17.4,8.4,3.4324028365740444,6.881015363895071,0.46,0.7,3.7,5.3,25.6,17.39,2.6,,,,,,,,,,0.765,good,0.52,1.163,2.3,good,1.546,2.748,1.56,good,1.2600000000000002,2.194,14.2,warn,6.9,18.880000000000006,,,,,9.4,bad,8.06,12.780000000000008,19.4,good,14.590000000000002,24.3,-1.06,good,-3.549,2.2850000000000006,47.0,31.0,64.0,48.0,41.0,net debt 56x FCF; margins compressing,concern,45.0,,0.378,0.606,0.797,0.428,37.0,32.0
EXE,Expand Energy,Energy,85.30999755859375,20.43677770513916,1.503256911006926,1.8827780895759016,1.6776040686775546,2.1846717677561625,2.0093308318184424,5.6,-10.392628447072461,-20.157509834547906,-0.08137344490200818,43.689320388349515,0.07234170496789456,6.303423749704841,68,18,0,2025-03-31,49.33148182356726,18.0,"the share count moved +964% in one step on 2021-03-31, which no split explains -- the multiples either side of it are measuring different companies",-30.580195655794817,59.28529584065612,,,7.402434329871355,4.868577810352659,agrees,125.51852,27.0,9.839859,Oil & Gas E&P,"Expand Energy Corporation operates as an independent natural gas production company in the United States. The company engages in acquisition, exploration, and development of properties to produce oil, natural gas, and natural gas liquids.",2.73,47.1,0.96,1.56,4.56,3.8,0.23,0.28,21.5,2.78,20.5,-23.623001505977946,,False,7.4,14.3,2.7040068161476194,18.901142825614127,2.68,-0.4,66.4,144.6,19.41,13.6,19.7,,,,,,,,,,1.25,warn,0.477,1.9010000000000002,0.28,good,0.11,1.4260000000000002,0.4,good,0.222,1.59,12.55,good,2.81,26.3,43.6,warn,8.180000000000001,85.02000000000001,13.85,good,6.09,24.81000000000001,23.65,good,11.39,37.81000000000001,4.74,bad,0.6950000000000001,13.038,70.0,82.0,81.0,30.0,91.0,margins compressing,concern,55.0,,-0.118,0.047,-0.137,0.839,55.0,52.0
KIM,Kimco Realty,Real Estate,22.489999771118164,15.119622026126862,6.9129838528992105,7.305055253091823,7.042933474863265,7.692317488557415,7.173978688170387,10.0,-1.8451064805290796,-5.367124362634645,-0.0709767564076665,43.89176283326701,2.878988535522106,11.972002958501923,144,0,0,2021-09-30,26.885539285392234,60.0,,-14.7460205795369,4.406376084337227,,,2.1946529482619326e-06,0.5354321841501752,agrees,26.82143,21.0,25.477272,REIT - Retail,"Kimco Realty is a real estate investment trust (REIT) and leading owner and operator of high-quality, open-air, grocery-anchored shopping centers and mixed-use properties in the United States. The company's portfolio is strategically concentrated in the first-ring suburbs of the top major metropolitan markets, including high-barrier-to-entry coastal markets and Sun Belt cities.",5.0,19.3,,,7.72,6.79,0.74,,,0.61,,14.485745138862892,7.778929414126612,False,24.8,5.9,,,1.16,-0.6,8.5,55.4,10.42,,,,,,,,,,,,,,,,,,,,0.825,good,0.135,2.58,,,,,,,,,7.3,warn,2.22,18.460000000000015,30.25,good,16.78,128.50000000000003,1.2,warn,-0.10599999999999986,3.3679999999999994,,,,,,,,,,-0.312,-0.091,0.222,-0.288,,
TMUS,T-Mobile US,Communication Services,166.4499969482422,181.8226943124433,1.972281880836578,2.349981037683279,2.129121992506244,2.523677416268801,2.1146435864450006,10.0,-7.366422037895781,-16.07243423628023,-0.0683677151451888,42.1408674890569,1.1065971000713721,3.9322843709009825,144,0,0,2020-06-30,42.78643650171916,75.0,"the share count moved +43% in one step on 2020-06-30, which no split explains -- the multiples either side of it are measuring different companies",-30.466205636125743,9.680911816494554,,,3.471130050058946e-07,4.003271824824406,agrees,243.52,25.0,11.288955,Telecom Services,"T-Mobile US, Inc., together with its subsidiaries, provides wireless communications services in the United States, Puerto Rico, and the United States Virgin Islands. The company offers voice, messaging, and data services to postpaid, prepaid, and wholesale and other services customers.",2.87,46.3,0.92,0.86,92.4,86.3,1.64,0.94,87.3,10.56,11.5,19.767572540998678,21.960844330226447,False,17.2,18.8,5.468014283674716,3.0525819381477692,18.4,-4.2,-9.7,-12.9,56.27,92.19,20.0,,,,,,,,,,1.1,warn,0.699,3.2830000000000017,0.18,bad,-0.13099999999999998,1.0530000000000002,0.815,bad,0.21400000000000002,1.9100000000000037,9.6,good,-0.20999999999999924,29.62,60.9,good,20.1,88.5,15.100000000000001,good,-0.34999999999999876,45.53,21.85,good,7.77,111.25,4.4399999999999995,good,0.7800000000000001,42.20900000000002,75.0,47.0,79.0,91.0,97.0,20% FCF margin; buying back stock,strength,56.0,,0.233,0.469,0.317,1.493,50.0,44.0
IEX,IDEX Corporation,Industrials,231.14999389648438,17.174444546508788,4.790239184031682,4.881868965517241,4.834648036647383,4.930873781023119,4.92373133883711,10.0,-0.9185539935704812,-1.8769406170624392,-0.06735840126162708,46.756864305610826,3.136969163791009,7.34275940766595,144,0,0,,,,,-3.895728464791137,7.318606321839072,,,8.925334027409804e-07,1.1018205074091236,agrees,255.92857,14.0,23.938688,Specialty Industrial Machinery,"IDEX Corporation, together with its subsidiaries, provides applied solutions in the United States, North America, Europe, Asia, and internationally. It operates through three segments: Health & Science Technologies (HST), Fluid & Metering Technologies (FMT) and Fire & Safety/Diversified Products (FSDP).",1.27,10.7,3.05,3.11,1.87,1.24,0.47,0.35,44.7,0.52,14.5,-3.9947027532155177,4.353698684606622,False,33.0,13.0,2.5302978800015863,7.1889788310336655,0.64,-1.8,-2.1,-2.8,4.01,3.59,17.9,,,,,,,,,,1.24,good,0.808,2.3180000000000023,0.29,warn,0.0,0.84,0.72,good,0.262,2.2539999999999987,12.0,good,4.069999999999999,20.65,37.95,good,15.22,61.14000000000001,23.299999999999997,bad,9.15,53.05,27.0,warn,15.52,48.68000000000001,1.7,bad,0.634,5.627999999999998,75.0,86.0,76.0,48.0,95.0,margins compressing,concern,56.0,,0.134,0.272,0.276,-0.805,52.0,49.0
NVDA,Nvidia,Information Technology,228.86000061035156,5569.994694854737,18.384701718178217,25.730135124000988,20.18671785419889,26.39720126557347,20.821273353047665,10.0,-8.926741578477293,-28.547978354653004,-0.059188209393040286,45.00596896140072,6.404128159716632,46.53484603263189,144,0,0,,,,,-2.918469241388155,83.37529809100704,,,-0.00033391027530749184,1.52292936711933,agrees,327.7,59.0,14.488005,Semiconductors,"NVIDIA Corporation operates as a data center scale AI infrastructure company in the United States, Taiwan, China, Hong Kong, Europe, and internationally. It operates through Compute & Networking, and Graphics segments.",0.44,43.2,4.59,2.79,34.37,-37.2,0.15,-0.12,74.7,120.07,39.6,212.92660451674442,98.57946613275293,False,46.4,52.4,113.74118212751476,69.33661705693348,127.01,-0.9,-2.6,-3.9,228.98,302.97,41.9,,,"trailing profit of $192.88B against $120.07B in the year to 2026-01-25, only 182 days earlier",2026-01-25,True,,,,,1.53,good,0.79,3.3979999999999997,0.09,good,-0.29799999999999993,0.782,0.44999999999999996,good,0.055,1.72,17.75,good,3.92,38.12,55.5,good,27.770000000000003,80.71000000000001,20.5,good,4.800000000000001,76.72,40.349999999999994,warn,13.68,156.26,2.6950000000000003,good,0.716,12.751,97.0,96.0,96.0,100.0,97.0,net cash; 42% FCF margin; sales +114%/yr,strength,64.0,,0.327,0.27,0.395,0.806,54.0,56.0
IR,Ingersoll Rand,Industrials,76.37999725341797,29.933320923614502,3.768895384605588,4.343535706041307,4.1770102624180625,4.460373356415471,4.047369971725763,9.4,-9.770502157593874,-13.22978237836212,-0.05665828076099626,34.91260349586017,1.5009394042617616,6.477226638739468,113,9,0,2020-03-31,32.742939205361424,78.0,"the share count moved +50% in one step on 2020-06-30, which no split explains -- the multiples either side of it are measuring different companies",-22.66099913586679,7.84731746398164,,,2.417466249404754e-06,0.873229801919706,agrees,96.25,13.0,19.5247,Specialty Industrial Machinery,"Ingersoll Rand Inc. provides mission-critical air, fluid, clean energy, and medical technologies services and solutions worldwide. It operates in two segments, Industrial Technologies and Services, and Precision and Science Technologies.",0.1,26.0,1.62,2.26,4.77,3.6,0.47,0.45,42.8,0.58,7.3,10.901821198392936,24.198387944407184,False,51.6,5.7,7.152800689461047,10.878148374569928,1.22,-3.2,-4.1,-8.2,10.24,7.94,15.4,,,"trailing profit of $0.96B against $0.58B in the year to 2025-12-31, only 181 days earlier",2025-12-31,True,,,,,1.24,good,0.808,2.3180000000000023,0.29,warn,0.0,0.84,0.72,good,0.262,2.2539999999999987,12.0,bad,4.069999999999999,20.65,37.95,good,15.22,61.14000000000001,23.299999999999997,bad,9.15,53.05,27.0,bad,15.52,48.68000000000001,1.7,warn,0.634,5.627999999999998,74.0,71.0,60.0,85.0,92.0,15% FCF margin; sales +7%/yr; buying back stock,strength,56.0,,-0.161,0.087,0.275,0.547,58.0,53.0
CME,CME Group,Financials,263.239990234375,95.35421138256837,14.079409884323356,14.44555507349366,14.38667976414601,14.681199010952751,14.291424475285748,10.0,-2.13579425454663,-2.534656420660142,-0.05386463681085753,43.215280541185834,9.641968933146916,19.297199851321942,144,0,0,,,,,-19.365315740251475,5.099317194289266,,,0.22790694802168332,0.745664934370116,agrees,283.6,15.0,20.362963,Financial Data & Stock Exchanges,"CME Group Inc., together with its subsidiaries, operates contract markets for the trading of futures and options on futures contracts worldwide. It offers futures and options products based on interest rates, equity indexes, and foreign exchange; and agricultural, energy, and metals commodities, as well as fixed income and foreign currency trading services.",1.98,7.7,1.02,1.03,0.75,-159.64,0.03,,,4.29,,12.89823841674329,17.42536184396062,False,22.2,16.2,,,4.21,0.5,0.8,0.9,26.52,,,,,,,,,,,,1.0550000000000002,warn,0.7220000000000001,1.537,,,,,0.64,good,0.08400000000000002,1.8500000000000019,,,,,,,,,16.549999999999997,warn,6.63,33.89,14.5,bad,8.940000000000001,29.16,2.895,good,0.5220000000000001,15.452000000000002,,,,,,,,,,0.553,0.753,-0.65,0.691,,
SNPS,Synopsys,Information Technology,417.6099853515625,80.31433477282715,8.529138564506654,12.248697882803983,10.077675618309023,12.5760190055785,9.539632348201263,10.0,-15.366014073612389,-30.36697740352662,-0.04112251781601698,38.16155988857939,3.7013658578468096,17.98887621645308,144,0,0,,,,,-21.877808786373365,46.3250997932654,,,-4.332835967790771e-06,0.9653288784092995,agrees,553.7712,25.0,23.460464,Software - Infrastructure,"Synopsys, Inc. provides design IP solutions in the semiconductor and electronics industries. It operates in two segments, Design Automation and Design IP.",,32.6,1.34,1.2,11.06,7.45,0.35,0.79,72.4,1.08,11.4,1.346803433503152,7.397059820179064,False,74.4,3.5,25.204227083330878,18.226505589336227,2.75,18.9,24.0,22.4,31.15,9.42,29.2,,,,,,,,,,1.53,warn,0.79,3.3979999999999997,0.09,bad,-0.29799999999999993,0.782,0.44999999999999996,good,0.055,1.72,17.75,warn,3.92,38.12,55.5,good,27.770000000000003,80.71000000000001,20.5,bad,4.800000000000001,76.72,40.349999999999994,bad,13.68,156.26,2.6950000000000003,good,0.716,12.751,66.0,68.0,45.0,68.0,100.0,margins compressing; diluting +19%/yr,concern,52.0,,0.183,0.362,0.526,0.927,48.0,44.0
WEC,WEC Energy Group,Utilities,101.44999694824219,33.366903996276854,3.291465661439507,3.547450628366248,3.488402154398564,3.432082991568694,3.351776468305424,10.0,-5.645464147840229,-7.216026204278226,-0.032476576234814196,44.727417429367286,2.3515630096770685,4.575969110470275,144,0,0,2015-09-30,38.41117415975557,132.0,"the share count moved +38% in one step on 2015-09-30, which no split explains -- the multiples either side of it are measuring different companies",-14.64030547055768,8.925827629557205,,,-3.1566278368977407e-06,-0.17568910191601006,agrees,121.61765,17.0,17.099802,Utilities - Regulated Electric,"WEC Energy Group, Inc., through its subsidiaries, provides regulated natural gas and electricity, and renewable and nonregulated renewable energy services in the United States. The company operates through Wisconsin, Illinois, Other States, Electric Transmission, and Non-Utility Energy Infrastructure segments.",3.71,19.9,0.53,0.6,21.15,21.05,1.45,2.08,65.7,1.69,16.7,7.820217469732915,5.567881051174806,False,19.7,11.6,2.990638157544656,4.976703252696302,0.85,2.1,4.1,4.0,14.57,10.14,8.4,,,,,,,,,,0.765,bad,0.52,1.163,2.3,good,1.546,2.748,1.56,good,1.2600000000000002,2.194,14.2,good,6.9,18.880000000000006,67.6,warn,31.29,82.50999999999999,9.4,good,8.06,12.780000000000008,19.4,warn,14.590000000000002,24.3,-1.06,good,-3.549,2.2850000000000006,55.0,20.0,70.0,76.0,64.0,net debt 25x FCF,concern,47.0,,0.298,0.442,0.992,1.133,41.0,38.0
DRI,Darden Restaurants,Consumer Discretionary,197.02000427246094,22.913426496887208,1.734433422165576,1.8264413874985927,1.7562875475955437,1.8636728545714787,1.789913030720986,10.0,-1.244336410622926,-5.037553680221107,-0.03204050312723677,46.597692001591724,0.4876114425506871,3.1943445935025054,144,0,0,,,,,-13.466266570422992,9.391638444276996,,,-1.1641068933703203,3.431995366564733,agrees,234.41667,24.0,15.738168,Restaurants,"Darden Restaurants, Inc., together with its subsidiaries, owns and operates full-service restaurants in the United States and Canada. The company operates under Olive Garden, LongHorn Steakhouse, Cheddar's Scratch Kitchen, Chuy's, Yard House, Ruth's Chris Steak House, The Capital Grille, Seasons 52, Eddie V's Prime Seafood, Bahama Breeze, The Capital Burger, Darden and Darden Restaurants brand names.",3.32,19.0,0.31,0.4,2.33,2.1,1.06,0.16,20.3,1.21,9.1,7.0916874512592765,13.90036153826828,False,18.9,54.8,7.973501099960911,12.913373175965749,1.12,-1.1,-4.7,-11.7,2.21,13.21,8.5,,,,,,,,,,1.11,bad,0.536,2.038,0.16,good,-0.15,1.18,0.82,warn,0.11600000000000002,7.960000000000002,11.0,warn,1.2,21.85,42.5,bad,11.48,74.61999999999999,37.7,good,2.9200000000000004,173.7700000000001,19.299999999999997,good,12.57,41.30000000000001,1.6549999999999998,warn,0.665,7.38,76.0,72.0,79.0,78.0,76.0,sales +8%/yr,strength,56.0,,0.5,0.583,0.537,0.341,44.0,42.0
AZO,AutoZone,Consumer Discretionary,2913.280029296875,49.450015217285156,2.4741827102707,2.9483186326880775,2.587099511095531,2.9974552577827476,2.5445467553478522,10.0,-4.364609878381353,-16.08156992126365,-0.012238489106550707,43.53362514922404,1.3432644336250004,3.9729413452102844,144,0,0,,,,,-32.0951766454271,5.740493335616059,,,-1.7314449432505596,6.314254985743828,agrees,3708.7083,24.0,14.956829,Auto Parts,"AutoZone, Inc. operates as a retailer and distributor of automotive replacement parts and accessories in the United States, Mexico, and Brazil. The company offers a product line for cars, sport utility vehicles, vans, and light duty trucks, including new and remanufactured automotive hard parts, maintenance items, accessories, and non-automotive products.",,27.3,0.89,0.8,9.52,9.24,,0.46,51.8,2.48,12.4,0.06036999263887566,3.1210528432085827,False,19.9,,5.28988526231533,6.9789639109751,1.63,-1.6,-11.1,-25.5,0.23,19.99,8.2,,True,,,,,,,,1.11,warn,0.536,2.038,0.16,warn,-0.15,1.18,,,,,11.0,good,1.2,21.85,42.5,good,11.48,74.61999999999999,,,,,19.299999999999997,warn,12.57,41.30000000000001,1.6549999999999998,warn,0.665,7.38,61.0,44.0,75.0,61.0,68.0,margins compressing,concern,50.0,,-0.11,0.146,0.5,2.102,51.0,47.0
PRU,Prudential Financial,Financials,116.08999633789062,40.49219072265625,0.6252171809257507,0.617615899616826,0.6373816470338908,0.6204256879676892,0.6371343799254665,10.0,-1.9085058637550056,1.230745729447813,-0.009084169373636878,45.04576203740549,0.24866909438795193,0.9729206360449056,129,0,0,,,,"trailing revenue jumps 68% around 2012-12-31, 16x this company's usual move between filings, at the exact point the source concept changes from Revenues to reported-annual",-7.22448946064842,9.383708557820603,,,-0.7037279093632498,2.0064912705868077,agrees,113.4,15.0,7.743069,Insurance - Life,"Prudential Financial, Inc., together with its subsidiaries, provides financial products and services in the United States, Japan and internationally. It operates through PGIM, Retirement Strategies, Group Insurance, Individual Life, and International Businesses segments.",4.87,-2.3,,,20.62,0.72,0.65,,,3.92,,33.75492000995462,-11.684655556779555,False,10.3,12.3,,,10.97,-1.9,-4.9,-12.0,31.93,,,,,,,,,,,,,,,,,,,,0.64,warn,0.08400000000000002,1.8500000000000019,,,,,,,,,16.549999999999997,warn,6.63,33.89,14.5,good,8.940000000000001,29.16,2.895,good,0.5220000000000001,15.452000000000002,,,,,,,,,,0.125,0.182,-0.217,0.027,,
WM,Waste Management,Industrials,206.44000244140625,83.25725298461914,3.2437469507390477,3.6817008532708715,3.3530985049511357,3.7089224503409595,3.3006371553805405,10.0,-3.2612091189871406,-11.895423337904809,-0.00793703263687499,41.0266613609232,2.0887461194820927,4.354969554921954,144,0,0,,,,,-16.25491767416889,7.169102296450935,,,-1.2467370358315577e-06,0.58014954672716,agrees,259.92,25.0,22.711794,Waste Management,"Waste Management, Inc., through its subsidiaries, provides environmental solutions to residential, commercial, industrial, and municipal customers in the United States, Canada, Western Europe, and internationally.",1.83,25.9,0.91,0.84,23.36,22.54,2.35,0.88,40.9,2.85,11.1,7.663344165005714,12.264704025686314,False,29.2,28.7,8.631283720989646,9.219275204920985,3.57,-0.2,-1.4,-4.9,9.93,25.67,13.9,,,,,,,,,,1.24,bad,0.808,2.3180000000000023,0.29,bad,0.0,0.84,0.72,bad,0.262,2.2539999999999987,12.0,warn,4.069999999999999,20.65,37.95,good,15.22,61.14000000000001,23.299999999999997,good,9.15,53.05,27.0,warn,15.52,48.68000000000001,1.7,good,0.634,5.627999999999998,68.0,40.0,77.0,80.0,90.0,net debt 6x FCF,concern,52.0,,0.353,0.57,0.66,0.817,45.0,40.0
VRSN,Verisign,Information Technology,282.07000732421875,25.781198669433593,15.095262409645526,14.857142857142858,15.410554827435561,15.024300958193864,15.43300864942217,10.0,-2.045951111563593,1.602727757229494,0.0023127107550080556,46.67727815360128,8.750295882841348,22.024394401482986,144,0,0,,,,,-9.009675056703625,6.863971968464533,,,-1.873645960603909e-06,1.9119004831595232,agrees,324.4,5.0,25.29803,Software - Infrastructure,"VeriSign, Inc., together with its subsidiaries, provides internet infrastructure and domain name registry services that enables internet navigation for various recognized domain names worldwide.",1.16,15.0,0.59,0.86,0.1,-0.94,0.18,-0.55,88.5,0.85,49.8,6.012275158606006,6.295865363618813,False,30.3,155.9,5.305341073608116,5.753894635745582,1.07,-3.2,-12.5,-19.0,0.55,1.71,62.7,,,,,,,,,,1.53,bad,0.79,3.3979999999999997,0.09,good,-0.29799999999999993,0.782,0.44999999999999996,good,0.055,1.72,17.75,good,3.92,38.12,55.5,good,27.770000000000003,80.71000000000001,20.5,good,4.800000000000001,76.72,40.349999999999994,good,13.68,156.26,2.6950000000000003,warn,0.716,12.751,87.0,87.0,91.0,75.0,100.0,net cash; 63% FCF margin; 50% net margin,strength,59.0,,0.624,0.424,-0.072,0.692,44.0,49.0
AMZN,Amazon,Consumer Discretionary,246.14999389648438,2683.773383453369,3.4598976168695454,3.287143152087386,3.5286222932151645,3.128240853385667,3.5131673802350636,10.0,-1.947634817071886,5.255459126337647,0.034566762696571246,45.64265817747712,1.6831891053403982,5.586105033842788,144,0,0,,,,,-13.333570207561307,15.766568463281194,,,-4.224422267551375e-06,0.868712886923384,agrees,329.5393,57.0,23.548449,Internet Retail,"Amazon.com, Inc. engages in the retail sale of consumer products, advertising, and subscriptions service through online and physical stores in North America and internationally. The company operates through three segments: North America, International, and Amazon Web Services (AWS).",,33.9,1.03,0.98,136.32,10.62,0.25,0.01,50.8,135.28,17.4,117.8818673222616,35.670003698399476,False,19.8,24.5,12.964586400703437,11.841766481025884,-11.62,0.9,4.3,6.1,551.62,775.68,-1.5,,,,,,,,,,1.11,warn,0.536,2.038,0.16,good,-0.15,1.18,0.82,good,0.11600000000000002,7.960000000000002,11.0,good,1.2,21.85,42.5,good,11.48,74.61999999999999,37.7,warn,2.9200000000000004,173.7700000000001,19.299999999999997,warn,12.57,41.30000000000001,1.6549999999999998,bad,0.665,7.38,69.0,56.0,79.0,100.0,22.0,net debt 20x FCF; burning cash,concern,52.0,,0.447,0.567,0.299,0.351,43.0,40.0
DDOG,Datadog,Information Technology,268.70001220703125,99.69388462908935,25.1325424951539,18.8762732754299,20.382720264366448,22.976097723096725,28.499520276753262,6.1,23.30318117101966,33.14356138225338,0.03982709656613562,64.72114137483787,10.882976296978429,73.54791912107295,74,0,0,,,,,-6.749952383469971,31.52027018065977,,,-3.0251655069868377e-06,3.3813047540989016,agrees,286.25696,46.0,90.3254,Software - Application,"Datadog, Inc. operates an observability and security platform for cloud applications in the United States and internationally.",,6.5,3.2,3.35,,,,,79.5,0.11,2.7,,,True,906.3,2.5,27.86621463022414,39.01215471060391,1.18,2.7,15.1,20.5,4.37,3.97,29.7,,,"trailing profit of $0.18B against $0.11B in the year to 2025-12-31, only 181 days earlier",2025-12-31,True,,,,,1.53,good,0.79,3.3979999999999997,,,,,,,,,17.75,bad,3.92,38.12,55.5,good,27.770000000000003,80.71000000000001,20.5,bad,4.800000000000001,76.72,40.349999999999994,bad,13.68,156.26,2.6950000000000003,warn,0.716,12.751,77.0,100.0,35.0,85.0,100.0,30% FCF margin; sales +28%/yr,strength,55.0,,-0.137,-0.201,0.127,-0.75,58.0,60.0
LYV,Live Nation Entertainment,Communication Services,171.88999938964844,41.947404786642046,1.5966257076693224,1.3841800530639765,1.1992071927517503,2.115439777191896,2.578307690485039,10.0,33.14010433890404,15.348122820805221,0.05111600705951191,78.79426644182125,0.559340139551812,25.271353439664974,144,7,0,,,,"trailing revenue falls 58% around 2021-03-31, 31x this company's usual move between filings, at the exact point the source concept changes from reported-annual to Revenues",-8.792316995835492,10.754394400541823,,,1.7965529730545882e-06,5.2446526505664615,agrees,201.95833,24.0,91.903336,Entertainment,"Live Nation Entertainment, Inc. operates as a live entertainment company worldwide. The company operates through Concerts, Ticketing, and Sponsorship & Advertising segments.",,17.5,0.85,1.14,6.23,-2.94,8.25,-0.11,,0.36,1.4,-13.873132148614653,,False,116.5,47.6,11.012508674648824,82.79152258035253,1.38,4.0,0.2,13.1,0.76,26.27,5.3,,,,,,,,,,1.1,warn,0.699,3.2830000000000017,0.18,good,-0.13099999999999998,1.0530000000000002,0.815,bad,0.21400000000000002,1.9100000000000037,9.6,bad,-0.20999999999999924,29.62,,,,,15.100000000000001,good,-0.34999999999999876,45.53,21.85,bad,7.77,111.25,4.4399999999999995,bad,0.7800000000000001,42.20900000000002,59.0,72.0,52.0,44.0,75.0,margins compressing,concern,48.0,,0.209,0.303,0.348,0.233,45.0,43.0
AXON,Axon Enterprise,Industrials,424.75,35.05928975,10.89102564102564,13.455130413019257,11.028461162860577,15.294090261585712,11.89970191162713,10.0,-1.2461894710910637,-19.056706945869315,0.05139796176168281,48.74651810584958,3.4332178827621185,30.518249337013003,144,0,0,,,,,-44.07063099125672,34.60078859670763,,,3.7277512854316797e-06,2.85662232570274,agrees,704.1053,19.0,39.793736,Aerospace & Defense,"Axon Enterprise, Inc. provides public safety technology solutions in the United States and internationally. The company operates in two segments, Software and Services, and Connected Devices.",,65.8,2.15,3.15,1.81,1.13,0.49,0.35,59.4,0.2,6.2,26.469054675121395,,False,175.3,5.4,33.17134422483448,31.90269088920448,0.13,0.6,8.9,26.7,3.67,3.22,4.0,,,,,,,,,,1.24,good,0.808,2.3180000000000023,0.29,warn,0.0,0.84,0.72,good,0.262,2.2539999999999987,12.0,bad,4.069999999999999,20.65,37.95,good,15.22,61.14000000000001,23.299999999999997,bad,9.15,53.05,27.0,bad,15.52,48.68000000000001,1.7,bad,0.634,5.627999999999998,63.0,57.0,50.0,87.0,58.0,net debt 9x FCF; margins compressing,concern,49.0,,0.338,0.924,0.938,1.866,43.0,30.0
FTV,Fortive,Industrials,55.7599983215332,17.441727474975586,3.681398006453541,3.7520328861964516,3.515452556922056,3.9401157408309992,3.6995484715850426,9.6,4.720457660699551,-1.8825762429421355,0.08357183344576632,58.82108758821087,2.2889324158068276,6.280079023029406,123,8,0,,,,,-12.997350099027615,2.5054089138900837,,,9.778023303722726,4.224513559705545,agrees,64.0,14.0,17.046083,Scientific & Technical Instruments,"Fortive Corporation designs, develops, manufactures, and markets products, software, and services in the United States, China, and internationally. It operates through Intelligent Operating Solutions and Advanced Healthcare Solutions segments.",0.51,14.8,0.71,1.02,4.39,4.03,0.72,0.85,61.8,0.54,11.5,-10.678164139929114,-20.206486856702675,False,32.3,8.9,-7.083359593903948,-0.2000697409183516,0.95,-8.0,-12.1,-8.6,6.09,4.74,20.1,,,,,,,,,,1.24,bad,0.808,2.3180000000000023,0.29,bad,0.0,0.84,0.72,good,0.262,2.2539999999999987,12.0,warn,4.069999999999999,20.65,37.95,good,15.22,61.14000000000001,23.299999999999997,bad,9.15,53.05,27.0,warn,15.52,48.68000000000001,1.7,warn,0.634,5.627999999999998,57.0,53.0,70.0,22.0,97.0,sales -7%/yr,concern,46.0,,0.13,0.497,0.603,0.077,45.0,38.0
PNC,PNC Financial Services,Financials,223.6699981689453,90.36267926025391,3.61075198834228,3.378478890413047,3.6820459974706075,3.3828726029977765,3.6206142030235253,10.0,-1.936260687055591,6.875079154359787,0.08445629741252696,46.000795861520096,1.980984780259366,5.32177255985267,144,0,0,,,,,-12.958711846151195,13.178364688856735,,,2.907189470186222,2.1903252397053707,agrees,276.975,20.0,10.344569,Banks - Regional,"The PNC Financial Services Group, Inc. operates as a diversified financial services company in the United States. It operates through three segments: Retail Banking, Corporate & Institutional Banking, and Asset Management Group segments.",3.61,23.8,,,85.72,56.98,1.34,,,7.67,,6.304136379704062,5.3192747863697765,False,11.8,12.0,,,7.49,1.5,0.7,-5.4,64.06,,,,,,,,,,,,,,,,,,,,0.64,bad,0.08400000000000002,1.8500000000000019,,,,,,,,,16.549999999999997,warn,6.63,33.89,14.5,good,8.940000000000001,29.16,2.895,good,0.5220000000000001,15.452000000000002,,,,,,,,,,0.43,0.622,0.958,0.285,,
MNST,Monster Beverage,Consumer Staples,41.86000061035156,82.75546308663941,8.976663202063163,8.525347885816952,8.873775934009021,8.4864445298178,8.940541413575245,10.0,1.1594530763372468,5.293805276814956,0.0935490835985674,55.45382165605095,5.292526906397716,12.00643821878335,144,0,0,,,,,-58.11486831063482,20.365026735943136,,,-1.4231544365195248e-05,1.2041451489992028,agrees,50.23913,23.0,31.883041,Beverages - Non-Alcoholic,"Monster Beverage Corporation, through its subsidiaries, engages in development, marketing, sale, and distribution of energy drink beverages and concentrates in the United States and internationally. The company operates through four segments: Monster Energy Drinks, Strategic Brands, Alcohol Brands, and Other.",,20.0,3.73,4.51,0.2,-3.22,0.02,-0.35,55.5,2.13,23.1,14.016192192911635,6.702330618440611,False,38.9,22.7,11.271510798507833,12.359268842831096,2.1,0.5,-6.8,-7.7,9.36,9.22,22.8,,,,,,,,,,1.025,good,0.6660000000000001,1.4750000000000005,0.30000000000000004,good,0.038000000000000006,0.7500000000000002,0.76,good,0.348,3.822000000000001,6.85,good,0.48000000000000076,23.350000000000005,37.599999999999994,good,12.760000000000002,61.830000000000005,18.65,good,1.450000000000001,77.58000000000003,29.2,bad,15.52,39.06,1.9949999999999999,good,0.9150000000000001,12.576,92.0,100.0,84.0,93.0,93.0,net cash; 23% FCF margin; sales +11%/yr,strength,58.0,,0.347,0.829,1.384,-0.548,52.0,39.0
DLTR,Dollar Tree,Consumer Staples,116.0199966430664,22.51948134841919,1.12319976400387,1.2279803752971523,1.0434543669481648,1.2988435743121307,1.132484378887934,10.0,7.642442217088985,-8.532759431756142,0.09969403984049068,59.05292479108635,0.6451926191126546,2.312310118981935,144,0,0,,,,,-17.83868235743474,8.152983061818976,,,-0.09617045372209976,5.931585297047293,agrees,136.4,25.0,14.31917,Discount Stores,"Dollar Tree, Inc. operates retail discount stores under the Dollar Tree and Dollar Tree Canada brands in the United States and Canada.",,17.6,1.13,1.48,3.55,2.49,1.04,0.12,35.2,1.61,8.0,9.75848999434399,1.5961748252432573,False,14.0,47.0,6.949027410541175,-4.888145845648751,1.98,-7.9,-12.2,-16.3,3.43,20.05,9.9,,,,,,,,,,1.025,good,0.6660000000000001,1.4750000000000005,0.30000000000000004,good,0.038000000000000006,0.7500000000000002,0.76,warn,0.348,3.822000000000001,6.85,good,0.48000000000000076,23.350000000000005,37.599999999999994,warn,12.760000000000002,61.830000000000005,18.65,good,1.450000000000001,77.58000000000003,29.2,good,15.52,39.06,1.9949999999999999,warn,0.9150000000000001,12.576,81.0,80.0,79.0,83.0,85.0,sales +7%/yr; buying back stock,strength,55.0,,-0.229,0.266,0.17,-0.251,62.0,51.0
ILMN,"Illumina, Inc.",Health Care,271.8999938964844,41.87259906005859,9.31951904296875,5.204244750508015,10.526507402475248,6.245909307609006,10.04214222313934,10.0,-11.466180693728312,79.07534118296455,0.10668501443097457,46.27934739355352,2.5566559926806955,23.064058068786665,144,0,0,,,,,-0.7301935175492824,4.878618113912236,,,-0.02225473901900088,1.9492550060825398,agrees,206.65,20.0,44.554302,Diagnostics & Research,"Illumina, Inc. provides sequencing- and array-based solutions for genetic and genomic analysis in the Americas, Europe, Greater China, the Asia Pacific, the Middle East, and Africa.",,-24.0,1.8,1.69,1.17,0.0,0.41,0.0,66.4,0.82,18.4,,5.289222552440287,True,51.1,28.9,0.31823632318688233,5.044764995479323,0.93,-2.5,-5.2,1.9,2.84,4.49,20.7,,,,,,,,,,1.54,good,0.87,3.2350000000000008,0.43,good,-0.10799999999999998,0.8800000000000001,0.685,good,0.109,2.5710000000000015,13.8,good,0.76,27.66,60.3,good,12.2,77.8,13.6,good,3.35,71.78,26.0,bad,15.0,54.30000000000002,2.2199999999999998,bad,0.557,12.114000000000004,85.0,92.0,89.0,64.0,96.0,21% FCF margin; 18% net margin,strength,56.0,,-0.261,-0.458,-0.807,-1.962,64.0,68.0
FSLR,First Solar,Information Technology,172.97000122070312,18.634404171508788,3.464886233653068,5.1693610261019565,3.1280241918871106,5.210923748661388,3.7339573992282777,10.0,10.769163571037833,-32.97263982612908,0.114849872321642,56.983684838838045,0.7482049940403684,9.06131228215274,144,0,0,,,,,-45.64964612075314,23.820628686452693,,,-7.437610971550157e-07,-1.99964562533691,agrees,276.17133,30.0,7.61018,Solar,"First Solar, Inc., a solar technology company, provides photovoltaic (PV) solar energy solutions in the United States, France, India, Chile, and internationally. The company manufactures and sells PV solar modules with thin film semiconductor technology that provides conventional crystalline silicon PV solar modules.",,59.7,2.52,3.19,0.27,-2.45,0.03,-0.46,44.0,1.75,32.5,,25.41310764440583,True,10.6,17.0,21.60516770661276,12.61599087856149,1.5,0.2,0.4,0.8,10.32,5.38,27.9,,,,,,,,,,1.53,good,0.79,3.3979999999999997,0.09,good,-0.29799999999999993,0.782,0.44999999999999996,good,0.055,1.72,17.75,good,3.92,38.12,55.5,warn,27.770000000000003,80.71000000000001,20.5,warn,4.800000000000001,76.72,40.349999999999994,good,13.68,156.26,2.6950000000000003,warn,0.716,12.751,94.0,100.0,85.0,100.0,91.0,net cash; 28% FCF margin; sales +22%/yr,strength,59.0,,0.576,0.615,0.845,1.099,47.0,46.0
OMC,Omnicom Group,Communication Services,75.0999984741211,22.46991954345703,1.1334476475180602,1.1370817407380138,1.137120487792201,1.1314868179575999,1.1258588922183894,10.0,-0.3229948201242894,-0.31959823904963436,0.11542637071733305,48.644338118022326,0.713500337709062,1.3963451114766774,144,0,0,2026-03-31,46.02244997559786,6.0,"the share count is 52% higher than a year ago, on 2026-03-31 -- the multiples before that point are built on a different share base, so the median is not a like-for-like comparison with today",-15.561054110500228,25.877198552289027,,,-11.384673239843035,10.471532178995812,agrees,102.0,12.0,6.3597393,Advertising Agencies,"Omnicom Group Inc., together with its subsidiaries, offers advertising, marketing, and corporate communications services. It provides a range of services in the areas of media and advertising, precision marketing, public relations, healthcare, branding and retail commerce, experiential, execution, and support.",4.32,35.8,0.91,0.97,9.34,4.98,0.93,0.25,9.5,0.06,0.3,-64.1666658018121,-42.18578794392967,False,374.5,0.6,11.443236068996598,8.489735978084223,2.99,51.8,47.3,37.8,10.07,19.82,15.1,,,,,,,,,,1.1,warn,0.699,3.2830000000000017,0.18,warn,-0.13099999999999998,1.0530000000000002,0.815,warn,0.21400000000000002,1.9100000000000037,9.6,bad,-0.20999999999999924,29.62,60.9,bad,20.1,88.5,15.100000000000001,bad,-0.34999999999999876,45.53,21.85,bad,7.77,111.25,4.4399999999999995,warn,0.7800000000000001,42.20900000000002,51.0,64.0,23.0,44.0,91.0,margins compressing; diluting +52%/yr,concern,43.0,,0.039,1.18,-0.234,-1.272,45.0,20.0
GNRC,Generac,Industrials,205.2100067138672,12.237790479254471,2.7570464896854485,2.214932380852357,2.1197594288003807,2.784224008395002,3.035865976917816,10.0,30.06412200490707,24.47542478134135,0.12171548323483025,67.09112614405093,1.266352978617267,10.232027065504226,144,0,0,,,,,-30.564388335295668,0.6137834018715038,,,5.0464864953525534e-06,-2.3675204672831462,agrees,289.25,16.0,17.015469,Specialty Industrial Machinery,"Generac Holdings Inc. designs, manufactures, and distributes energy technology products and solutions worldwide.",,41.0,2.04,2.41,1.3,1.03,0.45,0.23,39.5,0.16,3.6,11.367577201351864,-12.93343889374471,False,76.5,5.6,3.3074478851858435,6.832061073634765,0.38,0.4,-4.5,-7.0,2.88,4.44,8.6,,,"trailing profit of $0.26B against $0.16B in the year to 2025-12-31, only 181 days earlier",2025-12-31,True,,,,,1.24,good,0.808,2.3180000000000023,0.29,good,0.0,0.84,0.72,good,0.262,2.2539999999999987,12.0,bad,4.069999999999999,20.65,37.95,good,15.22,61.14000000000001,23.299999999999997,bad,9.15,53.05,27.0,bad,15.52,48.68000000000001,1.7,bad,0.634,5.627999999999998,69.0,75.0,45.0,82.0,83.0,,,50.0,,0.237,0.017,1.011,-0.158,48.0,52.0
RJF,Raymond James Financial,Financials,161.16000366210938,32.08695672912598,1.8885789716966437,1.988233592880979,1.9148832853946949,1.9959480069745694,1.8690598533359304,10.0,-1.3736771268871073,-5.012218963664838,0.14041924350728274,45.76203740549145,0.9650504920163386,2.4568559057845514,144,2,0,,,,,-11.049782723198277,8.044515103338634,,,11.482943377904654,4.493316581413609,agrees,186.0,13.0,11.2591915,Asset Management,"Raymond James Financial, Inc., a diversified financial services company, provides private client group, capital markets, asset management, banking, and other services to individuals, corporations, and municipalities in the United States, Canada, and Europe.",1.35,15.4,,,0.0,-13.25,0.0,,,2.31,,9.756028439207821,14.283320176997272,False,13.9,18.1,,,1.44,-4.1,-8.7,-5.9,12.78,,,,,,,,,,,,,,,,,,,,0.64,good,0.08400000000000002,1.8500000000000019,,,,,,,,,16.549999999999997,good,6.63,33.89,14.5,good,8.940000000000001,29.16,2.895,bad,0.5220000000000001,15.452000000000002,,,,,,,,,,0.454,0.933,0.151,1.507,,
SLB,Schlumberger,Energy,51.4900016784668,77.80139253616333,2.139399233794295,2.1331317773209175,2.078146074004574,2.1091772444264065,2.1770665967379292,10.0,2.9474905809526053,0.29381478162822106,0.14198669717995982,53.28292877039396,0.5070100555943737,4.254170211270081,144,0,0,,,,,-14.326120335329795,2.5000704642182736,,,-3.519771252236126e-07,5.116817056812728,agrees,62.41379,29.0,15.433751,Oil & Gas Equipment & Services,"SLB N.V. engages in the provision of technology for the energy industry worldwide. The company operates through four divisions: Digital & Integration, Reservoir Performance, Well Construction, and Production Systems.",2.37,21.2,1.44,1.36,13.12,8.62,0.48,0.24,76.8,3.1,8.5,-7.654321799772356,24.860012400753973,False,25.1,11.4,5.249889830929733,10.934270704749594,4.81,10.1,4.6,6.3,27.25,36.37,13.2,,,,,,,,,,1.25,good,0.477,1.9010000000000002,0.28,good,0.11,1.4260000000000002,0.4,warn,0.222,1.59,12.55,warn,2.81,26.3,43.6,good,8.180000000000001,85.02000000000001,13.85,warn,6.09,24.81000000000001,23.65,warn,11.39,37.81000000000001,4.74,good,0.6950000000000001,13.038,65.0,83.0,51.0,44.0,89.0,margins compressing; diluting +10%/yr,concern,48.0,,0.059,0.325,-0.189,-1.105,50.0,44.0
TGT,Target Corporation,Consumer Staples,158.42999267578125,72.33913465576173,0.6716413783553383,0.6251696542174986,0.6143378600372358,0.6470088873455846,0.6747401359420959,10.0,9.327687913394978,7.433458074033772,0.14431899323554417,62.71388778352567,0.36097099583491105,1.34640909692999,144,0,0,,,,,-6.745545543715781,1.9547519878833741,,,5.9421578768592553e-08,1.7920080890845957,agrees,162.76471,34.0,16.383963,Discount Stores,"Target Corporation operates as a general merchandise retailer in the United States. It offers apparel for women, men, young adults, kids, toddlers, and babies, as well as jewelry, accessories, and shoes; and beauty products, such as skin and bath care, cosmetics, hair care, oral care, deodorant, and shaving products.",2.97,2.7,0.99,0.83,14.38,4.36,0.81,0.04,19.3,4.39,4.1,9.178011036104316,-6.977757602919543,False,16.5,24.6,-0.09332250700641032,1.4285488861619289,4.46,0.1,-1.3,-8.8,17.84,107.7,4.1,,,,,,,,,,1.025,warn,0.6660000000000001,1.4750000000000005,0.30000000000000004,good,0.038000000000000006,0.7500000000000002,0.76,warn,0.348,3.822000000000001,6.85,warn,0.48000000000000076,23.350000000000005,37.599999999999994,bad,12.760000000000002,61.830000000000005,18.65,good,1.450000000000001,77.58000000000003,29.2,good,15.52,39.06,1.9949999999999999,good,0.9150000000000001,12.576,72.0,81.0,63.0,74.0,67.0,,,51.0,,0.134,0.256,-0.505,-1.903,51.0,48.0
APP,AppLovin,Communication Services,308.239990234375,104.14658670043946,15.250358127988225,14.874370446618268,15.748190432308892,20.277579466808163,20.265142664523147,5.5,-3.161203228145615,2.527755260091946,0.16695273398577753,48.24817518248175,1.2102582730473372,83.84023643316108,65,0,11,2021-06-30,59.102599860271575,63.0,"11 of the months in the window are valued on a revenue figure that was already up to 743 days old, and there is not enough history left to measure without them, so the median rests on them; the share count moved +59% in one step on 2021-06-30, which no split explains -- the multiples either side of it are measuring different companies",-57.98255313053776,60.59454411754677,,,-1.4057439656767201e-06,1.4250768560394977,agrees,497.04547,31.0,14.568565,Advertising Agencies,"AppLovin Corporation provides end-to-end artificial intelligence-powered advertising solutions for businesses in the United States and internationally. It operates through two segments, Advertising and Apps.",,61.3,4.3,1.61,3.72,0.66,1.17,0.1,88.5,4.41,64.6,,,True,23.6,139.4,33.325520102316844,25.841758485959197,4.52,-1.6,-9.4,-4.5,3.16,6.83,66.2,,,,,,,,,,1.1,good,0.699,3.2830000000000017,0.18,good,-0.13099999999999998,1.0530000000000002,0.815,warn,0.21400000000000002,1.9100000000000037,9.6,good,-0.20999999999999924,29.62,60.9,good,20.1,88.5,15.100000000000001,good,-0.34999999999999876,45.53,21.85,warn,7.77,111.25,4.4399999999999995,good,0.7800000000000001,42.20900000000002,88.0,88.0,88.0,85.0,96.0,66% FCF margin; sales +33%/yr; 65% net margin,strength,55.0,,0.23,0.195,0.733,1.33,54.0,55.0
MCO,Moody's Corporation,Financials,460.0799865722656,80.92806963806153,9.917655592899697,11.443235123892205,10.07769056327725,11.168482876322066,9.79064894828283,10.0,-1.5880123464071638,-13.331715327663474,0.16698062385425222,46.239554317548745,5.237222222222222,13.974854408352668,144,0,0,,,,,-14.738424682221307,11.673737511974824,,,0.0,2.7446949701147805,agrees,561.9048,21.0,24.03384,Financial Data & Stock Exchanges,"Moody's Corporation, together with its subsidiaries, operates as an integrated risk assessment firm in the United States, the rest of the Americas, Europe, the Middle East, Africa, and the Asia Pacific. It operates through two segments, Moody's Analytics (MA) and Moody's Investors Service (MIS).",0.91,22.1,1.19,1.78,7.52,6.02,2.37,,,2.79,,25.11145677346176,5.945974707115997,False,29.0,88.1,,,2.97,-2.5,-4.5,-6.5,3.17,,,,,,,,,,,,1.0550000000000002,good,0.7220000000000001,1.537,,,,,0.64,bad,0.08400000000000002,1.8500000000000019,,,,,,,,,16.549999999999997,good,6.63,33.89,14.5,bad,8.940000000000001,29.16,2.895,good,0.5220000000000001,15.452000000000002,,,,,,,,,,0.472,0.821,0.489,1.033,,
GL,Globe Life,Financials,166.69000244140625,13.224074138214904,2.1356853741926067,1.9815252698968218,2.1061130430179578,1.9573803571709925,2.1050476886271374,10.0,1.4041188944100114,7.7798707206904405,0.17147116145680869,51.929964186231594,0.858513514750622,2.778723702463343,144,0,0,,,,,-10.391354455754087,5.244677688537891,,,-2.583996794314203e-07,3.611314011053368,agrees,193.90909,11.0,10.05434,Insurance - Life,"Globe Life Inc., through its subsidiaries, provides various life and supplemental health insurance products to lower middle- and middle-income families in the United States. It operates in three segments: Life Insurance, Supplemental Health Insurance, and Investments.",0.79,16.3,,,2.94,2.49,0.48,,,1.21,,11.6113343016651,9.464485960398683,False,10.9,19.7,,,1.23,-5.1,-18.3,-24.1,6.16,,,,,,,,,,,,,,,,,,,,0.64,good,0.08400000000000002,1.8500000000000019,,,,,,,,,16.549999999999997,good,6.63,33.89,14.5,good,8.940000000000001,29.16,2.895,bad,0.5220000000000001,15.452000000000002,,,,,,,,,,0.538,0.566,0.972,-0.007,,
GDDY,GoDaddy,Information Technology,93.70999908447266,12.441501738449096,2.437550545335925,2.33041682823417,1.970634902685312,3.060331385702578,2.5146987892453505,10.0,23.693665529538954,4.597191189308969,0.17326757786884914,73.21925984878631,1.1200037482011982,6.950003001629137,138,11,0,2024-01-02,89.70626918018414,33.0,"the share count moved +90% in one step on 2024-01-02, which no split explains -- the multiples either side of it are measuring different companies",-33.85332174456648,7.407251530902137,,,3.1347349160881777e-06,4.440878787573621,agrees,106.75,16.0,8.529585,Software - Infrastructure,"GoDaddy Inc. engages in the design and development of cloud-based products in the United States and internationally. It operates in two segments: Applications and Commerce (A&C), and Core Platform (Core).",,13.9,0.63,0.45,3.77,2.58,,0.51,,0.91,17.8,41.15335027483056,36.4061528448929,False,13.7,,7.0777678511945386,7.528937482510445,1.7,-7.4,66.3,66.3,0.01,5.1,33.3,,True,,,,,,,,1.53,bad,0.79,3.3979999999999997,0.09,bad,-0.29799999999999993,0.782,,,,,17.75,good,3.92,38.12,,,,,,,,,40.349999999999994,good,13.68,156.26,2.6950000000000003,warn,0.716,12.751,82.0,57.0,88.0,93.0,100.0,33% FCF margin; sales +7%/yr; buying back stock,strength,53.0,,0.572,0.413,0.13,1.59,44.0,48.0
BBY,Best Buy,Consumer Discretionary,89.91000366210938,19.123857778930663,0.453161246864545,0.3831394317999127,0.4318334683954619,0.3960315153417364,0.44584968513803325,10.0,4.938889648440048,18.275804903630966,0.1844889685259996,59.57023477914842,0.28138869300328606,0.7471661908270399,144,0,0,,,,,-5.188227710524751,1.4495889225443426,,,-4.701310174493045e-06,2.7427851587029872,agrees,86.95,20.0,12.303815,Specialty Retail,"Best Buy Co., Inc. offers technology products and solutions in the United States, Canada, and internationally.",4.33,-3.3,1.12,0.98,1.17,-1.43,0.37,-0.03,22.7,1.27,3.0,-0.465917857375997,-12.885153598528298,False,15.1,39.9,-1.6533913825551028,-4.1898075820320795,1.77,0.1,-3.1,-16.5,3.18,42.2,4.2,,,,,,,,,,1.11,good,0.536,2.038,0.16,good,-0.15,1.18,0.82,good,0.11600000000000002,7.960000000000002,11.0,bad,1.2,21.85,42.5,warn,11.48,74.61999999999999,37.7,good,2.9200000000000004,173.7700000000001,19.299999999999997,good,12.57,41.30000000000001,1.6549999999999998,good,0.665,7.38,70.0,90.0,64.0,52.0,72.0,net cash,strength,49.0,,0.575,0.102,-0.267,-0.203,40.0,51.0
AJG,Arthur J. Gallagher & Co.,Financials,229.4600067138672,58.81059972076416,3.732868695303283,5.056454531026821,3.877916923456181,5.095176060383493,3.7359040882995886,10.0,-3.7403645053753376,-26.176164100792498,0.21320683839361124,46.83645045762038,1.5192102368027125,7.651749372565988,144,0,0,,,,,-26.095076425577435,26.322372693815698,,,4.274272286672831,0.7347162783460037,agrees,289.66666,18.0,15.324647,Insurance Brokers,"Arthur J. Gallagher & Co., together with its subsidiaries, provides insurance and reinsurance brokerage, consulting, and third-party property/casualty claims settlement and administration services to entities and individuals worldwide. The company operates in Brokerage and Risk Management segments.",1.23,26.2,1.05,1.04,13.47,12.09,0.57,,,1.57,,12.16639262271395,11.992853421115889,False,37.5,6.6,,,2.27,-0.0,18.9,23.9,23.75,,,,,,,,,,,,1.0550000000000002,warn,0.7220000000000001,1.537,,,,,0.64,good,0.08400000000000002,1.8500000000000019,,,,,,,,,16.549999999999997,bad,6.63,33.89,14.5,bad,8.940000000000001,29.16,2.895,warn,0.5220000000000001,15.452000000000002,,,,,,,,,,0.507,0.752,0.548,1.473,,
TTWO,Take-Two Interactive,Communication Services,202.35000610351562,37.83945114135742,5.659081902543546,5.354931600727483,5.422888847887398,5.574515425246028,5.524661029934607,10.0,4.355483973236196,5.679816746393973,0.2164207839756166,55.9490648627139,2.5439393690692045,8.88607257335229,144,3,0,2022-06-30,44.06199346433554,51.0,"the share count moved +44% in one step on 2022-06-30, which no split explains -- the multiples either side of it are measuring different companies",-22.852565441490103,15.300386260173827,,,2.392881226498389e-06,-0.20161101601994247,agrees,286.4417,29.0,19.702356,Electronic Gaming & Multimedia,"Take-Two Interactive Software, Inc. develops, publishes, and markets interactive entertainment solutions for consumers worldwide. The company develops and publishes action/adventure products under the Grand Theft Auto, LA Noire, Max Payne, Midnight Club, and Red Dead Redemption names, as well as other franchises.",,41.6,1.06,0.85,2.52,0.61,0.7,0.09,56.0,-0.32,-4.8,,,False,,-8.9,6.519078624197716,14.792867271119814,0.51,1.4,10.1,60.6,3.61,6.69,7.6,,,,,,True,,,,1.1,warn,0.699,3.2830000000000017,0.18,good,-0.13099999999999998,1.0530000000000002,0.815,good,0.21400000000000002,1.9100000000000037,9.6,bad,-0.20999999999999924,29.62,60.9,warn,20.1,88.5,15.100000000000001,bad,-0.34999999999999876,45.53,,,,,4.4399999999999995,bad,0.7800000000000001,42.20900000000002,58.0,68.0,22.0,81.0,68.0,sales +7%/yr,strength,44.0,,0.564,0.817,0.96,1.287,37.0,31.0
EXPE,Expedia Group,Consumer Discretionary,264.2300109863281,32.701898849700925,2.082923493611524,1.714879089195069,1.7765626252983293,1.9527813827917324,2.081486611965312,10.0,17.24458591836857,21.46182822657241,0.21944207669762478,66.8125746120175,0.558530602469545,6.076969572710104,144,0,0,,,,,-22.08592251162441,11.99885861035812,,,1.6305732764010372e-06,2.303797605311253,agrees,338.83334,36.0,10.885736,Travel Services,"Expedia Group, Inc. operates as an online travel company in the United States and internationally. The company operates through B2C, B2B, and trivago segments.",0.72,28.2,0.8,0.8,7.15,-2.38,2.89,-0.15,86.2,2.04,13.0,31.314404092378645,,False,16.0,82.6,8.591265412735961,22.12124345015729,4.46,-7.8,-19.9,-17.0,2.47,15.7,28.4,,,,,,,,,,1.11,bad,0.536,2.038,0.16,good,-0.15,1.18,0.82,bad,0.11600000000000002,7.960000000000002,11.0,good,1.2,21.85,42.5,good,11.48,74.61999999999999,37.7,good,2.9200000000000004,173.7700000000001,19.299999999999997,good,12.57,41.30000000000001,1.6549999999999998,good,0.665,7.38,84.0,75.0,77.0,95.0,100.0,net cash; 28% FCF margin; sales +9%/yr,strength,53.0,,0.316,0.747,0.155,0.216,51.0,40.0
AXP,American Express,Financials,306.3299865722656,208.91705084228516,2.7507182467713647,2.8728250425729276,2.552515807964587,2.8390570231284116,2.6833271487357386,8.6,7.764983793178826,-4.250408360830882,0.2224545920714557,59.51940850277264,1.314096794930664,4.00105622685916,127,19,0,,,,,-20.411030015779662,10.652991054517912,,,7.10307082892232,1.2982170962568151,agrees,377.91208,24.0,15.135604,Credit Services,"American Express Company, together with its subsidiaries, operates as an integrated payments company in the United States, Europe, the Middle East and Africa, the Asia Pacific, Australia, New Zealand, Latin America, Canada, the Caribbean, and internationally. It operates through four segments: U.S. Consumer Services, Commercial Services, International Card Services, and Global Merchant and Network Services.",1.24,23.4,,,59.05,13.48,1.72,,,11.45,,15.428737864456776,10.25221740838802,False,18.2,33.4,,,15.05,-2.7,-8.1,-15.1,34.28,,,,,,,,,,,,,,,,,,,,0.64,bad,0.08400000000000002,1.8500000000000019,,,,,,,,,16.549999999999997,good,6.63,33.89,14.5,warn,8.940000000000001,29.16,2.895,good,0.5220000000000001,15.452000000000002,,,,,,,,,,0.509,0.796,0.979,1.524,,
CBOE,Cboe Global Markets,Financials,253.25999450683594,26.592299423217774,5.254045289395565,5.067603622522641,4.862283943619393,4.823110931579403,5.162772366300183,10.0,8.057146606797128,3.6790893834769633,0.22605093906300697,61.878233187425394,2.8054823196605376,12.26820566271132,144,0,0,2017-06-30,22.282608695652172,111.0,,-30.935371009862024,11.684099033496631,,,-4.425740229851982e-06,-2.7163830921877907,agrees,315.64285,14.0,17.194378,Financial Data & Stock Exchanges,"Cboe Global Markets, Inc., through its subsidiaries, operates as a derivatives and securities exchange network that delivers trading, clearing, and investment solutions in the United States and internationally. It operates through five segments: Options, North American Equities, Europe and Asia Pacific, Futures, and Global FX.",1.31,24.6,1.57,1.23,2.09,-2.94,0.37,,,1.35,,27.60565219784359,25.201216395958514,False,19.7,24.0,,,1.89,0.0,-1.0,-2.1,5.63,,,,,,,,,,,,1.0550000000000002,good,0.7220000000000001,1.537,,,,,0.64,good,0.08400000000000002,1.8500000000000019,,,,,,,,,16.549999999999997,good,6.63,33.89,14.5,warn,8.940000000000001,29.16,2.895,warn,0.5220000000000001,15.452000000000002,,,,,,,,,,0.144,0.521,-0.017,0.149,,
MAS,Masco,Industrials,68.36000061035156,13.945440124511718,1.8160489809235212,1.808683614753027,1.7767561679326385,1.7785807045240174,1.7692422709238773,10.0,2.2114915766186627,0.4072224744237518,0.23532128445342765,54.78468899521531,1.058271990018715,2.3935262757044935,144,0,0,,,,,-17.40968876362019,-0.3115669219784456,,,0.7742816008157627,3.439740711572359,agrees,80.33333,18.0,14.685603,Building Products & Equipment,"Masco Corporation provides home improvement and building products in North America, Europe, and internationally.",1.87,17.5,1.75,1.78,3.15,2.66,,0.35,35.4,0.84,10.9,0.8503927872176797,1.213994612342928,False,16.6,,-3.1687541641923778,0.26783440067761344,0.94,-3.8,-9.7,-20.3,0.03,7.68,12.2,,True,,,,,,,,1.24,good,0.808,2.3180000000000023,0.29,warn,0.0,0.84,,,,,12.0,warn,4.069999999999999,20.65,37.95,warn,15.22,61.14000000000001,,,,,27.0,good,15.52,48.68000000000001,1.7,bad,0.634,5.627999999999998,68.0,62.0,77.0,53.0,86.0,sales -3%/yr,concern,47.0,,0.391,0.796,1.341,0.804,44.0,35.0
GM,General Motors,Consumer Discretionary,80.63999938964844,74.02751943969727,0.4397186813325489,0.3712037456781937,0.4048090444183818,0.40291172304584066,0.4284790193897168,10.0,8.623729483199739,18.457501157262723,0.23826399869100973,70.59291683247115,0.19584432566930476,0.8617633299567179,144,0,0,,,,,-10.697675094519997,-1.584796244658404,,,-9.25789801593645,1.712394606063139,agrees,104.21739,23.0,5.3509827,Auto Manufacturers,"General Motors Company designs, builds, and sells trucks, crossovers, cars, and automobile parts worldwide. It operates through GM North America, GM International, and GM Financial segments. The company markets its vehicles primarily under the Buick, Cadillac, Chevrolet, GMC, Baojun, and Wuling brand names.",0.89,29.2,1.14,1.14,,,,,6.0,1.95,1.2,-42.51703551222131,-31.31770336970934,False,38.0,3.1,2.476395984941493,5.972453505655673,14.4,-7.2,-34.2,-37.5,63.64,168.35,8.6,,,,,,,,,,1.11,good,0.536,2.038,,,,,,,,,11.0,bad,1.2,21.85,42.5,bad,11.48,74.61999999999999,37.7,bad,2.9200000000000004,173.7700000000001,19.299999999999997,bad,12.57,41.30000000000001,1.6549999999999998,good,0.665,7.38,50.0,57.0,45.0,30.0,83.0,margins compressing,concern,41.0,,0.462,0.573,0.136,-0.586,36.0,34.0
KEY,KeyCorp,Financials,20.399999618530273,22.183204385185242,2.837815579529902,2.6438373243550224,2.8397169883810998,2.6870934255987526,2.7500987459808943,9.1,-0.06695768835337512,7.336996621840242,0.24092660341619382,49.934754240974335,1.1438778765432098,4.283916032105371,139,19,0,2016-09-30,18.624298744418578,120.0,,-14.964570160357338,51.1115406920549,,,6.050742146485222,3.3188435405587136,agrees,25.82105,19.0,9.422784,Banks - Regional,"KeyCorp operates as the holding company for KeyBank National Association that provides various retail and commercial banking products and services in the United States. It operates in two segments, Consumer Bank and Commercial Bank.",4.08,26.6,,,14.65,0.52,0.74,,,2.03,,9.762331409463831,-2.976214779546138,False,10.9,10.3,,,1.2,-1.8,16.6,12.0,19.8,,,,,,,,,,,,,,,,,,,,0.64,warn,0.08400000000000002,1.8500000000000019,,,,,,,,,16.549999999999997,bad,6.63,33.89,14.5,good,8.940000000000001,29.16,2.895,bad,0.5220000000000001,15.452000000000002,,,,,,,,,,0.212,0.384,0.62,1.386,,
DHR,Danaher Corporation,Health Care,227.3300018310547,161.2679032989502,6.423224730113124,7.086902351842073,6.368545139640344,7.008133406237291,6.226961803773976,10.0,0.8585884102859431,-9.364847838723811,0.24217448421886353,50.65658575407879,3.229479044433882,9.156756143712572,144,0,0,,,,,-6.0813873864678065,4.555865572814732,,,2.803998966349752e-06,1.4568693986975578,agrees,230.8261,23.0,24.307676,Diagnostics & Research,"Danaher Corporation designs, manufactures, and markets professional, medical, research, and industrial products and services in the United States, China, and internationally. The company operates through Biotechnology, Life Sciences, and Diagnostics segments.",0.71,1.5,1.65,2.26,27.97,23.62,0.53,0.94,58.5,4.0,15.9,-15.512464329764331,-3.2244137654692584,False,40.3,7.6,-3.834902917659777,0.2361975529114213,5.47,-1.2,-15.5,-14.6,52.59,25.11,21.8,,,,,,,,,,1.54,good,0.87,3.2350000000000008,0.43,bad,-0.10799999999999998,0.8800000000000001,0.685,good,0.109,2.5710000000000015,13.8,good,0.76,27.66,60.3,warn,12.2,77.8,13.6,warn,3.35,71.78,26.0,bad,15.0,54.30000000000002,2.2199999999999998,good,0.557,12.114000000000004,59.0,63.0,70.0,17.0,98.0,sales -4%/yr; margins compressing,concern,44.0,,0.37,0.373,0.086,0.12,41.0,41.0
DHI,D. R. Horton,Consumer Discretionary,139.4199981689453,40.20872747192383,1.205662609840624,1.2360050817392971,1.1642008242219442,1.2117373008381842,1.1681185084142898,10.0,3.5613946284902775,-2.454882455335494,0.2607533736067211,56.26740947075209,0.5939038166082699,1.7591388337099796,144,0,0,,,,,-20.308660663649427,-3.544148568486749,,,-0.00030176910965629133,3.1248008531257865,agrees,158.91667,12.0,11.986438,Residential Construction,"D.R. Horton, Inc. operates as a homebuilding company in East, North, Southeast, South Central, Southwest, and Northwest regions in the United States.",1.29,14.0,,,,,,,1.6,3.05,9.2,-14.399686174714944,-3.59343996314454,False,13.2,12.5,-1.214769949144101,5.0532015791610485,3.2,-8.2,-16.3,-21.4,24.41,33.35,9.6,,,,,,,,True,,,,,,,,,,,,,,11.0,warn,1.2,21.85,42.5,bad,11.48,74.61999999999999,37.7,bad,2.9200000000000004,173.7700000000001,19.299999999999997,good,12.57,41.30000000000001,1.6549999999999998,good,0.665,7.38,,,71.0,23.0,81.0,margins compressing,concern,,,0.341,0.664,1.231,1.659,,
FOX,Fox Corporation (Class B),Communication Services,56.54999923706055,24.82544966506958,1.4495766474990996,1.3331769643849145,1.414694173000362,1.3257230747738653,1.4021704160373112,7.1,2.465725466639701,8.731000176551085,0.2657904154030209,55.77244841048522,0.8682558219413341,2.0836864958749457,91,5,0,,,,,-16.54368471508184,5.067484662576693,,,2.242204888425192e-06,5.451562641421814,agrees,,,9.718017,Entertainment,"Fox Corporation operates as a news, sports, and entertainment company in the United States. It operates in two segments, Cable Network Programming and Television.",1.04,,3.17,2.02,7.21,3.0,0.61,0.18,,1.73,10.1,11.284965160785543,-4.570040996498159,False,14.3,14.8,4.719060761672544,5.817142428050781,1.47,-4.8,-17.3,-26.2,11.73,17.13,8.6,,,,,,,,,,1.1,good,0.699,3.2830000000000017,0.18,good,-0.13099999999999998,1.0530000000000002,0.815,good,0.21400000000000002,1.9100000000000037,9.6,good,-0.20999999999999924,29.62,,,,,15.100000000000001,warn,-0.34999999999999876,45.53,21.85,good,7.77,111.25,4.4399999999999995,warn,0.7800000000000001,42.20900000000002,80.0,87.0,75.0,83.0,74.0,buying back stock,strength,51.0,,0.214,0.472,-0.492,0.449,52.0,45.0
MLM,Martin Marietta Materials,Materials,490.7699890136719,29.593430337524413,4.424193502395637,5.1498975908341835,3.8347593868227903,5.061254687372085,4.264821480737746,10.0,15.370823984375459,-14.091621738850858,0.272147899230933,61.59968165539196,1.9067595112996139,7.148553661734407,144,0,0,2015-03-31,18.546804932735416,138.0,,-30.692972982492574,14.832618025751065,,,0.014952153110048272,-13.02362690910115,market cap differs from Yahoo by -13%,652.7083,24.0,22.44261,Building Materials,"Martin Marietta Materials, Inc., a natural resource-based building materials company, supplies aggregates and heavy-side building materials to the construction industry in the United States and internationally. It operates through East Group and West Group segments.",0.7,33.0,1.41,2.47,6.81,6.69,0.59,1.0,28.2,1.14,17.0,37.34690983061717,26.172898050106497,False,26.0,9.9,1.1494087500833805,6.59223046416586,0.81,-0.7,-3.1,-3.5,11.55,6.69,12.1,,,"trailing profit of $2.46B against $1.14B in the year to 2025-12-31, only 181 days earlier",2025-12-31,True,,,,,1.64,warn,1.072,2.87,0.39,bad,0.116,0.574,0.59,good,0.20800000000000002,1.298,7.3,good,-6.159999999999999,19.96,24.55,good,11.040000000000001,43.940000000000005,13.1,warn,-4.5,27.26,22.6,warn,13.94,34.28,1.12,warn,-0.08599999999999988,2.950000000000001,69.0,50.0,73.0,83.0,76.0,net debt 8x FCF,concern,47.0,,0.518,0.739,1.225,1.788,41.0,36.0
DAL,Delta Air Lines,Industrials,84.02999877929688,55.29173919677734,0.8096964165474738,0.5511840032521977,0.7725022332215502,0.6160035461127894,0.7856928450641221,10.0,4.814767094046246,46.901290997190294,0.2857075054500617,56.18782331874254,0.2708806257894387,2.415221686556548,144,0,0,,,,,-10.281871899106477,10.275498998772692,,,-8.434987597283339e-07,-0.932998577227917,agrees,102.9375,24.0,10.289954,Airlines,"Delta Air Lines, Inc. provides scheduled air transportation for passengers and cargo in the United States and internationally. The company operates through two segments, Airline and Refinery.",1.01,22.5,0.42,0.44,15.71,10.93,0.72,0.16,,3.95,5.8,9.757175053551869,,False,14.0,18.1,6.995491403056575,30.119038845684386,3.66,0.9,2.5,2.5,21.82,68.29,5.4,,,,,,,,,,1.24,bad,0.808,2.3180000000000023,0.29,good,0.0,0.84,0.72,good,0.262,2.2539999999999987,12.0,bad,4.069999999999999,20.65,,,,,23.299999999999997,warn,9.15,53.05,27.0,good,15.52,48.68000000000001,1.7,good,0.634,5.627999999999998,69.0,67.0,60.0,83.0,69.0,sales +7%/yr,strength,47.0,,0.164,0.083,0.636,-0.59,49.0,51.0
EXC,Exelon,Utilities,40.31999969482422,41.36831968688965,1.6690195952105886,1.9413943355119825,1.6767471181556195,2.338647674593595,1.6903853667909527,10.0,-0.46086394670717956,-14.029851396963277,0.28896074644521136,49.26382809391166,0.6047890063302166,8.16946506758043,144,0,0,,,,,-19.825015520333622,4.582278481012669,,,-2.132196656680041,-1.221367872526602,agrees,48.70588,17.0,13.379192,Utilities - Regulated Electric,"Exelon Corporation, a utility services holding company, engages in the energy distribution and transmission businesses in the United States. The company is involved in the purchase and regulated retail sale of electricity and natural gas; transmission and distribution of electricity; and distribution of natural gas to retail customers.",4.13,20.8,0.94,0.85,48.52,47.23,1.66,1.91,,2.78,11.2,7.418039670773324,16.162926197653672,False,14.9,9.5,8.67024916154957,14.592251858652471,-2.16,1.4,3.0,4.8,29.32,24.79,-8.7,,,,,,,,,,0.765,warn,0.52,1.163,2.3,good,1.546,2.748,1.56,warn,1.2600000000000002,2.194,14.2,bad,6.9,18.880000000000006,,,,,9.4,good,8.06,12.780000000000008,19.4,good,14.590000000000002,24.3,-1.06,bad,-3.549,2.2850000000000006,47.0,23.0,63.0,79.0,6.0,net debt 20x FCF; burning cash,concern,38.0,,0.551,0.632,0.738,0.689,33.0,32.0
COP,ConocoPhillips,Energy,126.04000091552734,153.70477279647827,2.729520755726635,2.679276263152719,2.4563331376944033,2.7933410479794962,2.6167981146333643,10.0,11.121765767026815,1.8753009260341402,0.29602143350793436,69.91643454038997,0.7820972493628521,5.802201082850324,144,0,0,2021-03-31,20.839958071667763,66.0,,-10.7491850194538,9.235514345017549,,,-12.639044387004661,1.9967385901732415,agrees,146.08,25.0,12.984258,Oil & Gas E&P,"ConocoPhillips explores for, produces, transports, and markets crude oil, bitumen, natural gas, liquefied natural gas (LNG), and natural gas liquids. It operates in five segments: Alaska; Lower 48; Canada; Europe, Middle East and North Africa; and Asia Pacific.",2.68,15.9,1.54,1.66,23.29,15.21,0.36,0.27,57.3,9.28,16.5,-10.453692788225988,38.0594703982734,False,16.6,14.2,2.1731221473799245,23.41735739735129,11.77,-3.7,0.2,-9.9,65.35,56.31,20.9,,,,,,,,,,1.25,good,0.477,1.9010000000000002,0.28,good,0.11,1.4260000000000002,0.4,good,0.222,1.59,12.55,good,2.81,26.3,43.6,good,8.180000000000001,85.02000000000001,13.85,good,6.09,24.81000000000001,23.65,good,11.39,37.81000000000001,4.74,good,0.6950000000000001,13.038,74.0,86.0,81.0,35.0,97.0,margins compressing,concern,48.0,,0.54,0.608,0.219,0.125,42.0,41.0
MET,MetLife,Financials,95.81999969482422,62.407565801239016,0.785959797504364,0.7738201579285418,0.7622923445045886,0.7657601050406461,0.7567484859435011,10.0,3.104773801074545,1.5687934013400628,0.2983640252109712,58.137684042976524,0.3191860384946854,1.086130973221457,144,0,0,,,,,-4.132066338344953,8.748887214955836,,,0.006294002154727529,3.1574348638144567,agrees,105.75,16.0,8.708179,Insurance - Life,"MetLife, Inc., a financial services company, provides insurance, annuities, employee benefits, and asset management services worldwide. It operates in six segments: Group Benefits; Retirement and Income Solutions; Asia; Latin America; Europe, the Middle East and Africa; and MetLife Holdings.",2.49,10.4,,,19.34,-7.98,0.7,,,3.63,,4.015210866181618,-4.767492485141556,False,17.2,13.1,,,15.56,-4.4,-16.0,-26.5,27.74,,,,,,,,,,,,,,,,,,,,0.64,warn,0.08400000000000002,1.8500000000000019,,,,,,,,,16.549999999999997,warn,6.63,33.89,14.5,warn,8.940000000000001,29.16,2.895,good,0.5220000000000001,15.452000000000002,,,,,,,,,,0.343,0.335,-0.32,0.098,,
ZBRA,Zebra Technologies,Information Technology,371.8699951171875,18.138535038463257,3.1021951493865667,2.91978293996587,2.658766260059078,3.159058445383778,2.9791810759402164,10.0,16.677994451367685,6.247457882017371,0.301248752130841,66.09629924393155,0.9054053256968011,6.281953047741936,144,0,0,,,,,-2.9212146616228507,12.658959537572256,,,-1.0945784056914931e-06,1.9741354737324412,agrees,411.45267,15.0,16.935846,Communication Equipment,"Zebra Technologies Corporation, together with its subsidiaries, operates in the automatic identification and data capture solutions industry worldwide. It operates in two segments, Connected Frontline, and Asset Visibility and Automation.",,10.6,0.52,1.06,5.05,4.87,1.47,0.83,49.6,0.54,9.2,-6.033734264708879,-6.6876549058644486,False,33.6,15.7,2.054135890025921,2.5144162233773137,0.9,-5.4,-5.7,-9.6,3.44,5.85,15.4,,,,,,,,,,1.53,bad,0.79,3.3979999999999997,0.09,bad,-0.29799999999999993,0.782,0.44999999999999996,bad,0.055,1.72,17.75,bad,3.92,38.12,55.5,warn,27.770000000000003,80.71000000000001,20.5,warn,4.800000000000001,76.72,40.349999999999994,good,13.68,156.26,2.6950000000000003,bad,0.716,12.751,59.0,41.0,74.0,43.0,92.0,margins compressing,concern,43.0,,0.316,0.349,-0.152,0.352,42.0,42.0
IQV,IQVIA,Health Care,270.9700012207031,46.01070620727539,2.76639647710891,2.6697774486704815,2.6513252776842813,2.6366088903132483,2.6529171113479424,10.0,4.340138888018075,3.618991855914566,0.3014047831363688,60.84361321130123,1.4459725139500001,4.1196026302646915,144,0,0,2017-01-03,25.235847113396126,117.0,"the share count moved +55% in one step on 2017-03-31, which no split explains -- the multiples either side of it are measuring different companies",-1.4726157933078188,7.323998193198689,,,-2.0667730240668036,3.918517769404839,agrees,283.55557,18.0,18.603638,Diagnostics & Research,"IQVIA Holdings Inc. provides clinical research services, commercial insights, and healthcare intelligence to the life sciences and healthcare industries in the Americas, Europe, Africa, and the Asia-Pacific. It operates through three segments: Technology & Analytics Solutions, Research & Development Solutions, and Contract Sales & Medical Solutions.",,4.6,0.75,0.79,15.83,13.73,2.49,0.83,,1.39,8.3,9.493948567850307,27.632065676321194,False,33.1,21.9,4.692168689652898,6.722315090024833,2.12,-3.1,-9.5,-12.9,6.35,16.63,12.7,,,,,,,,,,1.54,bad,0.87,3.2350000000000008,0.43,bad,-0.10799999999999998,0.8800000000000001,0.685,bad,0.109,2.5710000000000015,13.8,warn,0.76,27.66,,,,,13.6,good,3.35,71.78,26.0,warn,15.0,54.30000000000002,2.2199999999999998,warn,0.557,12.114000000000004,66.0,35.0,75.0,81.0,89.0,net debt 6x FCF,concern,45.0,,0.534,0.425,-0.655,-0.597,40.0,42.0
KR,Kroger,Consumer Staples,59.689998626708984,36.5302791595459,0.2446344183835762,0.25626041370341773,0.22836350727724533,0.26478227118611347,0.2341134725035753,10.0,7.1250049100783475,-4.536789413481889,0.3188557974975928,63.35057699960207,0.13807730965052478,0.35715421789930873,144,0,0,,,,,-21.044975361496043,1.5823129251700596,,,-2.8287102549207077e-06,1.7503055060240635,agrees,68.13636,22.0,11.0322075,Grocery Stores,"The Kroger Co. operates as a food and drug retailer in the United States. The company operates combination food and drug stores, multi-department stores, marketplace stores, and price impact warehouses.",2.57,14.2,0.7,0.78,16.82,15.14,2.88,0.1,35.9,1.08,0.7,-12.669403534141344,-1.344360135885403,False,33.8,18.5,0.2883221777253864,2.274147718105657,2.38,-8.0,-15.6,-19.3,5.85,149.33,1.6,,,,,,,,,,1.025,bad,0.6660000000000001,1.4750000000000005,0.30000000000000004,good,0.038000000000000006,0.7500000000000002,0.76,bad,0.348,3.822000000000001,6.85,bad,0.48000000000000076,23.350000000000005,37.599999999999994,warn,12.760000000000002,61.830000000000005,18.65,warn,1.450000000000001,77.58000000000003,29.2,warn,15.52,39.06,1.9949999999999999,good,0.9150000000000001,12.576,45.0,37.0,58.0,29.0,63.0,net debt 6x FCF; margins compressing,concern,37.0,,0.034,-0.094,-0.245,0.884,42.0,44.0
BAC,Bank of America,Financials,55.470001220703125,408.0484229797363,3.369571941565809,3.2020417971094797,3.2066928337401324,3.2458199974826156,3.232331021191648,10.0,5.0793486083823725,5.2319786895836495,0.31920945814415325,62.51492240350179,1.8711107798868964,4.926199948065437,144,0,0,,,,,-14.411354388669773,9.738923978939917,,,6.290647872173127,6.1737299981169835,agrees,68.61905,21.0,10.4088745,Banks - Diversified,"Bank of America Corporation, through its subsidiaries, provides various financial products and services for individual consumers, small and middle-market businesses, institutional investors, large corporations, and governments worldwide. It operates through four segments: Consumer Banking, Global Wealth & Investment Management (GWIM), Global Banking, and Global Markets.",2.33,23.7,,,399.84,170.1,1.33,,,33.66,,4.15729241614009,4.028373815322928,False,12.1,11.2,,,94.74,-4.6,-9.9,-16.2,301.09,,,,,,,,,,,,,,,,,,,,0.64,bad,0.08400000000000002,1.8500000000000019,,,,,,,,,16.549999999999997,warn,6.63,33.89,14.5,good,8.940000000000001,29.16,2.895,good,0.5220000000000001,15.452000000000002,,,,,,,,,,0.742,1.048,0.816,0.892,,
QCOM,Qualcomm,Information Technology,187.47999572753906,201.16603541564942,4.564796918823877,4.191739860470616,4.188979649652958,4.274750690338702,4.348386511760989,10.0,8.971570659266725,8.89981417671699,0.3333672009907249,69.31953840031835,2.6721008403361344,8.094750977392486,144,0,0,,,,,-25.312725787770272,1.8771528307557128,,,1.8879484864342544e-06,2.3069209509638533,agrees,194.13333,30.0,18.041927,Semiconductors,QUALCOMM Incorporated engages in the development and commercialization of foundational technologies for the wireless industry worldwide. It operates through three segments: Qualcomm CDMA Technologies (QCT); Qualcomm Technology Licensing (QTL); and Qualcomm Strategic Initiatives (QSI).,2.0,3.5,2.02,2.33,15.27,6.97,0.55,0.16,54.2,9.26,21.0,2.4248661193247756,0.1191796331391215,False,21.7,33.5,4.516553279179458,6.227341617791127,10.42,-3.5,-4.7,-6.6,27.66,44.07,23.6,,,,,,,,,,1.53,good,0.79,3.3979999999999997,0.09,warn,-0.29799999999999993,0.782,0.44999999999999996,warn,0.055,1.72,17.75,good,3.92,38.12,55.5,warn,27.770000000000003,80.71000000000001,20.5,good,4.800000000000001,76.72,40.349999999999994,good,13.68,156.26,2.6950000000000003,good,0.716,12.751,86.0,89.0,94.0,66.0,96.0,24% FCF margin; 21% net margin; buying back stock,strength,51.0,,0.586,-0.189,0.313,0.2,44.0,63.0
CF,CF Industries,Materials,115.51000213623047,17.811642329406737,2.301543135987432,2.2836046982584044,2.2263430420711976,2.2642552726629486,2.1878320074197064,10.0,3.377740648910721,0.7855316527728418,0.3344660249696967,58.37644249900518,1.0206152505446624,3.62163107984093,144,0,0,,,,,-17.060384766115845,20.040328835117105,,,2.4809407417336615e-06,1.714937556027829,agrees,127.686,20.0,10.469968,Agricultural Inputs,"CF Industries Holdings, Inc., together with its subsidiaries, engages in the production of ammonia in North America, Europe, and internationally. It operates through Ammonia, Granular Urea, UAN, AN, and Other segments. The company offers ammonia products; nitrogen products, such as granular urea, urea ammonium nitrate solution, and ammonium nitrate; diesel exhaust fluid, urea liquor, and nitric acid products.",2.07,10.5,4.86,4.52,3.71,1.23,0.42,0.16,42.5,2.5,32.3,-3.740689192932656,32.38221889718116,False,7.1,28.0,-3.884565362038217,11.038944933371209,1.91,-7.1,-21.3,-28.8,8.92,7.74,24.7,,,,,,,,,,1.64,good,1.072,2.87,0.39,good,0.116,0.574,0.59,good,0.20800000000000002,1.298,7.3,good,-6.159999999999999,19.96,24.55,good,11.040000000000001,43.940000000000005,13.1,good,-4.5,27.26,22.6,good,13.94,34.28,1.12,good,-0.08599999999999988,2.950000000000001,80.0,91.0,98.0,40.0,88.0,sales -4%/yr,concern,49.0,,0.514,0.597,0.161,0.369,44.0,43.0
CVNA,Carvana,Consumer Discretionary,60.470001220703125,44.75832268353272,1.7861889489796758,1.876956965971851,2.053996611799747,1.7303637938772132,1.9301543452110963,6.7,-13.038369259305327,-4.835913589802376,0.3395618387294635,44.74616292798111,0.025991322314049586,5.87459381638016,81,0,0,2024-01-02,88.82905612773249,33.0,"share count jumps +52% in one day on 2024-12-31 with no split or corporate action to explain it; the share count moved +89% in one step on 2024-01-02, which no split explains -- the multiples either side of it are measuring different companies",-36.80635257529195,53.97566670763181,,,-3.57570423270559e-06,-36.53143988143428,market cap differs from Yahoo by -37%,82.975,20.0,28.124557,Auto & Truck Dealerships,"Carvana Co., together with its subsidiaries, operates an e-commerce platform for buying and selling used cars. It provides vehicle acquisition, inspection and reconditioning, online search and shopping experience, financing, complementary products, logistics network and distinctive fulfillment experience, and post-sale customer support services. The company also operates auction sites.",,37.2,3.93,2.28,5.17,2.43,1.01,0.1,19.4,2.13,8.5,,,True,21.0,41.5,28.538550668183582,22.863609882417137,0.93,12.0,39.4,89.5,5.14,25.06,3.7,,,,,,,,,,1.11,good,0.536,2.038,0.16,good,-0.15,1.18,0.82,warn,0.11600000000000002,7.960000000000002,11.0,warn,1.2,21.85,42.5,bad,11.48,74.61999999999999,37.7,good,2.9200000000000004,173.7700000000001,19.299999999999997,warn,12.57,41.30000000000001,1.6549999999999998,bad,0.665,7.38,72.0,82.0,61.0,85.0,50.0,diluting +12%/yr,concern,46.0,,0.42,0.495,0.486,0.737,44.0,43.0
GD,General Dynamics,Industrials,334.1600036621094,91.60294764389037,1.7024038738457177,1.6947931294199166,1.6336203695235385,1.6882485821005926,1.6239323359679207,10.0,4.210495021082572,0.4490662779832011,0.34634594861598567,56.52866242038217,0.7878810063532401,2.273786478088962,144,0,0,,,,,-15.609767491954097,9.34807348398634,,,-1.919397551060753,1.8750348578130627,agrees,420.25525,21.0,17.874199,Aerospace & Defense,"General Dynamics Corporation operates as an aerospace and defense company worldwide. It operates through four segments: Aerospace, Marine Systems, Combat Systems, and Technologies.",1.91,25.8,1.38,1.43,8.01,4.36,0.31,0.08,40.0,4.34,8.1,8.56524997480015,6.493300876483188,False,21.1,16.6,10.453063564184472,6.885508213070035,6.2,1.0,-0.6,-3.3,26.08,53.81,11.5,,,,,,,,,,1.24,good,0.808,2.3180000000000023,0.29,good,0.0,0.84,0.72,good,0.262,2.2539999999999987,12.0,warn,4.069999999999999,20.65,37.95,good,15.22,61.14000000000001,23.299999999999997,warn,9.15,53.05,27.0,good,15.52,48.68000000000001,1.7,good,0.634,5.627999999999998,79.0,88.0,64.0,82.0,87.0,sales +10%/yr,strength,48.0,,0.789,1.196,0.795,0.724,37.0,25.0
OXY,Occidental Petroleum,Energy,56.099998474121094,56.784418455505374,2.708921784920588,2.0719052261034387,2.1895779927973273,2.116209816466116,2.536360363188183,10.0,23.718898976499368,30.745448719928415,0.363963042694344,68.56346995622762,0.40090283715507197,5.502958022754021,144,0,0,,,,,-15.307973318053902,4.014290676326104,,,-12.388195534442325,3.394644062341867,agrees,68.0,25.0,13.671087,Oil & Gas E&P,"Occidental Petroleum Corporation, together with its subsidiaries, engages in the acquisition, exploration, and development of oil and gas properties in the United States and internationally. It operates through Oil and Gas and Midstream and Marketing. The Oil and Gas segment explores for, develops, and produces oil and condensate, natural gas liquids (NGLs), and natural gas.",2.04,21.2,1.41,0.92,14.54,10.19,0.34,0.49,85.9,2.37,11.3,2.4641777213155525,,False,24.0,5.6,-12.586419178403286,1.0881120150944668,4.79,0.2,4.6,8.3,42.38,20.96,22.9,,,"trailing profit of $7.31B against $2.37B in the year to 2025-12-31, only 181 days earlier",2025-12-31,True,,,,,1.25,good,0.477,1.9010000000000002,0.28,warn,0.11,1.4260000000000002,0.4,good,0.222,1.59,12.55,warn,2.81,26.3,43.6,good,8.180000000000001,85.02000000000001,13.85,bad,6.09,24.81000000000001,23.65,warn,11.39,37.81000000000001,4.74,good,0.6950000000000001,13.038,68.0,78.0,60.0,46.0,98.0,sales -13%/yr,concern,44.0,,0.228,0.286,0.101,-0.045,47.0,46.0
AMP,Ameriprise Financial,Financials,496.1600036621094,46.49019234313965,2.343373776054219,2.632295875825797,2.286815852143301,2.6183733377233076,2.197861936629746,10.0,2.4732172403785446,-10.976049555255186,0.37099067585144924,53.760445682451255,0.8622106631989597,3.4369467832532283,144,0,0,,,,,-13.058105477306125,9.125412541254118,,,-2.9033720649884742e-06,5.828193101491386,agrees,579.4545,11.0,9.625215,Asset Management,"Ameriprise Financial, Inc., together with its subsidiaries, operates as a diversified financial services company in the United States and internationally. The company offers financial planning and advice services to individual and institutional clients. It operates through Advice & Wealth Management, Asset Management, Retirement & Protection Solutions, Corporate & Other segments.",1.37,16.8,,,3.19,-7.97,0.5,,,3.95,,9.376762341376743,16.65123663656569,False,11.8,62.0,,,8.06,-5.7,-14.2,-23.0,6.37,,,,,,,,,,,,,,,,,,,,0.64,good,0.08400000000000002,1.8500000000000019,,,,,,,,,16.549999999999997,good,6.63,33.89,14.5,good,8.940000000000001,29.16,2.895,good,0.5220000000000001,15.452000000000002,,,,,,,,,,0.807,0.973,0.315,1.099,,
NXPI,NXP Semiconductors,Information Technology,236.32000732421875,59.91302985687256,4.749348383422319,4.404404847845492,4.345320627240035,4.4388458419491625,4.47667133438871,9.6,9.297996415949306,7.831785394241475,0.3953604976478672,68.52631578947368,2.6918180418837037,7.061840002322341,144,42,0,2017-01-03,38.978314062275096,117.0,"the share count moved +39% in one step on 2017-01-03, which no split explains -- the multiples either side of it are measuring different companies",-28.962633443286524,2.369552868619662,,,-4.323097676393795,0.47588203773345494,agrees,311.10345,29.0,13.0681715,Semiconductors,"NXP Semiconductors N.V. provides semiconductor products in the United States, Germany, Japan, South Korea, Taiwan, Singapore, the Netherlands, Mainland China, Hong Kong, and internationally.",1.72,31.6,2.24,1.92,11.72,8.02,1.04,0.64,55.0,2.65,21.0,-1.5085707303748475,,False,22.6,23.5,-1.4001725923245,7.55646845556559,2.71,-0.4,-3.0,-9.8,11.27,12.62,21.5,,,,,,,,,,1.53,good,0.79,3.3979999999999997,0.09,bad,-0.29799999999999993,0.782,0.44999999999999996,bad,0.055,1.72,17.75,good,3.92,38.12,55.5,warn,27.770000000000003,80.71000000000001,20.5,good,4.800000000000001,76.72,40.349999999999994,good,13.68,156.26,2.6950000000000003,good,0.716,12.751,74.0,74.0,86.0,49.0,93.0,22% FCF margin; 21% net margin,strength,46.0,,0.612,0.425,1.532,0.688,41.0,45.0
UAL,United Airlines Holdings,Industrials,111.51000213623047,36.430317697906496,0.5791599265191328,0.43458354261565374,0.5317952453807226,0.46014704155798597,0.534784237916215,10.0,8.906563484692477,33.2678000260453,0.4027022551065756,68.56346995622762,0.11885327378808615,1.8012469566858544,144,0,0,,,,,-18.073615357996875,8.476037732595243,,,-2.6453848112062417e-06,-0.362287718586618,agrees,156.34782,23.0,7.7837763,Airlines,"United Airlines Holdings, Inc., through its subsidiaries, provides air transportation services in the United States, Canada, Atlantic, the Pacific, and Latin America. It transports people and cargo through its mainline and regional fleets. The company also offers ground handling, flight academy, frequent flyer award non-travel redemptions, and maintenance services for third parties.",,40.2,0.78,0.89,28.39,11.61,1.7,0.18,,3.5,5.6,9.463551926373048,,False,10.4,21.0,7.32166505855627,33.94340929480679,2.54,-1.0,-1.4,1.0,16.7,62.9,4.0,,,,,,,,,,1.24,bad,0.808,2.3180000000000023,0.29,good,0.0,0.84,0.72,bad,0.262,2.2539999999999987,12.0,bad,4.069999999999999,20.65,,,,,23.299999999999997,warn,9.15,53.05,27.0,good,15.52,48.68000000000001,1.7,good,0.634,5.627999999999998,67.0,58.0,66.0,82.0,60.0,sales +7%/yr,strength,43.0,,0.456,0.371,0.996,0.294,42.0,44.0
SHW,Sherwin-Williams,Materials,332.7900085449219,82.23241111145019,3.368758725269669,3.490940545589362,3.073883509478858,3.4723603296995877,3.164294924478163,10.0,9.592920970541385,-3.4999685249313073,0.4111900095113375,58.89375248706725,1.9528778386196761,4.7886828018483785,144,0,0,,,,,-10.684377738883022,5.764323068990773,,,-1.7041986044574742e-06,2.5124515707557915,agrees,389.0909,22.0,24.295986,Specialty Chemicals,"The Sherwin-Williams Company engages in the development, manufacture, distribution, and sale of paint, coatings, and related products to professional, industrial, commercial and retail customers. The company operates through three segments: Paint Stores Group, Consumer Brands Group, and Performance Coatings Group.",0.97,16.9,0.73,0.94,12.07,11.78,3.13,0.48,49.0,2.69,11.0,4.694237990153072,4.366925937149424,False,30.6,69.8,2.060897228990921,4.438070638066671,3.21,-1.9,-4.7,-8.1,3.85,24.41,13.2,,,,,,,,,,1.64,bad,1.072,2.87,0.39,warn,0.116,0.574,0.59,bad,0.20800000000000002,1.298,7.3,good,-6.159999999999999,19.96,24.55,good,11.040000000000001,43.940000000000005,13.1,good,-4.5,27.26,22.6,bad,13.94,34.28,1.12,good,-0.08599999999999988,2.950000000000001,70.0,51.0,82.0,68.0,89.0,,,44.0,,0.452,0.777,0.86,1.083,43.0,36.0
DVN,Devon Energy,Energy,46.72999954223633,43.92619956970215,2.229869514681057,1.8233301634472512,1.7874062407132245,1.9398700172404384,2.049504575134243,8.6,24.75448859299483,22.29652968967446,0.4205366332030118,70.07957559681698,0.3250539406652682,6.725300313122687,103,13,0,2026-06-30,52.10355987055016,3.0,"the share count is 47% higher than a year ago, on 2021-03-31 -- the multiples before that point are built on a different share base, so the median is not a like-for-like comparison with today",-10.255426268030865,16.68641156261106,,,4.8879204283123645,-14.307059880375272,market cap differs from Yahoo by -14%,60.39286,28.0,8.649475,Oil & Gas E&P,"Devon Energy Corporation, an independent energy company, engages in the exploration, development, and production of oil, natural gas, and natural gas liquids in the United States.",2.75,29.2,0.72,0.96,12.88,11.01,0.31,0.56,86.6,3.28,16.7,-11.886804847355592,,False,13.4,7.9,5.396088853355163,19.019720755185855,4.69,46.6,46.2,39.7,41.75,19.7,23.8,,,,,,,,,,1.25,bad,0.477,1.9010000000000002,0.28,warn,0.11,1.4260000000000002,0.4,good,0.222,1.59,12.55,good,2.81,26.3,43.6,good,8.180000000000001,85.02000000000001,13.85,bad,6.09,24.81000000000001,23.65,good,11.39,37.81000000000001,4.74,warn,0.6950000000000001,13.038,63.0,71.0,58.0,39.0,98.0,margins compressing; diluting +47%/yr,concern,42.0,,0.367,0.357,0.406,-0.518,43.0,43.0
AEE,Ameren,Utilities,99.38999938964844,27.69999282989502,3.1660753034512537,3.249407969639469,3.0647568653717348,3.146848061887593,2.9759959875477704,10.0,3.3059209108657894,-2.5645492030187067,0.4361734959209626,57.381615598885794,1.8980073308897034,3.990317485142321,144,0,0,,,,,-15.998986317065212,3.759487666034156,,,4.018549515106584,-0.19292930148283594,agrees,119.53333,15.0,17.261864,Utilities - Regulated Electric,"Ameren Corporation, together with its subsidiaries, operates as a public utility holding company in the United States. The company operates through four segments: Ameren Missouri, Ameren Illinois Electric Distribution, Ameren Illinois Natural Gas, and Ameren Transmission. It engages in the rate-regulated electric generation, transmission, and distribution business and natural gas transmission and distribution business.",2.99,20.3,0.53,0.52,20.59,20.12,1.49,2.3,,1.57,17.9,11.832766193993516,11.06209310789139,False,17.6,11.4,2.2913749545746542,7.858116711666341,-1.4,2.6,5.9,8.4,13.82,8.75,-16.0,,,,,,,,,,0.765,bad,0.52,1.163,2.3,good,1.546,2.748,1.56,good,1.2600000000000002,2.194,14.2,good,6.9,18.880000000000006,,,,,9.4,good,8.06,12.780000000000008,19.4,good,14.590000000000002,24.3,-1.06,warn,-3.549,2.2850000000000006,47.0,19.0,70.0,81.0,4.0,net debt 20x FCF; burning cash,concern,36.0,,0.742,0.909,1.105,0.798,30.0,26.0
NTRS,Northern Trust,Financials,174.5500030517578,32.41564353849129,3.5810081128678743,3.110853906993979,3.3407200217379533,3.0204052126277277,3.3376501638158413,9.6,7.192703655690225,15.113348936665606,0.4369702758305254,62.056737588652474,1.997823241453971,4.729548525793909,144,65,0,,,,,-8.836891914264477,15.07882023900331,,,-0.36762329503811086,2.4503294080151283,agrees,184.26923,13.0,13.600917,Asset Management,"Northern Trust Corporation, a financial holding company, provides wealth management, asset servicing, asset management, and banking solutions for corporations, institutions, families, and individuals. It operates in two segments, Asset Servicing and Wealth Management.",1.9,5.6,,,1.42,-4.32,0.11,,,2.24,,22.57301411235899,11.881874242137581,False,14.5,16.7,,,0.45,-4.6,-10.8,-11.2,13.4,,,,,,,,,,,,,,,,,,,,0.64,good,0.08400000000000002,1.8500000000000019,,,,,,,,,16.549999999999997,good,6.63,33.89,14.5,good,8.940000000000001,29.16,2.895,bad,0.5220000000000001,15.452000000000002,,,,,,,,,,0.394,0.607,0.65,-0.136,,
WST,West Pharmaceutical Services,Health Care,375.6499938964844,27.009234561157225,8.11868298700169,8.041348189801798,6.771158758628187,8.13414087825838,7.349838738210908,10.0,19.900939800834138,0.9617143217100166,0.45882772767561436,62.19657779546359,3.388687662015074,14.077314568880078,144,0,0,,,,,-0.05853120056431571,12.384298358219038,,,3.847541329982107e-06,1.9000157010802488,agrees,407.5625,16.0,37.72687,Medical Instruments & Supplies,"West Pharmaceutical Services, Inc. designs, manufactures, and sells containment and delivery systems for injectable drugs and healthcare products in the Americas, Europe, the Middle East, Africa, and the Asia Pacific. It operates in two segments, Proprietary Products and Contract-Manufactured Products.",0.23,8.5,2.82,3.7,0.34,-0.11,0.11,-0.03,36.8,0.56,17.0,2.884264707779449,1.7017395605188668,False,48.2,18.7,5.094158962034934,5.692067828654901,0.44,-1.2,-4.8,-5.1,2.99,3.33,13.2,,,,,,,,,,1.54,good,0.87,3.2350000000000008,0.43,good,-0.10799999999999998,0.8800000000000001,0.685,good,0.109,2.5710000000000015,13.8,good,0.76,27.66,60.3,warn,12.2,77.8,13.6,good,3.35,71.78,26.0,bad,15.0,54.30000000000002,2.2199999999999998,bad,0.557,12.114000000000004,82.0,96.0,81.0,67.0,79.0,net cash,strength,46.0,,0.582,0.428,0.636,0.151,43.0,47.0
MTD,Mettler Toledo,Health Care,1545.260009765625,31.293882536088866,7.5701085630525515,7.310283644789744,6.803069828330475,7.4681444189420985,7.0332653363955435,10.0,11.274891395761454,3.5542385342050675,0.4607357710556299,68.60326303223239,4.358803032158451,11.073606240500668,144,0,0,,,,,0.0,6.911657110965197,,,1.3546612054327056e-06,1.594263263679152,agrees,1457.5,14.0,29.717155,Diagnostics & Research,"Mettler-Toledo International Inc. manufactures and supplies precision instruments and services in the Americas, Europe, Asia, and internationally. It operates through five segments: U.S.",,-5.7,1.12,1.12,2.11,2.06,,0.5,60.3,0.91,21.9,3.7296427664564646,6.995427420643474,False,34.4,,1.4903213602262433,3.539365173084952,0.86,-2.8,-8.6,-14.2,0.01,4.13,20.8,,True,,,,,,,,1.54,bad,0.87,3.2350000000000008,0.43,warn,-0.10799999999999998,0.8800000000000001,,,,,13.8,good,0.76,27.66,60.3,good,12.2,77.8,,,,,26.0,warn,15.0,54.30000000000002,2.2199999999999998,bad,0.557,12.114000000000004,76.0,61.0,91.0,66.0,91.0,21% FCF margin; 22% net margin,strength,45.0,,0.4,0.324,0.055,0.142,46.0,48.0
SO,Southern Company,Utilities,82.3499984741211,92.89079827880859,3.159980891237195,3.4044500910515394,2.97487574709028,3.330011831131564,2.9269164010365962,10.0,6.222281529840923,-7.180871896372388,0.48033897252418767,68.00636689216077,1.820689915648999,3.9821861339059743,144,0,0,,,,,-17.41877409334026,6.237802674376591,,,-2.59452040060153,-3.236522362382943,agrees,98.65789,19.0,16.950321,Utilities - Regulated Electric,"The Southern Company, through its subsidiaries, engages in the sale of electricity. The company offers electric service to retail customers and wholesale customers; and energy-related products and services to natural gas choice markets.",3.64,19.8,0.65,0.84,68.82,67.83,1.72,2.31,,4.36,14.8,10.941617885154642,5.483594682462067,False,21.3,10.9,4.2763150213858125,5.263956771617062,-3.47,1.8,2.7,5.7,39.91,29.4,-11.8,,,,,,,,,,0.765,warn,0.52,1.163,2.3,warn,1.546,2.748,1.56,warn,1.2600000000000002,2.194,14.2,good,6.9,18.880000000000006,,,,,9.4,good,8.06,12.780000000000008,19.4,bad,14.590000000000002,24.3,-1.06,bad,-3.549,2.2850000000000006,47.0,19.0,67.0,82.0,4.0,net debt 20x FCF; burning cash,concern,35.0,,0.823,0.986,1.399,1.482,28.0,25.0
LNT,Alliant Energy,Utilities,63.209999084472656,16.358747763061523,3.701911691120508,3.868537102473498,3.446019434628975,3.7206113252569613,3.4665753354672293,10.0,7.425734571316611,-4.307194346060472,0.48663493841795763,59.291683247115,2.4010037081303057,4.569849287169043,144,0,0,,,,,-18.992696290564325,8.33537631772494,,,-0.2257889267664348,-1.9399480586500872,agrees,78.04167,12.0,17.456703,Utilities - Regulated Electric,Alliant Energy Corporation operates as a utility holding company that provides regulated electric and natural gas services in the United States. It operates through IPL and WPL segments. The company's IPL segment engages primarily in the generation and distribution of electricity and the distribution and transportation of natural gas to retail customers in select markets in Iowa.,3.33,23.5,0.69,0.71,11.44,11.07,1.54,2.51,85.8,0.82,18.6,7.7636676607117705,5.607769885789815,False,19.9,11.0,1.6036409499860182,5.377183768617422,-0.52,0.6,2.7,3.3,7.42,4.42,-11.8,,,,,,,,,,0.765,warn,0.52,1.163,2.3,warn,1.546,2.748,1.56,good,1.2600000000000002,2.194,14.2,good,6.9,18.880000000000006,67.6,good,31.29,82.50999999999999,9.4,good,8.06,12.780000000000008,19.4,warn,14.590000000000002,24.3,-1.06,warn,-3.549,2.2850000000000006,47.0,20.0,74.0,74.0,4.0,net debt 20x FCF; burning cash,concern,35.0,,0.794,0.997,1.503,1.124,29.0,24.0
WRB,W. R. Berkley Corporation,Financials,67.66000366210938,26.611762000366213,1.786491660728841,1.8314897074937366,1.6798965334269818,1.8455187233519474,1.6420819454984132,10.0,6.345338845625559,-2.4569096173885807,0.49633804583806673,64.98209311579785,0.9673526749527751,2.867790890852835,144,0,0,2024-09-30,-33.43646033852345,24.0,"the share count moved -33% in one step on 2024-09-30, which no split explains -- the multiples either side of it are measuring different companies",-13.764971116353076,4.2695045846488755,,,-2.685266176083445e-06,5.080405802081378,agrees,69.41176,17.0,14.092392,Insurance - Property & Casualty,"W. R. Berkley Corporation, an insurance holding company, operates as a commercial line writer worldwide.",0.59,2.6,,,,,,,,1.93,,15.183416386484105,15.685572403026216,False,13.8,19.6,,,3.54,-1.8,-4.7,-6.6,9.84,,,,,,,,,,,,,,,,,,,,,,,,,,,,,,,,16.549999999999997,good,6.63,33.89,14.5,good,8.940000000000001,29.16,2.895,good,0.5220000000000001,15.452000000000002,,,,,,,,,,0.763,0.744,0.866,1.345,,
FOXA,Fox Corporation (Class A),Communication Services,63.060001373291016,27.683340602874758,1.6164510453623004,1.4456915672734882,1.5067268295896186,1.4411584827677342,1.495186295916024,7.1,7.282289902713623,11.811611961661871,0.5008653003499645,62.79977691020636,0.9527347667788693,2.125009118541034,91,5,0,,,,,-17.146233907119935,5.067484662576693,,,2.242204888425192e-06,5.075395657666371,agrees,76.42222,18.0,10.684816,Entertainment,"Fox Corporation operates as a news, sports, and entertainment company in the United States. It operates in two segments, Cable Network Programming and Television.",0.93,21.2,3.17,2.02,7.21,3.0,0.61,0.18,,1.73,10.1,11.284965160785543,-4.570040996498159,False,16.0,14.8,4.719060761672544,5.817142428050781,1.47,-4.8,-17.3,-26.2,11.73,17.13,8.6,,,,,,,,,,1.1,good,0.699,3.2830000000000017,0.18,good,-0.13099999999999998,1.0530000000000002,0.815,good,0.21400000000000002,1.9100000000000037,9.6,good,-0.20999999999999924,29.62,,,,,15.100000000000001,warn,-0.34999999999999876,45.53,21.85,good,7.77,111.25,4.4399999999999995,warn,0.7800000000000001,42.20900000000002,80.0,87.0,75.0,83.0,74.0,buying back stock,strength,45.0,,0.459,0.714,-0.298,0.649,46.0,40.0
HCA,HCA Healthcare,Health Care,432.6000061035156,98.04965658337402,1.283574076862518,1.2734561957375503,1.2102436397560665,1.286407786657096,1.173740275871653,9.6,6.0591466625044,0.7945213316982391,0.5057879304672649,64.95049504950495,0.46214425315568025,1.726930017857143,115,19,0,,,,,-20.642781335917004,6.709506181462599,,,-2.082983196806998,4.923685397141542,agrees,454.22726,22.0,13.481772,Medical Care Facilities,"HCA Healthcare, Inc., through its subsidiaries, provides health care services in the United States.",0.72,5.0,0.83,1.15,52.91,51.85,,0.68,,6.79,8.9,5.821909341162068,8.131879686839948,False,14.4,,7.856183673163675,7.728702325707748,7.93,-7.7,-18.9,-32.9,0.56,76.39,10.4,,True,,,,,,,,1.54,bad,0.87,3.2350000000000008,0.43,warn,-0.10799999999999998,0.8800000000000001,,,,,13.8,warn,0.76,27.66,,,,,,,,,26.0,good,15.0,54.30000000000002,2.2199999999999998,good,0.557,12.114000000000004,64.0,33.0,73.0,76.0,85.0,net debt 7x FCF,concern,40.0,,0.573,0.49,0.194,1.059,39.0,40.0
AIG,American International Group,Financials,72.77999877929688,39.14446994240906,1.4696076716627517,1.629574086664269,1.1294366194723586,1.6309994762512965,1.2942204906500612,10.0,30.11864909686668,-9.816455496599586,0.517746489220227,65.57898925586947,0.3383996706368352,3.9028829580853337,144,0,0,,,,,-15.948725280867448,-4.193942881807066,,,-0.38520250836540093,-0.5429600780288757,agrees,88.45,20.0,8.566541,Insurance - Diversified,"American International Group, Inc. provides insurance products for commercial, institutional, and individual customers in North America and internationally. It operates through three segments: North America Commercial, International Commercial, and Global Personal.",2.66,21.5,,,9.44,-11.9,0.23,,,2.96,,-14.967448517298909,-6.772432823250119,False,13.2,7.3,,,3.61,-8.6,-27.1,-38.5,40.63,,,,,,,,,,,,,,,,,,,,0.64,good,0.08400000000000002,1.8500000000000019,,,,,,,,,16.549999999999997,bad,6.63,33.89,14.5,good,8.940000000000001,29.16,2.895,good,0.5220000000000001,15.452000000000002,,,,,,,,,,0.608,0.69,0.607,0.848,,
MRNA,Moderna,Health Care,197.27999877929688,78.51743951416016,40.38962937971201,3.5565808243274164,6.799354556074767,4.802724412304259,70.4532398860876,7.4,494.0215214049485,1035.6308593760155,0.5346175691266791,64.03831982313928,2.1546749293324634,692.5082400735857,91,26,0,,,,"trailing revenue jumps 132% around 2020-09-30, 5x this company's usual move between filings, at the exact point the source concept changes from mixed to Revenues; newest revenue figure was filed 216 days ago, so the denominator is stale",-0.8045082784759572,-81.75333208184719,,,-12.746858168761221,-3.33761805074716,agrees,119.55556,18.0,,Biotechnology,"Moderna, Inc., a biotechnology company, provides messenger RNA medicines in the United States, Europe, and internationally.",,-39.4,2.29,2.46,0.59,-1.13,0.09,-0.58,12.2,-3.15,-162.1,,,False,,-46.6,-53.434259813414876,48.232908440262534,-1.24,2.6,3.9,-7.7,6.76,1.94,-63.8,,,,,,,,,,1.54,good,0.87,3.2350000000000008,0.43,good,-0.10799999999999998,0.8800000000000001,0.685,good,0.109,2.5710000000000015,13.8,bad,0.76,27.66,60.3,bad,12.2,77.8,13.6,bad,3.35,71.78,,,,,2.2199999999999998,bad,0.557,12.114000000000004,33.0,96.0,14.0,0.0,0.0,burning cash; sales -53%/yr,concern,28.0,,0.327,0.213,-0.13,-0.93,32.0,33.0
HBAN,Huntington Bancshares,Financials,15.300000190734863,29.079899462519645,17.27860930630995,16.08873989953632,16.1171747286036,16.111648074772365,15.755096073248268,7.6,7.206192135183076,7.395665628281556,0.540452251420522,71.21212121212122,7.525190713525027,26.56523475935829,91,0,0,2026-03-31,26.30260041625798,6.0,"the share count is 28% higher than a year ago, on 2021-09-30 -- the multiples before that point are built on a different share base, so the median is not a like-for-like comparison with today",-20.60197098736448,13.486176668914363,,,-81.66067329478949,-5.74306779757644,revenue differs from Yahoo by -82%,19.75263,19.0,8.600103,Banks - Regional,"Huntington Bancshares Incorporated operates as the bank holding company for The Huntington National Bank that provides commercial, consumer, and mortgage banking services. It offers financial products and services to consumer and business customers, including deposits, lending, payments, mortgage banking, dealer financing, investment management, trust, brokerage, insurance, and other financial products and services.",4.06,29.1,,,23.47,4.28,0.72,,,2.21,,-2.483609600936909,11.150467128262175,False,13.2,6.8,,,2.16,28.3,29.5,68.9,32.58,,,,,,,,,,,,,,,,,,,,0.64,warn,0.08400000000000002,1.8500000000000019,,,,,,,,,16.549999999999997,bad,6.63,33.89,14.5,good,8.940000000000001,29.16,2.895,warn,0.5220000000000001,15.452000000000002,,,,,,,,,,0.766,1.021,1.244,0.52,,
TSLA,"Tesla, Inc.",Consumer Discretionary,357.45001220703125,1265.3730432128907,12.211785900393659,11.828573816388785,8.485575517946115,12.417126901074987,10.41389537058193,10.0,43.91228826573983,3.239715032034751,0.5433845473634689,64.98209311579785,1.3702860342271481,33.943297902470185,144,0,0,2016-09-30,22.41228685979937,120.0,,-27.033148483908043,11.754745470232963,,,-2.2852951198082394e-06,-9.198413019334284,agrees,395.83212,38.0,162.38281,Auto Manufacturers,"Tesla, Inc. designs, develops, manufactures, leases, and sells electric vehicles, and energy generation and storage systems in the United States, China, and internationally. The company operates in two segments, Automotive; and Energy Generation and Storage.",,10.7,1.94,1.69,9.06,-34.46,0.1,-0.33,18.9,3.8,3.7,-32.17475519175213,11.769570915976146,False,333.0,4.3,3.2898211436886315,19.876667926103387,5.76,0.6,1.8,4.8,87.47,103.62,5.6,,,,,,,,,,1.11,good,0.536,2.038,0.16,good,-0.15,1.18,0.82,good,0.11600000000000002,7.960000000000002,11.0,bad,1.2,21.85,42.5,bad,11.48,74.61999999999999,37.7,bad,2.9200000000000004,173.7700000000001,19.299999999999997,bad,12.57,41.30000000000001,1.6549999999999998,good,0.665,7.38,62.0,99.0,43.0,32.0,76.0,margins compressing,concern,39.0,,0.678,0.566,0.939,1.083,36.0,38.0
ALL,Allstate,Financials,227.5500030517578,59.367795796203616,0.8464547356773687,0.7687780135561095,0.8121247757560226,0.7530876314995862,0.7922801642263927,10.0,4.227178008377797,10.10392086552432,0.5568208665845894,69.79705531237565,0.5035935377688655,1.0500828908381494,144,0,0,,,,,-17.287629293098107,5.918330363345303,,,-5.748748543865645e-06,4.155417036263898,agrees,276.0909,22.0,8.126004,Insurance - Property & Casualty,"The Allstate Corporation, together with its subsidiaries, provides property and casualty, and other insurance products in the United States and Canada. It operates in four segments: Allstate Protection; Run-off Property-Liability; Protection Services; and Corporate and Other.",1.92,21.3,,,7.99,2.45,0.24,,,13.28,,,27.15426049470335,True,4.5,39.4,,,12.25,-2.8,-0.8,-14.4,33.7,,,,,,,,,,,,,,,,,,,,0.64,good,0.08400000000000002,1.8500000000000019,,,,,,,,,16.549999999999997,good,6.63,33.89,14.5,good,8.940000000000001,29.16,2.895,good,0.5220000000000001,15.452000000000002,,,,,,,,,,1.131,1.682,1.193,0.766,,
MSFT,Microsoft,Information Technology,509.2200012207031,3795.2166690979,11.436921727397625,12.035605878867582,10.511582185908106,11.74383503298709,10.129764564148715,10.0,8.803047201876367,-4.974275142401774,0.5614650659475384,61.75885395941106,4.906093536602819,14.760954417881175,144,0,0,,,,,-6.060102713541959,17.788686799846666,,,-3.876578547057363e-06,0.4210032711051026,agrees,577.26135,52.0,21.496983,Software - Infrastructure,"Microsoft Corporation, a technology company, develops and supports a portfolio of technology solutions for individuals and businesses worldwide.",0.77,13.4,1.23,1.66,49.52,-27.32,0.11,-0.08,67.9,133.75,40.3,22.71803041747731,16.900508043368355,False,28.4,30.2,16.120019561712297,14.574041231257295,66.99,-0.2,-0.3,-2.0,442.39,331.84,20.2,,,,,,,,,,1.53,warn,0.79,3.3979999999999997,0.09,good,-0.29799999999999993,0.782,0.44999999999999996,good,0.055,1.72,17.75,good,3.92,38.12,55.5,good,27.770000000000003,80.71000000000001,20.5,good,4.800000000000001,76.72,40.349999999999994,good,13.68,156.26,2.6950000000000003,good,0.716,12.751,91.0,91.0,92.0,97.0,79.0,net cash; 20% FCF margin; sales +16%/yr,strength,46.0,,0.693,0.75,0.079,1.14,43.0,41.0
SPG,Simon Property Group,Real Estate,204.52999877929688,66.36137552717322,9.561159032690853,8.732946198411135,8.868457008403034,8.62417115174817,8.432559458774566,10.0,7.810851691917442,9.48377346502378,0.5688004579290634,69.99602069239953,2.3438404432660684,12.316972804420372,144,0,0,,,,,-13.591044030715304,15.019058191741275,,,1.1180389458687046e-05,-14.427059569788936,market cap differs from Yahoo by -14%,234.44444,18.0,30.055895,REIT - Retail,"Simon Property Group, Inc. is a self-administered and self-managed real estate investment trust (REIT). Simon Property Group, L.P., or the Operating Partnership, is our majority-owned partnership subsidiary that owns all of our real estate properties and other assets.",4.36,14.6,,,28.7,27.38,5.15,,,5.39,,29.63760630653396,25.97447236349646,False,12.3,96.7,,,3.22,-0.6,-0.8,-1.3,5.57,,,,,,,,,,,,,,,,,,,,0.825,bad,0.135,2.58,,,,,,,,,7.3,good,2.22,18.460000000000015,30.25,good,16.78,128.50000000000003,1.2,good,-0.10599999999999986,3.3679999999999994,,,,,,,,,,0.343,0.501,0.794,0.501,,
HIG,Hartford (The),Financials,126.04000091552734,35.05172425460815,1.2061845923815606,1.2093726095291533,1.10521020585677,1.1960556158213158,1.10218809780358,10.0,9.136215535262293,-0.263609174085222,0.5703675893807906,70.31436530043771,0.4618430568948891,1.487909143539458,144,0,0,,,,,-13.481602886101495,7.011341876565025,,,-0.8698629275675884,2.823423644367651,agrees,149.4,20.0,9.197961,Insurance - Diversified,"The Hartford Insurance Group, Inc., together with its subsidiaries, provides insurance and financial services to individual and business customers in the United States, the United Kingdom, and internationally. It operates through Business Insurance, Personal Insurance, Property & Casualty Other Operations, Employee Benefits and Hartford Funds.",1.91,18.5,,,4.96,0.05,0.25,,,4.37,,29.404501937337855,15.217269533648658,False,8.0,22.3,,,5.87,-3.8,-12.0,-22.8,19.63,,,,,,,,,,,,,,,,,,,,0.64,good,0.08400000000000002,1.8500000000000019,,,,,,,,,16.549999999999997,good,6.63,33.89,14.5,good,8.940000000000001,29.16,2.895,good,0.5220000000000001,15.452000000000002,,,,,,,,,,0.886,1.217,1.072,1.598,,
ECHO,EchoStar,Communication Services,89.22000122070312,31.371715269226073,2.140840441671844,0.002101250179190401,1.5995578669838775,0.5799400344934825,1.5353602609655024,10.0,33.839511896409704,101784.12892826958,0.5881036939280607,64.94140625,0.0002592314433886091,3.788058962418246,144,22,0,2026-03-31,100424.86043720979,6.0,"the share count is 122201% higher than a year ago, on 2026-03-31 -- the multiples before that point are built on a different share base, so the median is not a like-for-like comparison with today",-37.08039406156338,-5.168787027251465,,,-2.5658653979299118e-06,20.007620791885294,market cap differs from Yahoo by +20%,131.44444,9.0,3.9546854,Telecom Services,"EchoStar Corporation provides pay-tv services in the United States, Mexico, Canada, South and Central America, Asia, Africa, Australia, Europe, India, and the Middle East.",,47.3,5.2,6.23,16.79,15.29,1.18,1.04,,-12.95,-88.4,,,False,,-91.2,2.0838389760174048,49.76914710279174,-0.73,,319.7,281.0,14.2,14.65,-5.0,,,,,,,True,,True,1.1,good,0.699,3.2830000000000017,0.18,bad,-0.13099999999999998,1.0530000000000002,0.815,bad,0.21400000000000002,1.9100000000000037,9.6,bad,-0.20999999999999924,29.62,,,,,15.100000000000001,bad,-0.34999999999999876,45.53,,,,,4.4399999999999995,bad,0.7800000000000001,42.20900000000002,31.0,38.0,7.0,62.0,15.0,net debt 20x FCF; burning cash; diluting +107%/yr,concern,27.0,,0.584,0.55,0.602,-2.09,27.0,27.0
WFC,Wells Fargo,Financials,80.80999755859375,250.18775244140625,2.882480211546687,2.5869933556985654,2.5765301035887394,2.6390711634223023,2.5476045215908414,9.6,11.874501583808495,11.422018351814867,0.5938835446696448,66.49006622516556,1.0968422189297105,3.7751440115963035,115,7,0,,,,,-16.16350497085408,6.217952640274116,,,4.540743854717455,2.8007709198354824,agrees,100.54348,23.0,10.123869,Banks - Diversified,"Wells Fargo & Company, a financial services company, provides diversified banking, investment, mortgage, and consumer and commercial finance products and services in the United States and internationally. It operates through four segments: Consumer Banking and Lending; Commercial Banking; Corporate and Investment Banking; and Wealth and Investment Management.",2.49,24.4,,,207.31,5.85,1.14,,,22.61,,10.67754220143069,5.891386246621311,False,11.1,12.4,,,19.17,-6.0,-17.9,-25.7,182.32,,,,,,,,,,,,,,,,,,,,0.64,bad,0.08400000000000002,1.8500000000000019,,,,,,,,,16.549999999999997,warn,6.63,33.89,14.5,good,8.940000000000001,29.16,2.895,good,0.5220000000000001,15.452000000000002,,,,,,,,,,0.795,0.801,0.698,1.197,,
EQT,EQT Corporation,Energy,49.869998931884766,31.37172022808075,3.2900549544420805,3.5588934894462882,2.0637506193078137,3.5061285805937694,2.659641556344574,9.6,59.42114922517003,-7.553992155186274,0.6018865029777571,61.795166858457996,0.2721422649946593,6.505309373097959,115,32,0,2024-09-30,25.775811885705547,24.0,"the share count moved +41% in one step on 2018-04-02, which no split explains -- the multiples either side of it are measuring different companies",-26.58619324026975,32.322902075436666,,,2.597383966592237,2.605035287417201,agrees,67.5,26.0,12.998548,Oil & Gas E&P,"EQT Corporation engages in the exploration, production, gathering, and transmission of hydrocarbons and natural gas. The company sells natural gas, natural gas liquids, and oil to marketers, utilities, and industrial customers located in the Appalachian Basin. It also provides marketing services and contractual pipeline capacity management services, as well as engages in risk management and hedging activities.",1.35,35.4,0.67,0.59,5.77,5.66,0.2,0.59,83.7,2.71,28.4,-8.565998151876009,,False,11.6,9.4,1.0936773968895919,22.987702977061808,3.76,4.3,59.9,125.3,28.86,9.54,39.4,,,,,,,,,,1.25,bad,0.477,1.9010000000000002,0.28,warn,0.11,1.4260000000000002,0.4,good,0.222,1.59,12.55,good,2.81,26.3,43.6,good,8.180000000000001,85.02000000000001,13.85,warn,6.09,24.81000000000001,23.65,good,11.39,37.81000000000001,4.74,warn,0.6950000000000001,13.038,69.0,76.0,72.0,37.0,100.0,margins compressing,concern,39.0,,0.395,0.513,0.372,0.83,44.0,41.0
L,Loews Corporation,Financials,104.94999694824219,21.611303371582032,1.156055599207341,1.0594508052541405,1.0809128506715409,1.0712089847085378,1.0746406883162505,10.0,6.951786028736362,9.118384116950761,0.6059689278141547,70.9908475925189,0.5791881174245078,1.3347203728362185,144,0,0,,,,,-12.102180110349936,3.504789325065061,,,-3.423558248005776e-06,-0.20191311227802933,agrees,,,36.527584,Insurance - Property & Casualty,"Loews Corporation, through its subsidiaries, provides commercial property and casualty insurance in the United States and internationally.",0.24,,,,9.1,3.0,0.45,,,1.69,,11.40577780567349,1.6954814004270569,False,12.8,8.4,,,1.77,-2.4,-10.8,-22.5,20.03,,,,,,,,,,,,,,,,,,,,0.64,good,0.08400000000000002,1.8500000000000019,,,,,,,,,16.549999999999997,bad,6.63,33.89,14.5,good,8.940000000000001,29.16,2.895,warn,0.5220000000000001,15.452000000000002,,,,,,,,,,0.825,1.045,1.374,0.796,,
ORLY,O'Reilly Automotive,Consumer Discretionary,86.51000213623047,72.2930348951645,3.8924643188788113,3.9650633565489186,3.405359529659187,4.060942049184575,3.5018162272672586,10.0,14.304063491010432,-1.8309679100133147,0.6077976989352216,72.2642260246717,1.8446497888932485,5.4241671111235705,144,0,0,,,,,-19.756977890519924,8.47179246373968,,,-2.3260118386936313e-06,3.8286415183591105,agrees,107.34615,26.0,23.577785,Auto Parts,"O'Reilly Automotive, Inc., together with its subsidiaries, operates as a retailer and supplier of automotive aftermarket parts, tools, supplies, equipment, and accessories in the United States, Puerto Rico, Mexico, and Canada.",,24.1,0.75,0.69,7.31,7.05,,0.38,51.6,2.65,14.3,5.480566422572308,5.7168322939473715,False,27.3,,6.8594156383356975,8.08209574476233,2.16,-3.0,-10.0,-21.1,0.22,18.57,11.6,,True,,,,,,,,1.11,bad,0.536,2.038,0.16,warn,-0.15,1.18,,,,,11.0,good,1.2,21.85,42.5,good,11.48,74.61999999999999,,,,,19.299999999999997,warn,12.57,41.30000000000001,1.6549999999999998,good,0.665,7.38,70.0,53.0,81.0,75.0,78.0,sales +7%/yr; buying back stock,strength,40.0,,0.496,0.829,1.133,2.319,42.0,34.0
MMM,3M,Industrials,169.47999572753906,89.41764574584961,3.5511376388343767,2.8596445679941733,3.1675310993446675,2.7983857870051523,3.1770965980039887,10.0,12.11058478854632,24.181084550841025,0.6230836259411067,70.55312375646638,1.7547662987350718,5.11235600675442,144,0,0,,,,,-7.781044875645304,2.3494024876026254,,,-1.0166798958266554e-06,2.9041908963248986,agrees,187.70557,18.0,17.195261,Conglomerates,"3M Company provides diversified technology services in the America, the Asia Pacific, Europe, the Middle East, Africa, and internationally. It operates through three segments: Safety and Industrial, Transportation and Electronics, and Consumer.",1.85,10.8,1.24,1.05,12.55,8.79,4.18,0.35,39.4,3.0,11.9,,-12.867946026128452,True,29.8,99.8,3.147599781609123,-6.231631453311881,3.98,-3.1,-20.4,-25.1,3.0,25.18,15.8,,,,,,,,,,1.24,good,0.808,2.3180000000000023,0.29,warn,0.0,0.84,0.72,bad,0.262,2.2539999999999987,12.0,warn,4.069999999999999,20.65,37.95,good,15.22,61.14000000000001,23.299999999999997,good,9.15,53.05,27.0,warn,15.52,48.68000000000001,1.7,good,0.634,5.627999999999998,65.0,65.0,76.0,37.0,92.0,16% FCF margin; buying back stock,strength,38.0,,0.482,0.76,0.42,0.37,41.0,35.0
CRL,Charles River Laboratories,Health Care,294.5899963378906,14.283490562438965,3.571777193183915,2.6098609683317573,2.7871475306053344,2.864960344732568,3.1112702375345993,10.0,28.151709012983915,36.85699110121647,0.6249699635880454,81.93394349383207,1.2524939573909954,7.186998050688216,144,0,0,,,,,-1.3363264994672663,-0.7354388542960777,,,-2.000506649224576e-07,0.1947997966168069,agrees,301.2857,14.0,23.314123,Diagnostics & Research,"Charles River Laboratories International, Inc. provides drug discovery, non-clinical development, and safety testing services in the United States, Europe, Canada, the Asia Pacific, and internationally. The Research Models and Services segment produces and sells rodents, and purpose-bred rats and mice for use by researchers.",,2.3,1.35,1.45,2.63,2.38,0.92,0.6,26.8,-0.14,-3.6,,,False,,-4.9,-0.7036692486603546,4.083376641732173,0.37,-3.2,-5.8,-6.0,2.85,4.0,9.3,,,"trailing profit of $-0.24B against $-0.14B in the year to 2025-12-27, only 182 days earlier",2025-12-27,True,True,,,,1.54,warn,0.87,3.2350000000000008,0.43,warn,-0.10799999999999998,0.8800000000000001,0.685,bad,0.109,2.5710000000000015,13.8,bad,0.76,27.66,60.3,bad,12.2,77.8,13.6,bad,3.35,71.78,,,,,2.2199999999999998,bad,0.557,12.114000000000004,48.0,50.0,33.0,48.0,72.0,net debt 6x FCF,concern,32.0,,0.546,0.703,-0.224,-1.628,34.0,31.0
GRMN,Garmin,Consumer Discretionary,294.04998779296875,56.917785887145996,7.625734167866462,5.536579581960573,4.699823985441562,5.312244578756425,4.160815706703264,10.0,62.25573960829942,37.73366850379658,0.6383273169820541,99.24393155590927,0.0030490022380746987,8.121322942174135,144,0,0,,,,"share count jumps +101371% in one day on 2015-06-29 with no split or corporate action to explain it; the share count moved -100% in one step on 2015-06-29, which no split explains -- the multiples either side of it are measuring different companies",-6.102315815248205,15.713186549635338,,,-2.7052141822846876,1.6904854328229968,agrees,302.0,6.0,26.066206,Scientific & Technical Instruments,"Garmin Ltd. designs, develops, manufactures, markets, and distributes a diverse range of GPS-enabled products and navigation, communications, sensor-based, and information products and services worldwide.",1.45,2.7,4.36,3.13,,,,,59.1,1.74,23.3,19.554359025864688,10.552105638716291,False,32.7,18.8,14.161949332161061,11.129354784387612,1.45,0.0,1.0,0.2,9.27,7.46,19.4,,,,,,,,,,1.11,good,0.536,2.038,,,,,,,,,11.0,good,1.2,21.85,42.5,good,11.48,74.61999999999999,37.7,warn,2.9200000000000004,173.7700000000001,19.299999999999997,bad,12.57,41.30000000000001,1.6549999999999998,warn,0.665,7.38,92.0,100.0,83.0,97.0,87.0,19% FCF margin; sales +14%/yr; 23% net margin,strength,45.0,,0.729,0.734,0.679,0.713,42.0,42.0
CB,Chubb Limited,Financials,331.3699951171875,130.75843571372462,2.1498542585532308,2.080641002480584,2.0649257639228384,2.069523876530349,2.032915374318477,10.0,4.112907888225936,3.326535235541783,0.6448509665030985,74.81098288897732,1.2645457571696015,2.471129342156718,144,0,0,2016-03-31,36.84955211844634,126.0,"the share count moved +37% in one step on 2016-03-31, which no split explains -- the multiples either side of it are measuring different companies",-8.839065992520634,8.201095851419616,,,-1.7351678571863483,2.0622019204519004,agrees,365.91302,23.0,11.410433,Insurance - Property & Casualty,"Chubb Limited provides insurance and reinsurance products worldwide. It operates in six segments: North America Commercial Property and Casualty (P&C) Insurance, North America Personal P&C Insurance, North America Agricultural Insurance, Overseas General Insurance, Global Reinsurance, and Life Insurance.",1.23,10.4,,,17.47,12.0,0.22,,,11.3,,29.63970307158852,15.152662825884722,False,11.6,14.1,,,15.2,-2.4,-5.3,-12.4,79.91,,,,,,,,,,,,,,,,,,,,0.64,good,0.08400000000000002,1.8500000000000019,,,,,,,,,16.549999999999997,warn,6.63,33.89,14.5,good,8.940000000000001,29.16,2.895,good,0.5220000000000001,15.452000000000002,,,,,,,,,,0.692,0.766,0.789,-0.241,,
IRM,Iron Mountain,Real Estate,111.05000305175781,33.298232365066525,4.403088932845697,4.224322679996039,3.3986877178554256,4.267139099266052,3.7610862655804294,10.0,29.55261849194104,4.231832328912555,0.6497579452244183,67.18960107575079,1.9954361752548755,7.4448826588975,144,13,0,,,,,-16.541407596754986,17.372919367870885,,,1.1636408503434836e-06,0.3144231707478573,agrees,144.90909,11.0,40.846977,REIT - Specialty,"Iron Mountain Incorporated is trusted by more than 240,000 customers in 61 countries, including approximately 95% of the Fortune 1000, to help unlock value and intelligence from their assets through services that transcend the physical and digital worlds. Our broad range of solutions address their information management, digital transformation, information security, data center and asset lifecycle management needs.",3.1,30.5,0.73,0.81,17.57,17.37,,,,0.15,,4.086539990229299,-6.515734617933311,False,222.0,,,,-0.49,1.5,2.2,3.0,0.02,,,,True,"trailing profit of $0.43B against $0.15B in the year to 2025-12-31, only 181 days earlier",2025-12-31,,,,,,0.9299999999999999,warn,0.296,1.937,,,,,,,,,,,,,,,,,,,,,30.25,bad,16.78,128.50000000000003,1.2,bad,-0.10599999999999986,3.3679999999999994,,,,,,,,,,1.043,1.056,1.412,1.038,,
COF,Capital One,Financials,196.4600067138672,122.25706217803955,1.9711568640349475,1.6282521670106367,1.6017798517705188,1.7692916710200797,1.7015829027853544,10.0,23.060410696022913,21.0596800650271,0.6725173367792515,77.5567051333068,0.6764855733920889,3.370196154206483,144,0,0,2025-06-30,31.666666666666664,15.0,"the share count moved +32% in one step on 2025-06-30, which no split explains -- the multiples either side of it are measuring different companies",-23.834997784807634,45.266535506839055,,,28.919148774158508,1.436893862243216,revenue differs from Yahoo by +29%,258.33334,21.0,8.154246,Credit Services,"Capital One Financial Corporation operates as the financial services holding company for the Capital One, National Association, which engages in the provision of various financial products and services in the United States, Canada, and the United Kingdom. It operates through three segments: Credit Card, Consumer Banking, and Commercial Banking.",1.63,31.5,,,45.37,-10.51,0.4,,,2.45,,25.533747519946836,-2.3251447258347935,False,49.9,2.2,,,29.7,23.1,62.1,36.4,113.79,,,,,"trailing profit of $10.52B against $2.45B in the year to 2025-12-31, only 181 days earlier",2025-12-31,,,,,,,,,,,,,,0.64,good,0.08400000000000002,1.8500000000000019,,,,,,,,,16.549999999999997,bad,6.63,33.89,14.5,bad,8.940000000000001,29.16,2.895,good,0.5220000000000001,15.452000000000002,,,,,,,,,,0.806,1.002,0.938,1.781,,
LIN,Linde plc,Materials,472.0400085449219,219.6397439359436,6.195936244631544,6.1695916951711816,5.570260903574164,5.99528442478427,5.505668918846669,9.6,11.232424331433277,0.4270063686869552,0.6774807140954259,68.04586241276172,2.8969640073685703,7.339519415957294,115,19,0,2018-12-31,58.19191596944218,93.0,"the share count moved +58% in one step on 2018-12-31, which no split explains -- the multiples either side of it are measuring different companies",-13.6470056079098,6.629568356143789,,,1.805410487776271e-07,0.6532908966759843,agrees,542.6,25.0,24.202702,Specialty Chemicals,"Linde plc operates as an industrial gas company worldwide. The company offers atmospheric gases, including oxygen, nitrogen, argon, and rare gases; and process gases, such as hydrogen, helium, carbon dioxide, carbon monoxide, electronic gases, specialty gases, and acetylene.",1.35,14.9,0.88,0.83,28.01,23.11,0.69,0.65,,7.24,20.4,8.366876309027083,17.095308307504343,False,30.3,17.8,2.3183855054764058,4.131347999791468,4.97,-2.0,-5.9,-11.4,40.62,35.45,14.0,,,,,,,,,,1.64,bad,1.072,2.87,0.39,bad,0.116,0.574,0.59,warn,0.20800000000000002,1.298,7.3,good,-6.159999999999999,19.96,,,,,13.1,good,-4.5,27.26,22.6,warn,13.94,34.28,1.12,good,-0.08599999999999988,2.950000000000001,75.0,61.0,86.0,76.0,77.0,20% net margin,strength,39.0,,0.643,0.963,1.345,1.212,40.0,32.0
EBAY,eBay Inc.,Consumer Discretionary,107.31999969482422,49.045239860534664,4.084380401443593,3.0573591756624143,3.644820795221206,3.184212076440985,3.5771070069732467,10.0,12.05984137268703,33.59177534509541,0.6780492733122543,66.21567847194588,2.052377263581489,5.44114917347142,144,0,0,,,,,-9.784801870524362,14.689589302769823,,,4.263824293637697e-06,4.756219685367857,agrees,116.11111,27.0,15.673602,Internet Retail,"eBay Inc., together with its subsidiaries, operates marketplace platforms that connect buyers and sellers in the United States, the United Kingdom, China, Germany, and internationally. Its marketplace platform includes its online marketplace at ebay.com, off-platform businesses, and the eBay suite of mobile apps. The company's platforms enable users to list, sell, buy, and pay various products.",1.18,8.2,1.02,2.16,6.74,3.01,1.44,0.25,72.5,2.22,18.5,18.328243242154407,-29.641306460327186,False,22.1,47.6,6.501369012311575,3.6411489073419068,2.43,-3.4,-15.2,-33.7,4.67,12.01,20.2,,,,,,,,,,1.11,warn,0.536,2.038,0.16,warn,-0.15,1.18,0.82,warn,0.11600000000000002,7.960000000000002,11.0,good,1.2,21.85,42.5,good,11.48,74.61999999999999,37.7,good,2.9200000000000004,173.7700000000001,19.299999999999997,warn,12.57,41.30000000000001,1.6549999999999998,good,0.665,7.38,88.0,76.0,92.0,92.0,95.0,20% FCF margin; sales +7%/yr; 18% net margin,strength,43.0,,0.762,0.659,1.033,0.758,40.0,43.0
UNP,Union Pacific Corporation,Industrials,274.1000061035156,162.81540362548827,6.407532610212054,5.876853573503777,5.67450037353698,5.985734105323835,5.789411805670824,10.0,12.918004906538872,9.029985689976726,0.6896642615776729,77.95463589335455,3.6931306741404333,8.316943037974683,144,0,0,,,,,-11.757128934545225,4.169228877136888,,,-3.5261706776701374e-06,-0.030948015012322028,agrees,329.33334,24.0,19.33373,Railroads,"Union Pacific Corporation, through its subsidiary, Union Pacific Railroad Company, operates in the railroad business in the United States.",2.07,20.2,0.99,0.72,29.04,27.42,1.4,1.08,,7.33,28.8,2.8767285993927194,4.5005095419133,False,22.2,35.5,0.8605337013162684,4.653306162628934,6.5,-0.7,-2.7,-10.6,20.67,25.41,25.6,,,,,,,,,,1.24,bad,0.808,2.3180000000000023,0.29,bad,0.0,0.84,0.72,bad,0.262,2.2539999999999987,12.0,good,4.069999999999999,20.65,,,,,23.299999999999997,good,9.15,53.05,27.0,good,15.52,48.68000000000001,1.7,good,0.634,5.627999999999998,75.0,56.0,95.0,63.0,91.0,26% FCF margin; 29% net margin,strength,39.0,,0.744,1.31,0.904,0.363,38.0,19.0
ODFL,Old Dominion,Industrials,176.85000610351562,36.964127175720215,6.597783309457751,6.764019223946093,5.669488559006543,6.72829843201043,5.353864023559943,10.0,16.373518365717832,-2.4576499413223263,0.7009283086811575,67.32988460007958,1.8910796026294383,9.542018213318471,144,0,0,,,,,-28.89880348027354,-0.6404933687698899,,,4.426589939043879e-06,0.15735506239513697,agrees,230.90909,22.0,26.607813,Trucking,"Old Dominion Freight Line, Inc. operates as a less-than-truckload motor carrier in the United States and North America. The company offers regional, inter-regional, and national less-than-truckload services, as well as expedited transportation services.",0.65,30.6,1.89,1.73,0.04,-0.27,0.01,-0.05,,1.09,19.4,-5.2036413626898925,4.8254143982876085,False,33.9,24.0,-1.9891684418974709,4.124663860548483,1.11,-1.8,-5.4,-10.6,4.55,5.6,19.8,,,,,,,,,,1.24,good,0.808,2.3180000000000023,0.29,good,0.0,0.84,0.72,good,0.262,2.2539999999999987,12.0,good,4.069999999999999,20.65,,,,,23.299999999999997,good,9.15,53.05,27.0,warn,15.52,48.68000000000001,1.7,warn,0.634,5.627999999999998,79.0,96.0,88.0,39.0,92.0,net cash; 20% FCF margin; 19% net margin,strength,40.0,,0.848,1.096,1.321,0.403,36.0,28.0
ITW,Illinois Tool Works,Industrials,273.8299865722656,78.89041913146973,4.790237363013524,4.665673619785161,4.462214043583535,4.6672434327091095,4.308677260124047,10.0,7.351133679964805,2.6697911894252746,0.701161525342539,72.14484679665738,2.721471957886212,5.966123906473676,144,0,0,,,,,-8.601473106720425,4.300189993666881,,,-1.1658266907410564e-06,3.719197332026347,agrees,302.5,14.0,21.5378,Specialty Industrial Machinery,"Illinois Tool Works Inc. provides industrial products and equipment in North America, Europe, the Middle East, Africa, the Asia Pacific, and South America. It operates through seven segments: Automotive OEM; Food Equipment; Test & Measurement and Electronics; Welding; Polymers & Fluids; Construction Products; and Specialty Products.",2.58,10.5,1.11,1.58,9.69,8.86,3.35,0.54,53.0,3.19,19.4,0.9787695315657929,3.649416385979376,False,24.7,110.2,0.8102325065003191,3.299295838618632,2.92,-1.9,-5.6,-9.2,2.9,16.47,17.7,,,,,,,,,,1.24,warn,0.808,2.3180000000000023,0.29,bad,0.0,0.84,0.72,bad,0.262,2.2539999999999987,12.0,good,4.069999999999999,20.65,37.95,good,15.22,61.14000000000001,23.299999999999997,good,9.15,53.05,27.0,good,15.52,48.68000000000001,1.7,good,0.634,5.627999999999998,70.0,59.0,83.0,58.0,88.0,18% FCF margin; 19% net margin,strength,37.0,,0.733,0.923,0.841,0.885,37.0,32.0
IVZ,Invesco,Financials,30.43000030517578,13.827392138671875,2.003244062103857,1.343911890679176,1.4787311115711033,1.4264343888670292,1.6573120817811924,10.0,35.47047508694641,49.06066952733581,0.7042978152935779,77.39753282928771,0.4728963194241506,3.170731732496438,144,0,0,,,,,-8.646051320396941,12.179226731241165,,,2.3180007691081528e-06,2.9557413817582923,agrees,34.03846,13.0,9.327741,Asset Management,"Invesco Ltd. is a publicly owned investment manager. The firm provides its services to retail clients, institutional clients, high-net worth clients, public entities, corporations, unions, non-profit organizations, endowments, foundations, pension funds, financial institutions, and sovereign wealth funds.",2.83,11.9,1.46,1.46,1.96,0.04,0.15,,,-0.08,,,,False,,-0.6,,,1.92,-0.2,-1.0,-2.5,13.11,,,,,,,,True,,,,1.0550000000000002,good,0.7220000000000001,1.537,,,,,0.64,good,0.08400000000000002,1.8500000000000019,,,,,,,,,16.549999999999997,bad,6.63,33.89,,,,,2.895,warn,0.5220000000000001,15.452000000000002,,,,,,,,,,0.45,0.564,0.135,-0.06,,
DLR,Digital Realty,Real Estate,177.17999267578125,62.58954113269043,9.871812359538243,9.063132667910958,8.668039018100536,8.94420616646818,8.904515754241627,10.0,13.887493341042823,8.922739203526241,0.7122809842389345,70.59291683247115,5.345877130098802,13.553781926829895,144,0,0,2020-06-30,20.61265544903481,75.0,,-13.108728029139694,12.585825847710597,,,-6.168503912456269,-6.134888807446859,agrees,223.4375,32.0,63.92284,REIT - Specialty,"Digital Realty Trust, Inc. brings companies and data together by delivering the full spectrum of data center, colocation, and interconnection solutions.",2.76,26.1,,,3.27,0.83,0.14,,,1.38,,54.55222840537621,21.601116313379908,False,45.4,5.8,,,2.55,2.2,15.1,25.1,23.8,,,,,,,,,,,,,,,,,,,,0.825,good,0.135,2.58,,,,,,,,,7.3,warn,2.22,18.460000000000015,30.25,warn,16.78,128.50000000000003,1.2,good,-0.10599999999999986,3.3679999999999994,,,,,,,,,,1.093,1.071,0.913,1.044,,
FDX,FedEx,Industrials,289.6499938964844,69.22634854125977,0.7308524972683674,0.5763306066291433,0.6107900748710554,0.5822967289932337,0.6320632465071889,10.0,19.656904612056536,26.811328231029698,0.7206478822219402,67.60843613211301,0.27611692610096983,0.9645451191144622,144,0,0,,,,,-14.645647886699765,7.726952209812787,,,0.0,1.7501104397183997,agrees,355.14203,26.0,13.77948,Integrated Freight & Logistics,"FedEx Corporation, together with its subsidiaries, provides transportation, e-commerce, and business services in the United States and internationally. The company operates through two segments, Express U.S. Domestic and Express International.",1.7,22.6,1.48,1.37,24.2,10.89,0.76,0.11,82.4,4.43,4.7,3.7271720834952227,-3.2567587305016854,False,15.6,14.0,1.65973957325114,2.4415923603221756,5.12,0.4,-5.9,-11.8,31.65,94.72,5.4,,,,,,,,,,1.24,good,0.808,2.3180000000000023,0.29,good,0.0,0.84,0.72,warn,0.262,2.2539999999999987,12.0,bad,4.069999999999999,20.65,37.95,good,15.22,61.14000000000001,23.299999999999997,warn,9.15,53.05,27.0,good,15.52,48.68000000000001,1.7,good,0.634,5.627999999999998,69.0,82.0,57.0,66.0,75.0,,,37.0,,0.656,1.126,1.02,-0.9,38.0,25.0
SRE,Sempra,Utilities,76.88999938964844,50.40047191992188,4.143072085484741,3.956911248142645,3.725805508409497,3.9761959265694347,3.6896138424344427,10.0,11.199365509912784,4.704700855483668,0.7276155797372091,74.17429367290092,2.4949314923197545,5.265334836527622,144,0,0,,,,,-22.91729384496397,3.0757498729028887,,,-10.234651711924435,-1.4112501556399093,agrees,99.91667,18.0,14.111022,Utilities - Diversified,"Sempra engages in the regulated utilities business in the United States and Mexico. It operates through three segments: Sempra California, Sempra Texas Utilities, and Sempra Infrastructure. It also invests in and operates electric and gas utilities and other energy infrastructure that provides energy services to customers.",3.36,29.9,1.69,0.61,34.55,33.76,0.88,2.78,,1.96,16.1,-8.029553760968543,-12.686473716367285,False,25.7,5.0,-8.578771734252532,2.8348017225974464,-5.84,0.3,3.7,6.2,39.47,12.16,-48.0,,,,,,,,,,0.765,good,0.52,1.163,2.3,bad,1.546,2.748,1.56,good,1.2600000000000002,2.194,14.2,good,6.9,18.880000000000006,,,,,9.4,bad,8.06,12.780000000000008,19.4,bad,14.590000000000002,24.3,-1.06,bad,-3.549,2.2850000000000006,36.0,32.0,65.0,26.0,4.0,net debt 20x FCF; burning cash; sales -9%/yr,concern,26.0,,1.168,1.351,1.815,1.635,17.0,12.0
JBHT,J.B. Hunt,Industrials,226.07000732421875,21.49315380633545,1.6921997657198706,1.4256305321068832,1.4810241032163578,1.4956713997096855,1.522031137089549,10.0,14.258759330445736,18.698339268803068,0.7279100594399123,71.66732988460008,0.890774984269399,2.3380812596138436,144,0,0,,,,,-24.24181249816738,5.281939162930782,,,3.7791376694684686e-07,-0.18420070589468818,agrees,298.0,23.0,22.885935,Integrated Freight & Logistics,"J.B. Hunt Transport Services, Inc. provides surface transportation, delivery, and logistic services in the United States.",0.79,31.8,1.26,1.11,1.85,1.84,0.5,0.14,,0.67,5.3,-7.7060859567096855,2.4280419289939514,False,32.1,18.3,-2.8443266619955554,3.4183456794633305,1.1,-4.2,-9.1,-11.0,3.66,12.7,8.7,,,,,,,,,,1.24,good,0.808,2.3180000000000023,0.29,good,0.0,0.84,0.72,good,0.262,2.2539999999999987,12.0,bad,4.069999999999999,20.65,,,,,23.299999999999997,warn,9.15,53.05,27.0,warn,15.52,48.68000000000001,1.7,warn,0.634,5.627999999999998,66.0,82.0,68.0,32.0,83.0,margins compressing,concern,36.0,,1.056,1.713,2.69,-2.021,27.0,0.0
CFG,Citizens Financial Group,Financials,64.80000305175781,27.752161561388764,3.180398987094747,2.605803114905185,2.7216028101907863,2.543191447699496,2.69515192130178,10.0,16.85757286794538,22.050624964828547,0.7394315286180289,73.65698368483883,1.0649505314004004,4.316399088107769,144,10,0,,,,,-13.287832126645515,11.031937905585941,,,6.923172018512802,3.133437424747676,agrees,80.64706,17.0,9.784867,Banks - Regional,"Citizens Financial Group, Inc. operates as the bank holding company that provides retail and commercial banking products and services to individuals, small businesses, middle-market companies, large corporations, and institutions in the United States. The company operates through two segments, Consumer Banking and Commercial Banking.",2.88,24.5,,,16.35,3.59,0.62,,,2.13,,-2.275049202825885,0.9384886993954566,False,13.0,8.1,,,2.38,-2.5,-11.6,0.1,26.18,,,,,,,,,,,,,,,,,,,,0.64,good,0.08400000000000002,1.8500000000000019,,,,,,,,,16.549999999999997,bad,6.63,33.89,14.5,good,8.940000000000001,29.16,2.895,warn,0.5220000000000001,15.452000000000002,,,,,,,,,,0.918,1.054,1.189,0.51,,
CDNS,Cadence Design Systems,Information Technology,326.70001220703125,89.42596084136963,16.175116768232762,16.76008401655171,13.71496783419682,16.683209286491902,12.548930113382884,10.0,17.937693793942564,-3.490240548563195,0.7467624196711813,69.78503184713377,4.089816607034407,21.904188429928002,144,0,0,,,,,-21.539899563622743,13.418450651724779,,,-5.293418150397566,0.17005373983862704,agrees,405.47116,26.0,33.917442,Software - Application,"Cadence Design Systems, Inc. develops computational, AI-driven software, hardware, and silicon intellectual property products and solutions.",,24.1,1.47,1.44,0.3,-1.26,0.05,-0.23,,1.17,21.2,11.03113898783754,13.951128573549099,False,76.4,17.8,14.510361559912432,14.795101957757106,1.43,0.2,0.2,-2.0,6.56,5.53,25.9,,,,,,,True,,,1.53,warn,0.79,3.3979999999999997,0.09,good,-0.29799999999999993,0.782,0.44999999999999996,good,0.055,1.72,17.75,good,3.92,38.12,,,,,20.5,warn,4.800000000000001,76.72,40.349999999999994,bad,13.68,156.26,2.6950000000000003,warn,0.716,12.751,89.0,96.0,80.0,86.0,99.0,net cash; 26% FCF margin; sales +15%/yr,strength,41.0,,0.729,0.973,1.139,1.159,41.0,34.0
EQIX,Equinix,Real Estate,1011.0700073242188,100.23343624609375,10.222686001641382,9.259900332144502,9.096293101216439,9.471683011421868,9.189056103529548,10.0,12.382988189708954,10.397365359913202,0.7503279153322464,75.24870672502985,5.48542596303916,13.048259716845697,144,0,0,,,,,-9.397449869458141,9.63882366096389,,,-0.9995961227786787,0.05493491238182102,agrees,1233.4839,31.0,54.525776,REIT - Specialty,"Equinix, Inc. shortens the path to boundless connectivity anywhere in the world. Its digital infrastructure, data center footprint and interconnected ecosystems empower innovations that enhance our work, life and planet.",2.03,22.0,1.13,2.05,21.17,18.91,1.47,,,1.53,,23.83060781205113,34.96590550228309,False,65.5,10.6,,,-0.88,1.1,5.6,10.0,14.38,,,,,,,,,,,,0.9299999999999999,good,0.296,1.937,,,,,0.825,bad,0.135,2.58,,,,,,,,,7.3,good,2.22,18.460000000000015,30.25,bad,16.78,128.50000000000003,1.2,bad,-0.10599999999999986,3.3679999999999994,,,,,,,,,,1.057,0.999,1.172,0.058,,
HAS,Hasbro,Consumer Discretionary,89.44999694824219,12.809239562988282,2.5756534149015287,1.9269266324901253,2.240724088628854,1.97273899852573,2.1896387061953857,9.6,14.947370270724614,33.6663976444743,0.7740764007737443,78.21869488536154,1.10362587846984,3.4796007432849234,144,14,0,,,,,-15.565417266148584,16.994448103886327,,,2.573795621074737e-06,2.897155520598216,agrees,109.5,14.0,13.549882,Leisure,"Hasbro, Inc. operates as a toy and game company in the United States, Europe, Canada, Mexico, Latin America, Australia, China, and Hong Kong.",3.17,22.4,1.66,1.6,3.54,2.66,4.84,0.53,72.4,-0.32,-6.5,79.1286677803673,13.61408656336689,False,,-43.8,-4.095908933516479,-3.4779881859167694,1.21,2.1,3.2,3.4,0.73,4.97,24.3,,,"trailing profit of $0.79B against $-0.32B in the year to 2025-12-28, only 182 days earlier",2025-12-28,True,True,,,,1.11,good,0.536,2.038,0.16,warn,-0.15,1.18,0.82,bad,0.11600000000000002,7.960000000000002,11.0,bad,1.2,21.85,42.5,good,11.48,74.61999999999999,37.7,bad,2.9200000000000004,173.7700000000001,,,,,1.6549999999999998,warn,0.665,7.38,54.0,55.0,21.0,72.0,86.0,sales -4%/yr,concern,31.0,,0.033,0.222,-0.041,0.0,46.0,42.0
HLT,Hilton Worldwide,Consumer Discretionary,320.2799987792969,73.66439971923828,5.900232256246558,5.359294440509915,4.512754716981132,5.5483717085602455,4.65037839084651,10.0,30.745689191669555,10.093452071746501,0.783144970356714,80.77994428969359,1.6111925320886815,11.161585403250537,144,5,0,,,,,-8.54891246093974,8.735411949137784,,,144.61206896551727,1.194316947895846,revenue differs from Yahoo by +145%,353.0,26.0,30.936275,Lodging,"Hilton Worldwide Holdings Inc., a hospitality company, engages in managing, franchising, and leasing hotels and resorts. It operates in two segments, Management and Franchise, and Ownership. The company engages in the hotel management and licensing of its brand names, trademarks, and service marks.",0.19,10.2,0.65,0.7,12.73,11.67,,0.93,,1.58,12.7,7.026377469496725,,False,46.6,,8.533544284358241,25.405450891116743,2.03,-4.6,-13.9,-18.1,0.11,12.48,16.3,,True,,,,,,,,1.11,bad,0.536,2.038,0.16,bad,-0.15,1.18,,,,,11.0,good,1.2,21.85,,,,,,,,,19.299999999999997,bad,12.57,41.30000000000001,1.6549999999999998,good,0.665,7.38,67.0,32.0,80.0,79.0,93.0,16% FCF margin; sales +9%/yr; buying back stock,strength,35.0,,0.843,0.933,1.014,0.787,33.0,31.0
XEL,Xcel Energy,Utilities,69.38999938964844,43.50752961730957,2.976705638841651,2.7669112838770618,2.683977095262884,2.741611052591279,2.632975370248292,10.0,10.906521672462176,7.582258100831507,0.7915696518160744,73.29884600079586,1.7907670643332916,3.532212148067353,144,0,0,,,,,-17.30425528584383,4.721645052661749,,,-3.5030102818467412e-06,-1.467251053944274,agrees,91.41176,17.0,15.569388,Utilities - Regulated Electric,"Xcel Energy Inc., through its subsidiaries, operates as an electric and natural gas delivery company in the United States. It operates through Regulated Electric Utility and Regulated Natural Gas Utility segments.",3.35,31.7,0.7,0.87,39.46,37.45,1.64,2.56,,2.23,15.3,8.793978402578805,7.38277666190339,False,19.5,9.3,-1.377108897026813,2.789107086956455,-7.69,6.6,13.6,16.3,24.06,14.62,-52.6,,,,,,,,,,0.765,warn,0.52,1.163,2.3,bad,1.546,2.748,1.56,warn,1.2600000000000002,2.194,14.2,good,6.9,18.880000000000006,,,,,9.4,warn,8.06,12.780000000000008,19.4,warn,14.590000000000002,24.3,-1.06,bad,-3.549,2.2850000000000006,42.0,20.0,60.0,71.0,4.0,net debt 20x FCF; burning cash; diluting +7%/yr,concern,27.0,,1.05,1.313,1.473,1.391,22.0,14.0
TMO,Thermo Fisher Scientific,Health Care,678.5999755859375,252.43919091796874,5.448014306758648,4.8921049652455455,4.760711824404059,4.901468136011335,4.784374962174775,10.0,14.436968833765196,11.363397667515107,0.8030627380901693,79.98408276959809,3.0888361690053077,7.43792669917708,144,0,0,,,,,0.0,7.2294732944552464,,,0.0,0.4597362503137248,agrees,653.1111,27.0,24.669806,Diagnostics & Research,"Thermo Fisher Scientific Inc. provides life sciences solutions, analytical instruments, specialty diagnostics, and laboratory products and biopharma services internationally. It operates through four segments: Life Sciences Solutions, Analytical Instruments, Specialty Diagnostics, and Laboratory Products and Biopharma Services.",0.28,-3.8,1.55,1.63,45.65,41.55,0.87,0.9,24.4,6.97,15.0,4.549724165603508,-2.4347582387143185,False,36.2,13.2,1.7479725069853957,5.001551406008131,7.32,-1.6,-4.1,-6.3,52.69,46.34,15.8,,,,,,,,,,1.54,good,0.87,3.2350000000000008,0.43,bad,-0.10799999999999998,0.8800000000000001,0.685,warn,0.109,2.5710000000000015,13.8,good,0.76,27.66,60.3,bad,12.2,77.8,13.6,warn,3.35,71.78,26.0,warn,15.0,54.30000000000002,2.2199999999999998,good,0.557,12.114000000000004,70.0,57.0,75.0,68.0,89.0,16% FCF margin,strength,35.0,,0.821,0.56,-0.312,-0.385,34.0,41.0
LLY,Lilly (Eli),Health Care,1184.780029296875,1060.1411702148437,13.30735610782599,14.173818694612768,8.182734892154924,14.287243261484232,9.784469464353199,10.0,62.62724239770032,-6.113120292106644,0.8259945059326036,70.75208913649024,3.35941330888987,23.9175646220639,144,0,0,,,,,-7.4636401817583575,49.58129299726619,,,-0.0002560289079966971,0.3557045482729393,agrees,1328.8337,29.0,25.021576,Drug Manufacturers - General,"Eli Lilly and Company discovers, develops, manufactures, and markets human pharmaceutical products in the United States, Europe, China, Japan, and internationally.",0.58,12.2,1.35,1.05,54.91,45.84,1.62,0.58,83.4,26.71,33.5,60.1778116711432,34.49574494875749,False,39.7,78.8,39.22197962356901,24.416965512197564,28.08,-0.6,-0.9,-1.8,33.88,79.67,35.2,,,,,,,,,,1.54,warn,0.87,3.2350000000000008,0.43,warn,-0.10799999999999998,0.8800000000000001,0.685,bad,0.109,2.5710000000000015,13.8,good,0.76,27.66,60.3,good,12.2,77.8,13.6,good,3.35,71.78,26.0,warn,15.0,54.30000000000002,2.2199999999999998,good,0.557,12.114000000000004,91.0,76.0,95.0,100.0,96.0,35% FCF margin; sales +39%/yr; 34% net margin,strength,39.0,,0.978,0.992,1.197,0.863,34.0,34.0
TDY,Teledyne Technologies,Information Technology,610.8300170898438,28.64792780151367,4.494215581311758,3.876888801473349,3.689241313471549,4.03582709706889,3.7190467912035032,10.0,21.819507032537654,15.923252160438661,0.8387958418890176,78.07401512136887,1.644371033799901,6.399334470440575,144,0,0,,,,,-11.64038520326287,7.868819169458829,,,0.0,2.0496755838396385,agrees,758.0833,12.0,22.61731,Scientific & Technical Instruments,"Teledyne Technologies Incorporated provides enabling technologies for industrial growth markets in the United States, Europe, Asia, and internationally.",,24.1,2.18,1.68,2.03,1.69,0.19,0.26,13.7,0.97,15.3,8.221791502489829,18.31279737595295,False,29.5,8.9,4.5382007563216975,14.721120640511565,1.14,-1.1,-2.1,7.6,10.92,6.37,17.9,,,,,,,,True,,1.53,good,0.79,3.3979999999999997,0.09,warn,-0.29799999999999993,0.782,0.44999999999999996,good,0.055,1.72,17.75,warn,3.92,38.12,55.5,bad,27.770000000000003,80.71000000000001,20.5,bad,4.800000000000001,76.72,40.349999999999994,good,13.68,156.26,2.6950000000000003,warn,0.716,12.751,82.0,89.0,70.0,78.0,94.0,18% FCF margin,strength,37.0,,0.899,0.951,1.181,0.979,35.0,34.0
TJX,TJX Companies,Consumer Discretionary,130.25,145.6195,2.3350303866074436,2.137401921906413,1.8658318599739085,2.2139766628300923,1.9810221797022864,10.0,25.1468814901733,9.246200383536651,0.8423511751144956,74.2140867489057,1.109478796063424,3.09315926007562,144,0,0,,,,,-22.658986996021614,7.661631419939585,,,-1.3341243776388012e-06,-1.0579280646933364,agrees,169.8,20.0,23.17477,Apparel Retail,"The TJX Companies, Inc., together with its subsidiaries, operates as an off-price apparel and home fashions retailer worldwide. It operates through four segments: Marmaxx, HomeGoods, TJX Canada, and TJX International.",1.43,30.4,1.15,1.2,2.87,-3.57,0.27,-0.06,12.2,6.07,9.7,15.030647861582791,19.2797415254641,False,24.0,57.0,6.755189908601467,7.603621998579291,5.88,-1.1,-3.9,-8.4,10.65,62.36,9.4,,,,,,,,,,1.11,good,0.536,2.038,0.16,good,-0.15,1.18,0.82,good,0.11600000000000002,7.960000000000002,11.0,warn,1.2,21.85,42.5,bad,11.48,74.61999999999999,37.7,good,2.9200000000000004,173.7700000000001,19.299999999999997,warn,12.57,41.30000000000001,1.6549999999999998,good,0.665,7.38,85.0,90.0,79.0,91.0,79.0,net cash; sales +7%/yr,strength,37.0,,1.036,1.181,1.776,1.837,31.0,26.0
DOV,Dover Corporation,Industrials,191.47999572753906,25.98862242012024,3.0863279965712795,3.1144919585747495,2.4933346579775426,3.0011847140315098,2.532603726232394,10.0,23.783142655817446,-0.904287517131952,0.8434071682004677,69.67767608436132,1.2367264064374492,4.052787390144431,144,0,0,,,,,-17.92893758195574,7.555250254213175,,,3.8002205826614954e-07,1.7213444009531065,agrees,243.78947,19.0,16.29889,Specialty Industrial Machinery,"Dover Corporation provides equipment and components, consumable supplies, aftermarket parts, software and digital solutions, and support services worldwide. The company's Engineered Products segment provides various equipment, component, software, solution, and services that are used in vehicle aftermarket, aerospace and defense, industrial winch and hoist, and fluid dispensing end-market.",1.11,27.3,1.98,1.58,3.94,2.06,0.51,0.25,39.6,1.13,13.5,3.602567899946729,5.2247314899037445,False,23.0,14.7,2.5285498490229097,2.539864858357932,1.18,-1.7,-3.5,-6.5,7.7,8.42,14.0,,,,,,,,,,1.24,good,0.808,2.3180000000000023,0.29,good,0.0,0.84,0.72,good,0.262,2.2539999999999987,12.0,good,4.069999999999999,20.65,37.95,good,15.22,61.14000000000001,23.299999999999997,warn,9.15,53.05,27.0,good,15.52,48.68000000000001,1.7,warn,0.634,5.627999999999998,78.0,87.0,76.0,66.0,86.0,,,36.0,,0.882,1.061,1.439,0.85,35.0,29.0
ECL,Ecolab,Materials,280.2300109863281,79.27707010803222,4.706965718155394,4.350467275249185,4.0812791566000435,4.209999104660177,4.001380029930506,10.0,15.330648493953692,8.194486255175647,0.8463296572139996,74.61201750895344,2.488519152027973,5.662210629279426,144,0,0,,,,,-9.119503490731928,7.114011154993349,,,-5.69986635667874e-07,1.7743908515767348,agrees,324.9524,21.0,29.52731,Specialty Chemicals,"Ecolab Inc. provides water, hygiene, and infection prevention solutions and services in the United States and internationally. The company operates through four segments: Global Water, Global Institutional & Specialty, Global Pest Elimination, and Global Life Sciences.",1.05,16.0,1.84,1.26,13.18,8.04,1.31,0.48,44.1,2.12,12.6,21.679236582992445,14.963431542071138,False,37.4,21.0,4.486744144145538,6.782871764557052,1.87,-0.9,-1.2,-2.1,10.08,16.84,11.1,,,,,,,,,,1.64,good,1.072,2.87,0.39,warn,0.116,0.574,0.59,bad,0.20800000000000002,1.298,7.3,good,-6.159999999999999,19.96,24.55,good,11.040000000000001,43.940000000000005,13.1,good,-4.5,27.26,22.6,bad,13.94,34.28,1.12,good,-0.08599999999999988,2.950000000000001,77.0,67.0,77.0,89.0,79.0,,,35.0,,0.851,1.078,1.058,1.158,35.0,28.0
LH,Labcorp,Health Care,309.57000732421875,25.508568603515624,1.777848383294928,1.6447404191051538,1.6139294852956987,1.6772416917229194,1.6220390072540563,10.0,10.15650928325389,8.092946622069007,0.8723624545991724,82.33187425387982,0.8901887344480215,2.194766522267139,144,0,0,,,,,-8.772909965162146,6.40917248846764,,,-1.7842207600260451e-06,1.8530158093392535,agrees,344.8125,16.0,15.561781,Diagnostics & Research,Labcorp Holdings Inc. provides laboratory services. It operates in Diagnostics Laboratories and Biopharma Laboratory Services segments.,0.93,11.4,1.8,1.36,5.86,5.72,0.68,0.4,28.9,1.0,7.0,6.4580006997273065,-19.025603856281204,False,25.5,11.6,6.528303436506411,-2.624215050979539,1.16,-2.0,-20.5,-28.1,8.61,14.35,8.1,,,,,,,,,,1.54,good,0.87,3.2350000000000008,0.43,good,-0.10799999999999998,0.8800000000000001,0.685,good,0.109,2.5710000000000015,13.8,warn,0.76,27.66,60.3,bad,12.2,77.8,13.6,warn,3.35,71.78,26.0,good,15.0,54.30000000000002,2.2199999999999998,warn,0.557,12.114000000000004,70.0,65.0,64.0,76.0,81.0,sales +7%/yr,strength,33.0,,1.222,1.609,0.121,0.755,22.0,0.0
MAR,Marriott International,Consumer Discretionary,358.57000732421875,95.27205094604493,3.5411853607658683,2.968937839754195,2.681387423149538,3.1721853807874667,2.8065173758539124,10.0,32.06541248733157,19.274486429094484,0.8766249655727508,83.64504576203741,0.9223150867823765,5.930698025834755,144,0,0,2017-03-31,31.890429489347305,114.0,"the share count moved +32% in one step on 2017-03-31, which no split explains -- the multiples either side of it are measuring different companies",-10.9231362537341,4.7214978007862785,,,264.3060288849811,1.0326278689533064,revenue differs from Yahoo by +264%,380.8,25.0,27.48526,Lodging,"Marriott International, Inc. engages in the operation, franchising, and licensing of hotel, residential, timeshare, and other lodging properties in the United States, Canada, Europe, the Middle East, Africa, Greater China, the Asia-Pacific, and internationally. The company operates properties under the JW Marriott, The Ritz-Carlton, The Luxury Collection, W Hotels, St.",0.81,6.2,0.53,0.48,17.21,16.74,,0.62,,2.59,9.6,-2.4394546394375882,49.45735113695178,False,36.8,,5.476952134131929,22.159495414386974,3.13,-3.8,-13.7,-19.3,0.14,26.9,11.6,,True,,,,,,,,1.11,bad,0.536,2.038,0.16,bad,-0.15,1.18,,,,,11.0,warn,1.2,21.85,,,,,,,,,19.299999999999997,bad,12.57,41.30000000000001,1.6549999999999998,good,0.665,7.38,60.0,35.0,75.0,55.0,87.0,margins compressing,concern,31.0,,0.9,0.964,1.137,0.443,30.0,28.0
RSG,Republic Services,Industrials,212.92999267578125,65.6784691708374,3.888600898214174,3.8902026986052154,3.214985774855725,3.849924284926624,3.2229581427605467,10.0,20.952351597533216,-0.04117524240101478,0.8886904102330803,74.81098288897732,1.8209518427510094,4.997057629643365,144,0,0,,,,,-8.326519707331448,3.201759745814492,,,-0.005919175959767653,1.2109405518666794,agrees,245.91667,24.0,26.294958,Waste Management,"Republic Services, Inc., together with its subsidiaries, offers environmental services in the United States and Canada. It is involved in the collection and processing of recyclable, solid waste, and industrial waste materials; transportation and disposal of non-hazardous and hazardous waste streams; and other environmental solutions.",1.26,15.5,0.64,0.58,13.52,13.21,1.12,0.78,42.0,2.19,12.9,11.540289889540102,14.259395314597922,False,30.0,18.2,5.375452515749246,9.86298538538406,2.65,-1.6,-2.8,-3.6,12.03,16.89,15.7,,,,,,,,,,1.24,bad,0.808,2.3180000000000023,0.29,bad,0.0,0.84,0.72,warn,0.262,2.2539999999999987,12.0,good,4.069999999999999,20.65,37.95,good,15.22,61.14000000000001,23.299999999999997,warn,9.15,53.05,27.0,warn,15.52,48.68000000000001,1.7,good,0.634,5.627999999999998,73.0,49.0,77.0,85.0,92.0,16% FCF margin,strength,33.0,,1.009,1.126,1.033,1.357,30.0,26.0
VTRS,Viatris,Health Care,18.270000457763672,21.445326537322998,1.4594813143858634,0.856985324463124,0.9074553923890731,0.892476800718912,1.119075566845823,7.6,60.83229287375354,70.30411988678864,0.9142153981405108,81.0223642172524,0.5891881737994119,2.81883634605008,91,16,0,,,,"trailing revenue falls 77% around 2020-03-31, 71x this company's usual move between filings, at the exact point the source concept changes from reported-annual to RevenueFromContractWithCustomerExcludingAssessedTax",0.0,4.4662154476168725,,,-0.29517264752140226,3.0407754466541093,agrees,19.4,10.0,6.778165,Drug Manufacturers - Specialty & Generic,"Viatris Inc., together with its subsidiaries, operates as a healthcare company in North America, Europe, China, Taiwan, Hong Kong, Japan, Australia, New Zealand, rest of Asia, Africa, Latin America, and the Middle East. It operates in four segments: Developed Markets, Greater China, JANZ, and Emerging Markets. The company offers prescription brand drugs, generic drugs, complex generic drugs, and biosimilars.",2.65,6.2,1.58,1.6,13.35,12.42,0.94,0.85,34.9,,,,,,,,-1.8972375530709296,-1.059681966907955,1.95,-0.8,-2.6,-2.9,14.26,14.69,13.3,,,,,,,,,,1.54,good,0.87,3.2350000000000008,0.43,bad,-0.10799999999999998,0.8800000000000001,0.685,bad,0.109,2.5710000000000015,,,,,60.3,warn,12.2,77.8,,,,,,,,,2.2199999999999998,warn,0.557,12.114000000000004,63.0,50.0,83.0,42.0,82.0,net debt 6x FCF,concern,30.0,,0.428,0.317,0.278,-0.869,41.0,44.0
NI,NiSource,Utilities,39.099998474121094,18.814919265747072,2.792111012042126,2.631380992319237,2.136395485296148,2.7323060917440976,2.3262801077163116,10.0,30.69260964362517,6.108200226118732,0.9197494435098538,77.87504974134501,1.5520378279969922,3.6348217834901284,144,0,0,,,,,-20.33415143822108,12.651710187568966,,,-2.0765844173140313,-0.21946681249422895,agrees,49.57143,14.0,17.451124,Utilities - Regulated Gas,"NiSource Inc., an energy holding company, operates as a regulated natural gas and electric utility company in the United States. It operates in two segments, Columbia Operations and NIPSCO Operations.",3.05,26.8,0.5,0.41,16.3,16.21,1.37,2.41,69.5,0.91,13.4,8.832217347880134,27.630369202478633,False,20.7,7.7,5.705270290767861,8.539875503309613,-1.09,1.9,7.7,13.8,11.89,6.74,-16.2,,,,,,,,,,0.765,bad,0.52,1.163,2.3,warn,1.546,2.748,1.56,good,1.2600000000000002,2.194,14.2,warn,6.9,18.880000000000006,67.6,good,31.29,82.50999999999999,9.4,bad,8.06,12.780000000000008,19.4,warn,14.590000000000002,24.3,-1.06,warn,-3.549,2.2850000000000006,45.0,19.0,62.0,80.0,4.0,net debt 20x FCF; burning cash,concern,26.0,,1.054,1.058,1.559,1.509,22.0,22.0
ADM,Archer Daniels Midland,Consumer Staples,80.37999725341797,38.984298667907716,0.474844987976805,0.4110688398542309,0.4036573949193152,0.41133310775850646,0.40913311061226976,10.0,17.63564695048363,15.514712364281792,0.9236271479711896,81.65539196179866,0.23599403717993686,0.6544236296026933,144,0,0,,,,,-8.752415423523708,-0.8178699139847256,,,-4.131597042267288e-06,1.8728796698852745,agrees,80.4,10.0,14.003232,Farm Products,"Archer-Daniels-Midland Company provides human and animal nutrition ingredients and solutions in the United States, Switzerland, the Cayman Islands, Brazil, Mexico, Canada, the United Kingdom, and internationally. It operates in three segments: Ag Services and Oilseeds; Carbohydrate Solutions; and Nutrition.",2.62,0.0,1.39,1.69,7.6,1.89,0.32,0.02,6.9,1.08,1.3,-24.703545884926392,-5.2113485076303085,False,36.1,4.6,-6.325700233935072,1.8463875624081805,1.68,0.2,-11.7,-14.3,23.58,82.1,2.0,,,"trailing profit of $1.77B against $1.08B in the year to 2025-12-31, only 181 days earlier",2025-12-31,True,,,,,1.025,good,0.6660000000000001,1.4750000000000005,0.30000000000000004,good,0.038000000000000006,0.7500000000000002,0.76,good,0.348,3.822000000000001,6.85,bad,0.48000000000000076,23.350000000000005,37.599999999999994,bad,12.760000000000002,61.830000000000005,18.65,bad,1.450000000000001,77.58000000000003,29.2,bad,15.52,39.06,1.9949999999999999,warn,0.9150000000000001,12.576,51.0,87.0,40.0,13.0,65.0,sales -6%/yr; margins compressing,concern,27.0,,1.256,1.126,0.856,-0.663,18.0,22.0
AEP,American Electric Power,Utilities,118.19999694824219,64.66179342332336,2.911657267158235,2.658454743081231,2.6023879913981487,2.662112894564544,2.5698951583866774,10.0,11.884057134537018,9.52442484627496,0.9546413794395828,82.92877039395145,1.765160353556684,3.423159625858317,144,0,0,,,,,-14.773958505845997,8.24673425619029,,,-2.5584663347925973,-0.43853982818319315,agrees,142.975,20.0,17.398685,Utilities - Regulated Electric,"American Electric Power Company, Inc., an electric public utility holding company, engages in the generation, transmission, and distribution of electricity for sale to retail and wholesale customers in the United States. It operates through Vertically Integrated Utilities, Transmission and Distribution Utilities, AEP Transmission Holdco, and Generation & Marketing segments.",3.19,21.0,0.53,0.6,52.26,51.71,1.58,2.33,,3.8,17.1,24.06607084063872,10.776475891094117,False,17.0,11.5,4.446583980712826,7.5247174191174215,2.6,2.0,6.0,9.2,32.98,22.21,11.7,,,,,,,,,,0.765,bad,0.52,1.163,2.3,warn,1.546,2.748,1.56,warn,1.2600000000000002,2.194,14.2,good,6.9,18.880000000000006,,,,,9.4,good,8.06,12.780000000000008,19.4,good,14.590000000000002,24.3,-1.06,good,-3.549,2.2850000000000006,60.0,19.0,70.0,89.0,75.0,net debt 20x FCF,concern,29.0,,1.108,1.207,1.798,0.819,24.0,21.0
NSC,Norfolk Southern,Industrials,313.04998779296875,70.43624725341797,5.616925618294894,4.77254499669749,4.530088593385718,4.90049122267423,4.703551004571936,10.0,23.991518101788188,17.692460148237444,0.961759659105355,80.58097890966972,2.6938181726502624,7.481629093134755,144,0,0,,,,,-11.312259110156742,2.972573493184427,,,-2.0414672619040175e-06,0.1903638072869418,agrees,363.3889,18.0,21.865665,Railroads,"Norfolk Southern Corporation, together with its subsidiaries, engages in the rail transportation of raw materials, intermediate products, and finished goods in the United States.",1.73,16.1,0.83,1.08,16.57,15.49,1.02,1.24,,2.64,21.0,0.8486115932832661,-0.7129706697299398,False,26.7,16.2,-0.40071466299850256,3.5817453688670398,1.63,-0.4,-1.4,-10.5,16.25,12.54,13.0,,,,,,,,,,1.24,bad,0.808,2.3180000000000023,0.29,bad,0.0,0.84,0.72,warn,0.262,2.2539999999999987,12.0,good,4.069999999999999,20.65,,,,,23.299999999999997,warn,9.15,53.05,27.0,good,15.52,48.68000000000001,1.7,warn,0.634,5.627999999999998,61.0,38.0,82.0,57.0,74.0,net debt 10x FCF,concern,29.0,,0.963,1.372,1.121,0.945,29.0,14.0
DD,DuPont,Industrials,130.97999572753906,17.97045541381836,2.174283776626541,1.7034646246208291,1.6905973803828993,1.6682346526645702,1.6330783410357081,6.6,28.61038363457611,27.63891572509234,0.9792184713700695,81.6688567674113,0.5757265822320118,3.1429288947291574,79,6,0,,,,,-15.272659468569083,4.461577350859458,,,18.274179983086714,2.268775956115676,revenue differs from Yahoo by +18%,170.0,16.0,16.336964,Specialty Chemicals,"DuPont de Nemours, Inc. provides technology-based materials and solutions in the United States, Canada, the Asia Pacific, Latin America, Europe, the Middle East, and Africa. It operates through two segments, Healthcare & Water Technologies and Diversified Industrials.",1.84,29.8,2.43,2.15,3.17,0.08,0.23,0.01,,-0.78,-9.4,-77.31957187182839,-60.90064594726443,False,,-5.6,-12.95516214437079,-4.288771512071399,0.09,-1.9,-10.6,-27.6,13.88,8.27,1.1,,,"trailing profit of $0.06B against $-0.78B in the year to 2025-12-31, only 181 days earlier",2025-12-31,True,,True,,,1.24,good,0.808,2.3180000000000023,0.29,good,0.0,0.84,0.72,good,0.262,2.2539999999999987,12.0,bad,4.069999999999999,20.65,,,,,23.299999999999997,bad,9.15,53.05,,,,,1.7,bad,0.634,5.627999999999998,38.0,79.0,25.0,4.0,36.0,sales -13%/yr; margins compressing,concern,22.0,,1.022,1.178,1.175,0.321,21.0,17.0
IBM,IBM,Information Technology,220.6699981689453,210.35666230230234,3.0444115766803046,2.77922915200836,2.049301158884575,2.8910053693264444,2.3711967810311756,10.0,48.558525108987084,9.541581862017946,0.981380874775872,80.02387584560286,1.2313233618924941,4.570039517598276,144,0,0,,,,,-32.973909373706746,7.895065584009986,,,0.0014501541772515836,1.4940191397600833,agrees,240.59,22.0,16.732166,Information Technology Services,"International Business Machines Corporation, together with its subsidiaries, provides integrated solutions and services in the Americas, Europe, the Middle East, Africa, and the Asia Pacific. It operates through Software, Consulting, Infrastructure, and Financing segments.",3.07,9.0,0.79,0.91,61.99,53.88,1.79,0.78,58.1,10.72,15.5,74.3173177385608,14.994525128172253,False,19.6,31.0,4.513097855860537,8.06306780212369,13.79,0.6,3.7,0.8,34.54,69.1,20.0,,,,,,,,,,1.53,bad,0.79,3.3979999999999997,0.09,bad,-0.29799999999999993,0.782,0.44999999999999996,bad,0.055,1.72,17.75,warn,3.92,38.12,55.5,good,27.770000000000003,80.71000000000001,20.5,good,4.800000000000001,76.72,40.349999999999994,good,13.68,156.26,2.6950000000000003,good,0.716,12.751,77.0,53.0,81.0,89.0,97.0,20% FCF margin,strength,32.0,,1.325,1.378,1.985,2.251,18.0,15.0
CTAS,Cintas,Industrials,200.5800018310547,81.47499500376892,7.232731791093386,6.620510180374864,5.430365116875802,6.836774729237344,5.2896031088003035,10.0,33.19052467791561,9.247347923930803,0.9919909429834771,80.54118583366494,2.2216139489109086,9.598126949595075,144,0,0,,,,,-7.366183978638208,8.941622975458552,,,-2.559196921800533,3.132260060630898,agrees,218.3125,16.0,32.095646,Specialty Business Services,"Cintas Corporation provides corporate identity uniforms and other garments in the United States, Canada, and Latin America. It operates through Uniform Rental and Facility Services, First Aid and Safety Services, and All Other segments. The company offers rental and servicing of uniforms and other garments, including flame resistant clothing, mats, mops and shop towels, and other ancillary items.",1.05,8.8,1.43,2.56,2.43,2.11,0.47,0.19,50.7,2.0,17.8,14.050436228088504,12.478959627091113,False,40.7,38.9,8.51234910438652,9.622198602591215,1.88,-0.8,-2.0,-4.1,5.14,11.26,16.7,,,,,,,,,,1.24,good,0.808,2.3180000000000023,0.29,good,0.0,0.84,0.72,good,0.262,2.2539999999999987,12.0,good,4.069999999999999,20.65,37.95,good,15.22,61.14000000000001,23.299999999999997,good,9.15,53.05,27.0,bad,15.52,48.68000000000001,1.7,good,0.634,5.627999999999998,88.0,86.0,87.0,91.0,87.0,17% FCF margin; sales +9%/yr,strength,33.0,,1.073,1.15,0.806,1.35,31.0,28.0
CNP,CenterPoint Energy,Utilities,36.619998931884766,24.146970955692293,2.5809075412240583,2.2407303148956244,2.0833595377341974,2.3536655267646927,2.134183681123688,9.6,23.88200377698513,15.181533630667188,0.9943593083830337,82.62208534975804,0.8137930635068567,3.174333125267208,115,7,0,2021-03-31,18.904546062282623,66.0,,-18.694496154785156,4.958492259367286,,,-2.7442801561887498,-0.7650257477111788,agrees,45.23529,17.0,17.696655,Utilities - Regulated Electric,"CenterPoint Energy, Inc. operates as a public utility holding company in the United States. The company operates through Electric; Natural Gas; and Corporate and Other segments.",2.6,23.5,1.16,0.78,24.89,23.68,2.17,2.53,,1.07,11.4,7.964019299569047,6.303148448354046,False,22.6,9.3,0.20026957760561626,3.8388672018301095,-2.67,0.8,4.2,10.6,11.45,9.36,-28.5,,,,,,,True,,,0.765,good,0.52,1.163,2.3,bad,1.546,2.748,1.56,bad,1.2600000000000002,2.194,14.2,bad,6.9,18.880000000000006,,,,,9.4,warn,8.06,12.780000000000008,19.4,bad,14.590000000000002,24.3,-1.06,bad,-3.549,2.2850000000000006,44.0,22.0,63.0,72.0,4.0,net debt 20x FCF; burning cash,concern,24.0,,1.186,1.342,1.899,1.458,19.0,13.0
VST,Vistra Corp.,Utilities,138.02000427246094,47.00149456646887,2.4757173856449235,1.7309495939143664,0.9484542214012994,1.9675569720151185,1.595870414731895,7.6,161.02655560825698,43.02654417835128,1.0045564323779126,73.71458551941238,0.46529259109020743,4.839694766678589,91,0,0,,,,,-34.541140966345296,18.61177058603023,,,-1.1815492456501042,-0.5627747147612827,agrees,217.57895,19.0,13.586272,Utilities - Independent Power Producers,"Vistra Corp., together with its subsidiaries, operates as an integrated retail electricity and power generation company in the United States. The company operates through five segments: Retail, Texas, East, West, and Asset Closure. The company retails electricity and natural gas to residential, commercial, and industrial customers across states in the United States and the District of Columbia.",0.65,57.6,0.97,1.22,21.39,20.91,3.89,1.1,,0.94,5.0,11.585201081771057,,False,50.0,17.1,8.220888913190173,2.495427571172071,2.25,-1.4,-11.0,-30.1,5.49,18.98,11.9,,,"trailing profit of $2.22B against $0.94B in the year to 2025-12-31, only 181 days earlier",2025-12-31,True,,,,,0.765,warn,0.52,1.163,2.3,good,1.546,2.748,1.56,bad,1.2600000000000002,2.194,14.2,bad,6.9,18.880000000000006,,,,,9.4,good,8.06,12.780000000000008,19.4,bad,14.590000000000002,24.3,-1.06,good,-3.549,2.2850000000000006,61.0,25.0,64.0,87.0,88.0,net debt 9x FCF,concern,27.0,,1.033,0.995,1.256,1.861,27.0,28.0
PLTR,Palantir Technologies,Information Technology,187.47999572753906,481.7909675005188,78.26439004215908,25.98397006385939,26.74186201140965,46.72918915449452,46.49226072151227,5.1,192.66619507933623,201.20258701735318,1.0052174614919023,78.47707847707848,6.797166733875595,154.8199738184211,72,10,0,2021-03-31,85.95957189171033,66.0,"the share count moved +86% in one step on 2021-03-31, which no split explains -- the multiples either side of it are measuring different companies",-9.50864189229701,78.92124221826103,,,2.209247984552576e-06,7.231501885793734,agrees,195.56538,26.0,80.486786,Software - Infrastructure,"Palantir Technologies Inc. builds and deploys software platforms for the intelligence community to assist in counterterrorism investigations and operations in the United States, the United Kingdom, and internationally.",,4.3,7.23,5.53,0.2,-9.24,0.02,-1.5,84.8,1.63,26.4,,,True,295.6,16.5,44.37660551143341,35.89883495548383,3.36,0.3,12.8,35.6,9.88,6.16,54.6,,,"trailing profit of $3.02B against $1.63B in the year to 2025-12-31, only 181 days earlier",2025-12-31,True,,,,,1.53,good,0.79,3.3979999999999997,0.09,good,-0.29799999999999993,0.782,0.44999999999999996,good,0.055,1.72,17.75,good,3.92,38.12,55.5,good,27.770000000000003,80.71000000000001,20.5,warn,4.800000000000001,76.72,40.349999999999994,bad,13.68,156.26,2.6950000000000003,good,0.716,12.751,91.0,100.0,82.0,85.0,100.0,net cash; 55% FCF margin; sales +44%/yr,strength,34.0,,1.005,1.025,0.669,1.649,34.0,33.0
TEL,TE Connectivity,Information Technology,214.7100067138672,63.33945198059082,3.2781001956624998,2.8499275730622617,2.638997341435625,2.9726716531363166,2.725543927361801,10.0,24.217639184100136,15.023982596868745,1.024118861658348,80.58097890966972,1.3481015901725828,4.490139316084675,144,0,0,,,,,-13.77108164101719,16.53096918159338,,,3.31228662275862e-06,2.911303379746477,agrees,248.57895,19.0,16.458385,Electronic Components,"TE Connectivity plc, together with its subsidiaries, manufactures and sells connectivity and sensor solutions in Europe, the Middle East, Africa, the AsiaPacific, and the Americas. The company operates through two reportable segments, Transportation Solutions and Industrial Solutions.",1.47,15.8,1.88,1.77,5.63,4.39,0.43,0.23,36.1,3.02,15.6,11.304114291853695,12.183605573053802,False,21.0,22.8,5.080041653354006,6.104224447122597,3.31,-1.3,-7.2,-11.4,13.25,19.32,17.1,,,,,,,,,,1.53,good,0.79,3.3979999999999997,0.09,warn,-0.29799999999999993,0.782,0.44999999999999996,good,0.055,1.72,17.75,warn,3.92,38.12,55.5,bad,27.770000000000003,80.71000000000001,20.5,good,4.800000000000001,76.72,40.349999999999994,good,13.68,156.26,2.6950000000000003,good,0.716,12.751,86.0,88.0,83.0,84.0,91.0,17% FCF margin,strength,32.0,,1.075,0.905,1.037,2.025,30.0,36.0
MSI,Motorola Solutions,Information Technology,452.0799865722656,75.76860574951172,6.192269185151334,5.67077856420627,4.660211364843335,5.848816235420334,4.574472219565498,10.0,32.87528612684507,9.196102705132802,1.0255872702170585,82.25228810187028,2.1659612362493457,8.092730855855855,144,0,0,,,,,-7.971666278750589,10.293852532900672,,,-0.008169322760009923,2.6256463720145673,agrees,526.9091,11.0,22.959568,Communication Equipment,"Motorola Solutions, Inc. provides public safety, government, defense, and enterprise security solutions in the United States, the United Kingdom, Canada, and internationally. It operates in two segments, Products and Systems Integration, and Software and Services.",1.08,16.6,1.1,0.95,9.03,8.27,3.36,0.68,52.0,2.13,17.4,12.01001327592306,13.077396576449885,False,35.6,79.2,8.195515329883163,9.182211312254985,2.68,-1.1,-2.9,-3.2,2.69,12.24,21.9,,,,,,,,,,1.53,warn,0.79,3.3979999999999997,0.09,bad,-0.29799999999999993,0.782,0.44999999999999996,bad,0.055,1.72,17.75,warn,3.92,38.12,55.5,warn,27.770000000000003,80.71000000000001,20.5,good,4.800000000000001,76.72,40.349999999999994,good,13.68,156.26,2.6950000000000003,warn,0.716,12.751,80.0,56.0,88.0,87.0,98.0,22% FCF margin; sales +8%/yr,strength,31.0,,1.228,1.361,1.043,1.479,23.0,17.0
PHM,PulteGroup,Consumer Discretionary,119.12999725341797,22.871768172683716,1.3940185425290719,1.326749650314453,1.0566226564055365,1.2164936052903628,1.0993523623999444,10.0,31.931539994732173,5.0702023700308185,1.0496588750753073,81.69197396963123,0.4781934613250072,1.8672643523685148,144,10,0,,,,,-16.435187111799966,-7.276057627038757,,,9.75188996221732e-07,1.3252158978872108,agrees,140.8,15.0,10.744401,Residential Construction,"PulteGroup, Inc., through its subsidiaries, engages in the homebuilding business in the United States.",0.88,18.2,,,0.04,-1.33,0.0,-0.08,,1.91,11.6,-11.629761289382067,2.7826088163804608,False,12.0,14.7,-0.6634697881603757,6.041928062662616,1.51,-5.0,-14.5,-27.4,13.01,16.41,9.2,,,,,,,,,,,,,,0.16,good,-0.15,1.18,0.82,good,0.11600000000000002,7.960000000000002,11.0,good,1.2,21.85,,,,,37.7,bad,2.9200000000000004,173.7700000000001,19.299999999999997,good,12.57,41.30000000000001,1.6549999999999998,warn,0.665,7.38,71.0,98.0,76.0,29.0,74.0,margins compressing,concern,28.0,,1.02,1.347,1.516,1.331,29.0,16.0
TPR,"Tapestry, Inc.",Consumer Discretionary,113.44999694824219,23.84718935852051,2.9793345191924874,1.633074167125039,1.8892667217175887,2.1419644334697394,2.0583644857759835,10.0,57.697930363367945,82.43718375862163,1.056138930574922,86.70911261440509,0.49533876059146037,4.542532469260659,144,0,0,,,,,-31.150626927878267,14.171195458370779,,,7.995802242533046e-07,4.801719046501685,agrees,166.5,20.0,12.823149,Luxury Goods,"Tapestry, Inc. provides accessories and lifestyle brand products in North America, Greater China, rest of Asia, and internationally. The company operates in two segments, Coach and Kate Spade.",1.62,46.8,1.75,2.02,2.41,1.26,3.49,0.16,77.8,1.53,19.1,17.718545946005236,33.083070179076124,False,15.6,221.1,5.809552784850669,10.028955128786809,1.81,-5.5,-12.9,-25.7,0.69,8.0,22.6,,,,,,,,,,1.11,good,0.536,2.038,0.16,good,-0.15,1.18,0.82,bad,0.11600000000000002,7.960000000000002,11.0,good,1.2,21.85,42.5,good,11.48,74.61999999999999,37.7,good,2.9200000000000004,173.7700000000001,19.299999999999997,good,12.57,41.30000000000001,1.6549999999999998,good,0.665,7.38,85.0,76.0,84.0,91.0,97.0,23% FCF margin; 19% net margin; buying back stock,strength,31.0,,1.043,1.299,1.725,1.419,31.0,21.0
VTR,Ventas,Real Estate,87.04000091552734,43.321897415679935,6.725362091899621,5.317639280355315,5.637054789125016,5.339394765217488,5.499570699774743,10.0,19.306310537803583,26.472702214773868,1.0631904817280777,87.34580183048149,1.6208031553805435,8.158718005494999,144,0,0,,,,,-13.418879025636787,21.485461416178776,,,0.3518150818698995,-2.822497783639022,agrees,101.81818,22.0,110.01266,REIT - Healthcare Facilities,"Ventas, Inc. is an S&P 500 company enabling exceptional environments that benefit a large and growing aging population. With approximately 1,450 properties in North America and the United Kingdom, Ventas occupies an essential role in the longevity economy.",2.39,17.0,,,13.01,12.79,0.88,,,0.27,,48.30783620200532,11.475421545952491,False,160.5,1.8,,,-1.13,8.4,23.2,31.5,14.7,,,,,,,,,,,,,,,,,,,,0.825,warn,0.135,2.58,,,,,,,,,7.3,bad,2.22,18.460000000000015,30.25,bad,16.78,128.50000000000003,1.2,bad,-0.10599999999999986,3.3679999999999994,,,,,,,,,,0.852,1.101,1.174,0.303,,
COST,Costco,Consumer Staples,922.9199829101562,410.1964010043335,1.3971885710345946,1.308685173334636,0.9566059905144335,1.3039946971846224,1.0324567545899113,10.0,46.056849412288244,6.76277224677686,1.0682350124545148,77.5567051333068,0.528687481532021,1.8511439974498172,144,0,0,,,,,-15.662688496283739,9.231106944072387,,,-3.1558230611428373,0.08713080864497513,agrees,1057.9429,35.0,36.983574,Discount Stores,"Costco Wholesale Corporation, together with its subsidiaries, engages in the operation of membership warehouses in the United States, Puerto Rico, Canada, Mexico, Japan, the United Kingdom, Korea, Australia, Taiwan, China, Spain, France, Iceland, New Zealand, and Sweden.",0.64,14.6,1.07,1.07,5.74,-14.25,0.17,-0.05,12.9,8.84,3.0,13.737002223720607,13.33126484081344,False,46.4,26.4,7.61095225122308,9.479211943552833,8.81,-0.1,0.0,0.0,33.51,293.59,3.0,,,,,,,,,,1.025,good,0.6660000000000001,1.4750000000000005,0.30000000000000004,good,0.038000000000000006,0.7500000000000002,0.76,good,0.348,3.822000000000001,6.85,warn,0.48000000000000076,23.350000000000005,37.599999999999994,bad,12.760000000000002,61.830000000000005,18.65,good,1.450000000000001,77.58000000000003,29.2,bad,15.52,39.06,1.9949999999999999,good,0.9150000000000001,12.576,77.0,91.0,60.0,90.0,63.0,net cash; sales +8%/yr,strength,29.0,,1.148,1.286,1.258,1.442,26.0,20.0
CTVA,Corteva,Materials,77.73999786376953,52.21018256530762,2.9311802473224575,2.5071395083248182,2.3922086254009742,2.5301975695170436,2.3784290328836692,6.6,22.530293394922563,16.91332842028277,1.0996808575043697,89.29645219482862,1.122680196446627,3.397982894516183,79,0,0,,,,,-14.108940599083496,3.6968038656342683,,,-4.311699786097023e-06,0.4920177409305504,agrees,92.6,20.0,18.881468,Agricultural Inputs,"Corteva, Inc. operates in the agriculture business. The company operates through two segments, Seed and Crop Protection.",0.92,19.1,1.52,1.58,4.88,2.51,0.19,0.14,49.5,1.01,5.7,3.0133585400965,-3.7113176506139878,False,51.7,4.0,0.5313405630821277,3.6700445655991842,0.63,-1.9,-6.0,-10.0,25.4,17.81,3.5,,,,,,,,,,1.64,warn,1.072,2.87,0.39,good,0.116,0.574,0.59,good,0.20800000000000002,1.298,7.3,warn,-6.159999999999999,19.96,24.55,good,11.040000000000001,43.940000000000005,13.1,warn,-4.5,27.26,22.6,bad,13.94,34.28,1.12,bad,-0.08599999999999988,2.950000000000001,63.0,77.0,54.0,63.0,55.0,,,25.0,,1.184,1.466,1.49,0.731,22.0,7.0
CSX,CSX Corporation,Industrials,46.7599983215332,86.97359687805175,5.993219189501913,4.684228187919463,4.717134137023517,4.970528648571928,4.961022531330142,10.0,27.052125621418057,27.944646355152237,1.1019073541956275,81.69518503780341,2.5883504165911972,7.457356626506024,144,0,0,,,,,-12.154803078089039,2.522077004592016,,,0.0,0.04249893476151456,agrees,53.0596,23.0,20.636282,Railroads,"CSX Corporation, together with its subsidiaries, provides rail-based freight transportation services in the United States and Canada. It operates through two segments: rail and trucking. The company offers rail services; and transportation of intermodal containers and trailers, as well as other transportation services, such as rail-to-truck transfers and bulk commodity operations.",1.19,13.5,0.82,1.14,17.16,15.77,1.22,1.09,,3.22,22.2,-7.214593421069104,-0.917545240813411,False,27.0,22.9,-1.162006290568296,5.176191540670461,2.8,-1.1,-8.9,-18.5,14.09,14.51,19.3,,,,,,,,,,1.24,bad,0.808,2.3180000000000023,0.29,bad,0.0,0.84,0.72,warn,0.262,2.2539999999999987,12.0,good,4.069999999999999,20.65,,,,,23.299999999999997,warn,9.15,53.05,27.0,good,15.52,48.68000000000001,1.7,good,0.634,5.627999999999998,63.0,49.0,88.0,36.0,88.0,margins compressing,concern,25.0,,0.968,1.311,1.151,0.132,29.0,17.0
EVRG,Evergy,Utilities,77.91000366210938,18.355596862792968,3.186127104683649,2.7063732465574613,2.788806426988931,2.7343234551866242,2.7859829176517734,9.6,14.24697941920996,17.726817937490335,1.1127710210459332,87.0919881305638,1.9689309181317705,3.6040735276249327,115,19,0,2019-04-01,18.169079869219985,90.0,"the share count moved +49% in one step on 2018-10-01, which no split explains -- the multiples either side of it are measuring different companies",-11.596501007478299,0.7484741968766917,,,-5.461195428757904,1.118533299749691,agrees,91.27273,11.0,17.246326,Utilities - Regulated Electric,"Evergy, Inc., together with its subsidiaries, engages in the generation, transmission, distribution, and sale of electricity in the United States. The company generates electricity through coal, landfill gas, uranium, and natural gas and oil sources, as well as solar, wind, and other renewable sources. It serves residences, commercial firms, industrials, municipalities, and other electric utilities.",3.53,17.2,0.45,0.39,13.51,13.48,1.32,2.34,,0.88,15.3,4.507117200390898,3.562048577666155,False,20.9,8.6,0.5402851725997415,2.124308936248198,-1.1,1.2,2.2,2.6,10.21,5.76,-19.1,,,,,,,,,,0.765,bad,0.52,1.163,2.3,warn,1.546,2.748,1.56,good,1.2600000000000002,2.194,14.2,good,6.9,18.880000000000006,,,,,9.4,bad,8.06,12.780000000000008,19.4,warn,14.590000000000002,24.3,-1.06,warn,-3.549,2.2850000000000006,43.0,20.0,67.0,66.0,4.0,net debt 20x FCF; burning cash,concern,20.0,,0.613,0.704,1.068,0.279,31.0,29.0
AVGO,Broadcom,Information Technology,349.57000732421875,1708.3486257934571,19.172524530811828,15.831017625112569,8.333539890710382,15.817161570941426,12.120337496934521,9.8,130.06459178510622,21.107341200850293,1.1138752605067903,80.61076102762966,3.110623841877702,34.431105415775754,117,19,0,,,,,-27.41034380791604,48.69005106297768,,,1.1492188978223794e-06,0.7806304394311736,agrees,531.8468,47.0,18.319319,Semiconductors,"Broadcom Inc. designs, develops, and supplies various semiconductor devices and infrastructure software solutions internationally. The company operates in two segments: Semiconductor Solutions and Infrastructure Software.",0.73,52.1,2.5,2.5,61.67,37.7,0.62,0.42,68.8,38.27,42.9,39.954124716660445,44.49161762803904,False,44.6,38.4,35.83638865184287,27.42489047984371,39.4,0.6,14.4,13.9,99.69,89.1,44.2,,,,,,,,,,1.53,good,0.79,3.3979999999999997,0.09,bad,-0.29799999999999993,0.782,0.44999999999999996,warn,0.055,1.72,17.75,good,3.92,38.12,55.5,good,27.770000000000003,80.71000000000001,20.5,good,4.800000000000001,76.72,40.349999999999994,warn,13.68,156.26,2.6950000000000003,good,0.716,12.751,92.0,88.0,92.0,96.0,96.0,44% FCF margin; sales +36%/yr; 43% net margin,strength,30.0,,1.339,1.689,1.732,1.932,19.0,0.0
MPWR,Monolithic Power Systems,Information Technology,1351.199951171875,66.56010959472657,20.335134935351903,16.465148924699616,14.0553039426561,17.03659133482851,15.145111877797095,10.0,44.67943929435276,23.504105722644653,1.1243946184507663,82.72980501392759,7.6331201855031825,28.800245208476454,144,0,0,,,,,-20.04213580932044,28.666321791005345,,,3.421771999079226e-06,-0.11600811041287962,agrees,1839.8,15.0,38.886227,Semiconductors,"Monolithic Power Systems, Inc. provides semiconductor-based power electronics solutions in China, Taiwan, South Korea, Southeast Asia, Europe, the United States, Japan, and internationally.",0.59,36.2,4.98,6.94,,,,,55.2,0.8,24.5,20.91474320217874,32.0985149283018,False,83.2,20.5,20.99450671475285,25.771015175916602,0.59,2.6,1.0,3.2,3.9,3.27,18.0,,,,,,,,,,1.53,good,0.79,3.3979999999999997,,,,,,,,,17.75,good,3.92,38.12,55.5,warn,27.770000000000003,80.71000000000001,20.5,good,4.800000000000001,76.72,40.349999999999994,bad,13.68,156.26,2.6950000000000003,bad,0.716,12.751,90.0,100.0,80.0,92.0,83.0,18% FCF margin; sales +21%/yr; 24% net margin,strength,29.0,,1.028,0.986,1.475,0.687,33.0,34.0
A,Agilent Technologies,Health Care,175.2100067138672,49.58443190002441,6.726048819862237,5.832,5.303401548672566,5.823191650147131,5.520216044536292,10.0,26.825184895640387,15.330055210257854,1.1440411409912348,86.66931953840032,3.4454895782840524,9.327163486333161,144,0,0,,,,,0.0,8.60341779611078,,,-3.4725988973249855e-06,0.4699929690267224,agrees,175.42857,21.0,25.90228,Diagnostics & Research,"Agilent Technologies, Inc. provides application focused solutions to the life sciences, diagnostics, and applied chemical markets worldwide. The company operates through three segments: Life Sciences and Diagnostics Markets, Agilent CrossLab, and Applied Markets.",0.58,0.1,2.05,2.29,3.95,2.18,0.54,0.3,53.8,1.44,19.5,8.318576287742774,7.782912613116566,False,34.4,19.6,1.769621994381998,3.7187498905610683,1.27,-0.7,-4.4,-7.8,7.36,7.37,17.2,,,,,,,,,,1.54,good,0.87,3.2350000000000008,0.43,good,-0.10799999999999998,0.8800000000000001,0.685,good,0.109,2.5710000000000015,13.8,good,0.76,27.66,60.3,warn,12.2,77.8,13.6,good,3.35,71.78,26.0,warn,15.0,54.30000000000002,2.2199999999999998,warn,0.557,12.114000000000004,82.0,87.0,83.0,75.0,86.0,17% FCF margin; 20% net margin,strength,27.0,,0.809,0.68,0.104,0.077,38.0,41.0
NWSA,News Corp (Class A),Communication Services,29.100000381469727,16.249440213012694,1.7998936877506309,1.6621676136363637,1.1351153363574944,1.5570350245448286,1.2772254468158473,10.0,58.56482862141248,8.28593175467789,1.1443113465546702,81.7349781138082,0.49397392732498463,2.26721434528774,144,0,0,,,,,-6.700864439019794,6.814955040227155,,,2.8356225811876357e-06,5.602365529692777,agrees,36.1625,8.0,18.865929,Entertainment,"News Corporation, a media and information services company, creates and distributes authoritative and engaging content, and other products and services for consumers and businesses in the United States, Canada, Europe, Australasia, and internationally. It operates through five segments: Dow Jones, Digital Real Estate Services, Book Publishing, News Media, and Other.",0.7,24.3,1.62,1.31,2.01,-0.08,0.22,-0.01,,0.74,8.2,58.36900208227176,13.819202414646604,False,22.0,8.0,4.058987095588984,-0.7155407038172856,0.81,-2.0,-3.5,-5.9,9.24,9.03,9.0,,,,,,,,,,1.1,good,0.699,3.2830000000000017,0.18,good,-0.13099999999999998,1.0530000000000002,0.815,good,0.21400000000000002,1.9100000000000037,9.6,warn,-0.20999999999999924,29.62,,,,,15.100000000000001,warn,-0.34999999999999876,45.53,21.85,warn,7.77,111.25,4.4399999999999995,bad,0.7800000000000001,42.20900000000002,81.0,93.0,63.0,89.0,81.0,net cash,strength,27.0,,1.376,1.5,0.92,1.706,16.0,0.0
NEM,Newmont,Materials,116.05000305175781,124.98585328674316,4.850617195899529,3.522168525402726,3.7542241873413578,3.6926792912583726,3.7552333565326954,9.6,29.204249768967784,37.716783308797176,1.1814686743276668,87.66105054509416,2.207849150435143,6.799079198251407,144,37,0,2024-04-01,37.0986920332937,30.0,"the share count moved +44% in one step on 2019-07-01, which no split explains -- the multiples either side of it are measuring different companies",-14.126089202487924,25.179751263116977,,,-2.4837970569180357e-07,1.3041548331246489,agrees,137.07143,21.0,11.444025,Gold,"Newmont Corporation operates as a gold producer. It also explores for copper, silver, lead, zinc, and other metals. It has operations and/or assets in the United States, Papua New Guinea, Australia, Ghana, Suriname, Argentina, Dominican Republic, Chile, Peru, Ecuador, Mexico, and Canada.",0.89,18.1,2.55,2.12,6.01,-3.04,0.17,-0.12,8.9,8.6,33.4,,24.521842069014443,True,14.5,24.3,32.01991986965231,15.59067694573315,9.73,-3.8,35.5,34.1,35.41,25.77,37.8,,,,,,,,True,,1.64,good,1.072,2.87,0.39,good,0.116,0.574,0.59,good,0.20800000000000002,1.298,7.3,good,-6.159999999999999,19.96,24.55,bad,11.040000000000001,43.940000000000005,13.1,good,-4.5,27.26,22.6,good,13.94,34.28,1.12,good,-0.08599999999999988,2.950000000000001,98.0,96.0,97.0,100.0,98.0,net cash; 38% FCF margin; sales +32%/yr,strength,28.0,,1.374,1.483,0.699,1.088,18.0,6.0
HOOD,Robinhood Markets,Financials,116.45999908447266,106.32797916412353,21.55879545095773,9.143868583931948,9.145701129568106,12.732799607465832,12.724740535814373,5.2,135.72600006857886,135.77324250746452,1.1835114128867497,84.12984670874661,3.7556090248241203,39.262876469015985,62,9,0,2021-09-30,174.80832466483437,60.0,"share count jumps +76% in one day on 2022-03-31 with no split or corporate action to explain it; the share count moved +175% in one step on 2021-09-30, which no split explains -- the multiples either side of it are measuring different companies",-23.612751485981477,38.26745164003364,,,5.190592311521414e-06,1.7576913302726593,agrees,131.07925,27.0,33.665684,Capital Markets,"Robinhood Markets, Inc. operates financial services platform in the United States. The company's platform allows users to invest in stocks, exchange-traded funds (ETFs), and American depository receipts.",,12.6,1.22,1.31,,,,,,2.07,,,,True,51.4,21.7,,,0.24,0.2,-0.9,293.2,9.54,,,,,,,,,,,,1.0550000000000002,good,0.7220000000000001,1.537,,,,,,,,,,,,,,,,,16.549999999999997,good,6.63,33.89,14.5,bad,8.940000000000001,29.16,2.895,bad,0.5220000000000001,15.452000000000002,,,,,,,,,,1.293,1.008,1.056,1.818,,
NDAQ,"Nasdaq, Inc.",Financials,92.62000274658203,52.76941057672032,6.03010062583937,5.659585096699108,4.43579968849073,5.510642375416788,4.677536116581732,10.0,35.94168017742698,6.5466906638856015,1.1931037530163882,82.25228810187028,2.857754904269697,7.1382766564764815,144,0,0,,,,,-8.278864382469763,7.651617665149457,,,55.87815818446664,2.7800609196171333,revenue differs from Yahoo by +56%,109.66667,15.0,19.6285,Financial Data & Stock Exchanges,"Nasdaq, Inc. operates as a technology company that serves capital markets and other industries in the United States and internationally. It operates through three segments: Capital Access Platforms, Financial Technology, and Market Services.",1.26,18.4,1.01,1.75,8.76,7.71,0.73,,,1.97,,21.225138829109746,11.764959412621856,False,26.8,16.4,,,1.95,-1.7,15.3,13.9,11.99,,,,,,,,,,,,1.0550000000000002,warn,0.7220000000000001,1.537,,,,,0.64,warn,0.08400000000000002,1.8500000000000019,,,,,,,,,16.549999999999997,warn,6.63,33.89,14.5,bad,8.940000000000001,29.16,2.895,warn,0.5220000000000001,15.452000000000002,,,,,,,,,,1.33,1.493,0.875,1.37,,
T,AT&T,Communication Services,24.899999618530273,173.97629733467102,1.3673189614400538,1.1833855747344462,1.0900744182614257,1.2257455621883548,1.1338030719494243,10.0,25.43354275030223,15.542980295909281,1.201906459848,85.35614803024274,0.8133182853558696,1.7251098528842432,144,0,0,,,,,-14.432991001614182,2.6253387533875294,,,3.1688398349771774e-06,3.713875720160398,agrees,29.05208,24.0,9.5141115,Telecom Services,"AT&T Inc. provides telecommunications and technology services worldwide. It operates through two segments, Communications and Latin America.",4.53,16.7,0.97,0.69,143.95,124.12,1.14,0.98,50.6,21.56,16.9,,,True,8.1,17.1,1.566130214207595,-1.7528325681500534,19.99,-3.2,-4.6,-3.0,126.43,127.24,15.7,,,,,,,,,,1.1,warn,0.699,3.2830000000000017,0.18,bad,-0.13099999999999998,1.0530000000000002,0.815,warn,0.21400000000000002,1.9100000000000037,9.6,good,-0.20999999999999924,29.62,60.9,bad,20.1,88.5,15.100000000000001,good,-0.34999999999999876,45.53,21.85,good,7.77,111.25,4.4399999999999995,good,0.7800000000000001,42.20900000000002,69.0,48.0,83.0,65.0,86.0,net debt 6x FCF,concern,23.0,,1.453,1.592,0.177,2.504,9.0,0.0
AIZ,Assurant,Financials,263.5299987792969,13.19831152637381,0.9808349702273903,0.8784508239311718,0.8385663438928647,0.8649410871119243,0.8395149379393263,10.0,16.965697153319326,11.655080000726414,1.2054057721544063,86.94787107043375,0.5236256243408471,1.1476444518548068,144,0,0,,,,,-12.613987207183442,9.356435241245364,,,2.3780859947919453e-06,1.4925959244172393,agrees,330.0,6.0,11.251006,Insurance - Property & Casualty,"Assurant, Inc. provides protection services to connected devices, homes, and automobiles in North America, Latin America, Europe, and the Asia Pacific. It operates through Global Lifestyle and Global Housing segments.",1.34,25.2,,,2.21,0.11,0.36,,,1.06,,45.48218871919505,17.58895798792317,False,12.5,17.4,,,1.66,-3.2,-7.1,-18.6,6.1,,,,,,,,,,,,,,,,,,,,0.64,good,0.08400000000000002,1.8500000000000019,,,,,,,,,16.549999999999997,good,6.63,33.89,14.5,good,8.940000000000001,29.16,2.895,warn,0.5220000000000001,15.452000000000002,,,,,,,,,,1.313,1.442,1.268,0.74,,
KMI,Kinder Morgan,Energy,30.6299991607666,68.15174813270569,4.185454039962273,3.0029457023521653,3.209957529363601,3.32997067028482,3.299691570520198,10.0,30.38970147346689,39.37827902395521,1.2060148421545065,84.56028651014724,1.8704238410596026,5.143098842386465,144,0,0,2015-03-31,89.1820580474934,138.0,"the share count moved +89% in one step on 2015-03-31, which no split explains -- the multiples either side of it are measuring different companies",-10.725738383076077,13.644611948632047,,,-9.332368495056986,0.5097209834667549,agrees,36.04545,22.0,19.714607,Oil & Gas Midstream,"Kinder Morgan, Inc. operates as an energy infrastructure company primarily in North America. It operates through Natural Gas Pipelines, Products Pipelines, Terminals, and CO2 segments.",3.88,17.7,0.46,0.39,32.25,31.2,0.98,1.92,43.2,3.47,21.3,11.3503851104517,15.13224739500032,False,19.6,10.6,1.4556179283484738,3.5789617542175023,3.16,0.1,-0.8,-1.8,32.88,16.28,19.4,,,,,,,,,,1.25,bad,0.477,1.9010000000000002,0.28,bad,0.11,1.4260000000000002,0.4,warn,0.222,1.59,12.55,good,2.81,26.3,43.6,warn,8.180000000000001,85.02000000000001,13.85,warn,6.09,24.81000000000001,23.65,good,11.39,37.81000000000001,4.74,warn,0.6950000000000001,13.038,65.0,28.0,77.0,79.0,89.0,net debt 10x FCF,concern,22.0,,1.173,1.152,1.336,1.212,23.0,24.0
PKG,Packaging Corporation of America,Materials,234.52000427246094,20.895732380676268,2.191545867271783,1.9796348656492837,1.7183342632513314,1.9350667873026917,1.751607516844192,10.0,27.5389727214697,10.704549879353454,1.2200165613593417,88.22124950258655,1.0298668925807333,2.7270933444322525,144,0,0,,,,,-8.899505002345908,10.345106934543091,,,0.0010467979568051788,0.5334723687699938,agrees,259.3,10.0,17.780853,Packaging & Containers,Packaging Corporation of America manufactures and sells containerboard and uncoated freesheet (UFS) paper products in North America. The company operates through Packaging and Paper segments.,2.57,10.6,2.94,2.17,4.37,3.93,0.94,0.41,20.1,0.69,7.3,-7.24790821162623,1.68069636427568,False,30.3,14.8,5.878919685748074,6.089998011474185,0.74,-0.7,-0.4,-5.8,4.66,9.53,7.8,,,,,,,,,,1.64,good,1.072,2.87,0.39,warn,0.116,0.574,0.59,warn,0.20800000000000002,1.298,7.3,good,-6.159999999999999,19.96,24.55,warn,11.040000000000001,43.940000000000005,13.1,good,-4.5,27.26,22.6,warn,13.94,34.28,1.12,warn,-0.08599999999999988,2.950000000000001,62.0,63.0,66.0,46.0,78.0,margins compressing,concern,21.0,,1.349,1.384,1.488,1.376,15.0,13.0
NWS,News Corp (Class B),Communication Services,32.2400016784668,18.002816937255858,1.994109098056697,1.8307598655545874,1.1501648221343874,1.6713857410606268,1.3362397353517514,10.0,73.3759422720113,8.922482711987278,1.2476926672398947,83.04814962196578,0.49322952165879697,2.372268408551069,144,0,0,,,,,-8.7202670485085,6.814955040227155,,,2.8356225811876357e-06,5.928953744546117,agrees,,,20.837193,Entertainment,"News Corporation, a media and information services company, creates and distributes authoritative and engaging content, and other products and services for consumers and businesses in the United States, Canada, Europe, Australasia, and internationally. It operates through five segments: Dow Jones, Digital Real Estate Services, Book Publishing, News Media, and Other.",0.63,,1.62,1.31,2.01,-0.08,0.22,-0.01,,0.74,8.2,58.36900208227176,13.819202414646604,False,24.3,8.0,4.058987095588984,-0.7155407038172856,0.81,-2.0,-3.5,-5.9,9.24,9.03,9.0,,,,,,,,,,1.1,good,0.699,3.2830000000000017,0.18,good,-0.13099999999999998,1.0530000000000002,0.815,good,0.21400000000000002,1.9100000000000037,9.6,warn,-0.20999999999999924,29.62,,,,,15.100000000000001,warn,-0.34999999999999876,45.53,21.85,warn,7.77,111.25,4.4399999999999995,bad,0.7800000000000001,42.20900000000002,81.0,93.0,63.0,89.0,81.0,net cash,strength,23.0,,1.483,1.647,1.116,1.787,6.0,0.0
AMGN,Amgen,Health Care,418.1300048828125,227.46272265625,5.970933788062738,5.1073513222217946,5.357792601576713,5.131251795025233,5.34125845497581,10.0,11.443914165426783,16.90861684183631,1.2608603302360861,90.33028253083964,4.157928851901776,6.507408042335929,144,0,0,,,,,-5.852020876607112,9.101583755763665,,,1.1760073581612573e-06,-0.6857614412370427,agrees,390.9438,29.0,17.327518,Drug Manufacturers - General,"Amgen Inc. discovers, develops, manufactures, and delivers human therapeutics worldwide.",2.38,-6.5,1.37,2.86,62.75,26.33,5.37,0.69,47.5,8.74,23.0,3.094220274208692,8.758688779762247,False,26.0,74.8,12.740915927648722,8.373938642356272,10.18,0.6,1.3,-5.9,11.69,38.09,26.7,,,,,,,,,,1.54,warn,0.87,3.2350000000000008,0.43,warn,-0.10799999999999998,0.8800000000000001,0.685,bad,0.109,2.5710000000000015,13.8,good,0.76,27.66,60.3,warn,12.2,77.8,13.6,good,3.35,71.78,26.0,good,15.0,54.30000000000002,2.2199999999999998,good,0.557,12.114000000000004,77.0,60.0,89.0,72.0,98.0,margins compressing,concern,21.0,,0.418,1.429,-0.209,-2.59,46.0,12.0
MO,Altria,Consumer Staples,69.12999725341797,115.58535540771484,4.927542115688913,3.5667268416455222,3.684502364202514,3.7303734573592613,3.896656043526912,10.0,33.73697798550461,38.15305557337199,1.2640509092318617,86.3907680063669,2.3356917562724013,5.888355265711735,144,0,0,,,,,-7.72824712571013,-0.5806560990082255,,,14.737818950651448,0.7325404334975527,agrees,70.0,11.0,11.718904,Tobacco,"Altria Group, Inc., through its subsidiaries, manufactures and sells smokeable and oral tobacco products in the United States.",6.46,1.3,0.52,0.33,26.26,23.88,8.06,1.02,63.0,7.97,34.0,5.353690834876779,11.898498489205899,False,14.5,244.6,-1.9540982169274246,-2.3357558603149364,9.11,-0.9,-6.3,-9.8,3.26,23.46,38.8,,,,,,,,,,1.025,bad,0.6660000000000001,1.4750000000000005,0.30000000000000004,bad,0.038000000000000006,0.7500000000000002,0.76,bad,0.348,3.822000000000001,6.85,good,0.48000000000000076,23.350000000000005,37.599999999999994,good,12.760000000000002,61.830000000000005,18.65,good,1.450000000000001,77.58000000000003,29.2,good,15.52,39.06,1.9949999999999999,good,0.9150000000000001,12.576,72.0,49.0,89.0,64.0,99.0,39% FCF margin; 34% net margin,strength,21.0,,1.086,1.095,1.332,0.891,27.0,27.0
TT,Trane Technologies,Industrials,452.05999755859375,100.71896745605468,4.534868119894942,3.795986914069392,2.608045082681716,3.6358905173398326,2.751798583311591,10.0,73.87997431516695,19.46479855046317,1.2649313484004758,88.141663350577,0.9795053019783502,5.253262107911437,144,0,0,,,,,-10.209351774005127,7.03514681856956,,,-2.449358105227617e-06,0.4774604109610836,agrees,527.40094,22.0,25.926378,Building Products & Equipment,"Trane Technologies plc designs, manufactures, sells, and services of solutions for heating, ventilation, air conditioning, and custom and transport refrigeration.",0.92,16.7,1.07,1.29,4.62,2.84,0.53,0.13,57.8,2.95,13.3,16.180796130189812,17.000284305042214,False,34.1,34.1,9.714423830836072,10.435239606582837,3.55,-1.3,-3.5,-8.5,8.65,22.21,16.0,,,,,,,,,,1.24,warn,0.808,2.3180000000000023,0.29,good,0.0,0.84,0.72,good,0.262,2.2539999999999987,12.0,good,4.069999999999999,20.65,37.95,good,15.22,61.14000000000001,23.299999999999997,good,9.15,53.05,27.0,warn,15.52,48.68000000000001,1.7,good,0.634,5.627999999999998,87.0,83.0,83.0,94.0,92.0,16% FCF margin; sales +10%/yr,strength,23.0,,1.288,1.352,1.562,1.357,21.0,18.0
ON,ON Semiconductor,Information Technology,75.6500015258789,30.59286061706543,4.936083871222922,3.9716174070447194,3.1293356677915365,4.096727367405237,2.961320780336832,10.0,57.73583901615964,24.28397212852036,1.2745986850037432,93.55352168722642,0.6370539516845176,8.705560448622794,144,0,0,,,,,-43.51526803115142,-3.141213977620805,,,1.0326244970215726e-06,3.463498399358067,agrees,103.69231,26.0,16.770447,Semiconductors,"ON Semiconductor Corporation provides intelligent sensing and power solutions in Hong Kong, Singapore, the United Kingdom, the United States, and internationally. It operates through three segments: Power Solutions Group, Analog and Mixed-Signal Group, and Intelligent Sensing Group.",,37.1,3.46,2.44,5.31,1.44,0.73,0.23,37.7,0.12,2.0,-31.35133047428721,3.774140423490646,False,254.9,1.7,-9.432416818523537,0.9373644601514464,1.5,-3.3,-9.9,-9.0,7.24,6.2,24.2,,,"trailing profit of $0.63B against $0.12B in the year to 2025-12-31, only 184 days earlier",2025-12-31,True,,,,,1.53,good,0.79,3.3979999999999997,0.09,warn,-0.29799999999999993,0.782,0.44999999999999996,warn,0.055,1.72,17.75,bad,3.92,38.12,55.5,bad,27.770000000000003,80.71000000000001,20.5,bad,4.800000000000001,76.72,40.349999999999994,bad,13.68,156.26,2.6950000000000003,warn,0.716,12.751,52.0,75.0,44.0,8.0,98.0,sales -9%/yr; margins compressing,concern,17.0,,1.318,1.342,1.839,0.637,15.0,14.0
COR,Cencora,Health Care,303.80999755859375,59.20740375421143,0.1779221935966262,0.15935502838949617,0.13168774216962328,0.1616827691902412,0.13868395825481863,10.0,35.10915341493943,11.651446079095852,1.2808170293477517,86.47035415837644,0.08426679616363075,0.22946961019527504,144,0,0,,,,,-18.929953953677447,5.089761416873029,,,-1.5025332977813832e-06,0.8670880787003066,agrees,369.25,12.0,15.514894,Medical Distribution,"Cencora, Inc. sources and distributes pharmaceutical products in the United States and internationally. The company's U.S.",0.78,21.5,0.93,0.88,12.0,9.14,3.71,0.03,4.0,2.62,0.8,15.815691499736207,,False,22.6,80.9,9.358625216205185,10.248400468649987,4.06,-0.2,-4.9,-6.7,3.24,332.77,1.2,,,,,,,,,,1.54,bad,0.87,3.2350000000000008,0.43,good,-0.10799999999999998,0.8800000000000001,0.685,bad,0.109,2.5710000000000015,13.8,bad,0.76,27.66,60.3,bad,12.2,77.8,13.6,good,3.35,71.78,26.0,good,15.0,54.30000000000002,2.2199999999999998,good,0.557,12.114000000000004,66.0,62.0,49.0,94.0,62.0,sales +9%/yr,strength,19.0,,1.312,1.393,0.85,1.41,18.0,13.0
ATO,Atmos Energy,Utilities,157.0500030517578,26.60018721688843,5.404865730037478,4.39447641793076,4.059142366831154,4.709471884109631,4.235923416347596,10.0,33.15289885377653,22.992257006637494,1.284178809856463,83.12773577397533,2.6658935653852054,6.626886365115936,144,0,0,,,,,-18.3264844496553,6.4523657650654265,,,4.87653650793618e-06,-0.12169405221066354,agrees,185.54546,11.0,17.471045,Utilities - Regulated Gas,"Atmos Energy Corporation, together with its subsidiaries, engages in the regulated natural gas distribution, and pipeline and storage businesses in the United States. It operates through two segments, Distribution, and Pipeline and Storage. The Distribution segment is involved in the regulated natural gas distribution and related sales operations in eight states.",2.54,18.1,0.81,0.65,9.99,9.46,0.65,1.92,36.0,1.4,28.5,18.675407621466334,15.50647408578001,False,19.0,9.2,3.722310964745623,8.23148929647084,-2.02,5.1,16.0,28.8,15.26,4.92,-41.0,,,,,,,,,,0.765,warn,0.52,1.163,2.3,good,1.546,2.748,1.56,good,1.2600000000000002,2.194,14.2,good,6.9,18.880000000000006,67.6,bad,31.29,82.50999999999999,9.4,warn,8.06,12.780000000000008,19.4,good,14.590000000000002,24.3,-1.06,warn,-3.549,2.2850000000000006,53.0,32.0,71.0,88.0,4.0,net debt 20x FCF; burning cash,concern,17.0,,1.008,1.129,1.226,1.184,26.0,22.0
MCK,McKesson Corporation,Health Care,856.2899780273438,102.06976538085938,0.24835520053349985,0.22259811472425095,0.17122146324388599,0.21943933442741614,0.17732107301284927,10.0,45.04910530973878,11.571115883508787,1.2854217835058324,88.02228412256268,0.09416635177487831,0.3114987134320707,144,0,0,,,,,-14.000343678520055,8.84227810219944,,,-1.5105247386237863e-06,1.229885799457331,agrees,979.3571,14.0,17.1356,Medical Distribution,"McKesson Corporation provides healthcare services in the United States and internationally. It operates through four segments: North American Pharmaceutical, Oncology & Multispecialty, Prescription Technology Solutions, and Medical-Surgical Solutions.",0.43,14.4,0.89,0.93,12.15,6.9,,0.02,3.6,4.59,1.1,6.983511474707371,,False,22.2,,13.101731086278633,10.881392705360792,6.85,-5.0,-12.7,-24.6,0.17,410.98,1.7,,True,,,,,,,,1.54,bad,0.87,3.2350000000000008,0.43,good,-0.10799999999999998,0.8800000000000001,,,,,13.8,bad,0.76,27.66,60.3,bad,12.2,77.8,,,,,26.0,good,15.0,54.30000000000002,2.2199999999999998,good,0.557,12.114000000000004,64.0,65.0,50.0,80.0,64.0,margins compressing,concern,19.0,,1.088,1.113,0.645,1.035,26.0,25.0
HUBB,Hubbell Incorporated,Industrials,459.0899963378906,24.46949680480957,4.080902053803234,3.509808555896951,2.513132844236949,3.462664155433623,2.648025464139558,10.0,62.383061570400166,16.271357506003238,1.3383862141948741,86.03263032232391,1.1989283951777783,5.0873293296376145,144,0,0,,,,,-17.703684442432444,7.176563114431778,,,-3.6554425625206277,0.8847385336112179,agrees,562.8333,12.0,20.005516,Electrical Equipment & Parts,"Hubbell Incorporated, together with its subsidiaries, manufactures and sells electrical and utility solutions in the United States and internationally. It operates through two segments, Electrical Solutions and Utility Solutions.",1.24,22.6,1.58,2.16,2.57,2.06,0.68,0.34,35.5,0.91,15.1,18.256138722800298,20.67906476233423,False,26.9,24.1,5.7002559367930195,8.811241623087973,0.91,-0.7,-1.3,-2.6,3.78,6.0,15.2,,,,,,,,,,1.24,good,0.808,2.3180000000000023,0.29,warn,0.0,0.84,0.72,good,0.262,2.2539999999999987,12.0,good,4.069999999999999,20.65,37.95,warn,15.22,61.14000000000001,23.299999999999997,good,9.15,53.05,27.0,good,15.52,48.68000000000001,1.7,bad,0.634,5.627999999999998,85.0,81.0,81.0,91.0,87.0,15% FCF margin,strength,19.0,-1.4236032091030082,1.523,1.528,1.703,1.517,0.0,0.0
CRWD,CrowdStrike,Information Technology,259.25,270.77858825,50.18000595795702,24.874871763356133,26.878764243837015,25.497644978297245,30.7048157397458,6.5,86.69015250380309,101.72970713311811,1.3501783778433771,87.11843711843711,10.88227614516637,69.31087437534302,78,0,0,2020-04-30,43.94577947076226,77.0,"the share count moved +44% in one step on 2020-04-30, which no split explains -- the multiples either side of it are measuring different companies",-1.2343290620271063,24.303575451578887,,,-2.8168256394067726e-06,0.6504696073719174,agrees,235.67,50.0,163.60817,Software - Infrastructure,"CrowdStrike Holdings, Inc. provides cybersecurity solutions in the United States and internationally. Its unified platform provides cloud-delivered protection of endpoints, cloud workloads, identity, and data through a software as a service (SaaS) subscription-based model.",,-9.1,1.57,1.82,0.75,-4.53,0.15,-0.84,75.2,-0.16,-3.0,,,True,,-3.1,26.863034113876406,36.525172219485036,1.61,4.5,7.8,15.4,5.14,5.4,29.8,,,"trailing profit of $0.06B against $-0.16B in the year to 2026-01-31, only 181 days earlier",2026-01-31,True,True,,,,1.53,good,0.79,3.3979999999999997,0.09,good,-0.29799999999999993,0.782,0.44999999999999996,good,0.055,1.72,17.75,bad,3.92,38.12,55.5,good,27.770000000000003,80.71000000000001,20.5,bad,4.800000000000001,76.72,,,,,2.6950000000000003,warn,0.716,12.751,69.0,95.0,20.0,85.0,88.0,net cash; 30% FCF margin; sales +27%/yr,strength,16.0,,1.26,0.954,0.746,-0.021,20.0,31.0
EXPD,Expeditors International,Industrials,188.5800018310547,25.029092163024902,2.0795187773336115,1.5393176634727073,1.6370242985321213,1.505346148978091,1.5926443132200978,10.0,27.03041605419443,35.093543501749224,1.3585735142269715,98.96538002387585,0.7679049712024528,2.1690433516378986,144,0,0,,,,,-2.7436813661399273,6.767076431233887,,,1.7281486242026745e-06,2.3306538956110456,agrees,178.07143,14.0,23.641962,Integrated Freight & Logistics,"Expeditors International of Washington, Inc., together with its subsidiaries, provides logistics services in the Americas, North Asia, South Asia, Europe, and Middle East, Africa, and India.",0.86,-5.6,1.57,2.11,,,,,15.1,0.92,7.6,-4.541142714652491,-1.5517642807015508,False,27.2,43.4,-1.6081833388404077,-0.4748031297642785,0.92,-3.5,-13.5,-22.7,2.12,12.04,7.6,,,,,,,,,,1.24,good,0.808,2.3180000000000023,,,,,,,,,12.0,bad,4.069999999999999,20.65,37.95,bad,15.22,61.14000000000001,23.299999999999997,good,9.15,53.05,27.0,warn,15.52,48.68000000000001,1.7,bad,0.634,5.627999999999998,70.0,82.0,79.0,41.0,76.0,buying back stock,strength,16.0,,1.638,1.607,1.181,-0.133,0.0,0.0
AFL,Aflac,Financials,113.55000305175781,57.92753405685425,3.205907026224708,2.6281954610492844,1.7967616839035947,2.7047591479749244,2.1193419662517163,10.0,78.42694748808552,21.981301381015903,1.3917624798214034,80.85953044170314,0.8455769982516699,3.830962265241986,144,0,0,,,,,-12.35044148841543,13.570081709616598,,,-1.0625933799524034e-06,1.6581433380857602,agrees,118.53333,15.0,15.049721,Insurance - Life,"Aflac Incorporated, through its subsidiaries, provides supplemental health and life insurance products. It operates in two segments, Aflac Japan and Aflac U.S. The Aflac Japan segment offers cancer, medical, nursing care, whole life, and GIFT insurance products, as well as WAYS and child endowment, and Tsumitasu insurance products in Japan.",2.15,4.4,,,,,,,,4.86,,0.4355905509122904,-3.483750372476435,False,11.9,16.0,,,2.65,-6.0,-16.2,-25.7,30.31,,,,,,,,,,,,,,,,,,,,,,,,,,,,,,,,16.549999999999997,warn,6.63,33.89,14.5,good,8.940000000000001,29.16,2.895,warn,0.5220000000000001,15.452000000000002,,,,,,,,,,1.586,1.618,1.629,2.022,,
ETN,Eaton Corporation,Industrials,431.4100036621094,168.0341964263916,5.596476150754092,4.646777118612248,3.032255960872223,4.39686513247599,3.16876879676104,10.0,84.56476705694318,20.43780039154255,1.4174456243572187,93.15559092717866,1.1364944366526415,6.146495102621419,144,0,0,,,,,-6.207060687427301,15.525202000769522,,,-0.003331725794997187,-0.1472922410229116,agrees,480.47192,26.0,26.881742,Specialty Industrial Machinery,"Eaton Corporation plc operates as a power management company in the United States, Canada, Latin America, Europe, and the Asia Pacific. It operates through Electrical Americas, Electrical Global, Aerospace, Vehicle, and eMobility segments.",1.02,11.4,1.24,1.45,20.61,19.92,1.02,0.66,35.9,3.83,12.8,12.208893011414169,15.229381265534547,False,43.9,18.9,10.842812631113418,9.447133714496548,3.93,-0.8,-2.8,-3.0,20.3,30.02,13.1,,,,,,,,,,1.24,good,0.808,2.3180000000000023,0.29,bad,0.0,0.84,0.72,warn,0.262,2.2539999999999987,12.0,good,4.069999999999999,20.65,37.95,warn,15.22,61.14000000000001,23.299999999999997,warn,9.15,53.05,27.0,bad,15.52,48.68000000000001,1.7,good,0.634,5.627999999999998,75.0,58.0,76.0,89.0,85.0,sales +11%/yr,strength,12.0,,1.566,1.416,1.623,1.522,0.0,13.0
MCHP,Microchip Technology,Information Technology,77.97000122070312,42.92248567199707,8.379533739140049,6.132065400555631,5.739077324320195,6.687875473771984,6.114331157250597,10.0,46.008378448405416,36.651082331587226,1.4299284941019754,92.00159172304019,2.7295344474761256,12.833222943920958,144,0,0,,,,,-24.242128623490945,20.928750177062195,,,1.874158117587399e-06,0.33722525491581834,agrees,107.84,25.0,17.187551,Semiconductors,"Microchip Technology Incorporated develops, manufactures, and sells smart, connected, and secure embedded control solutions in the Americas, Europe, and Asia. It operates in two segments, Semiconductor Products and Technology Licensing.",2.31,38.3,1.92,1.03,7.31,7.03,1.13,1.37,60.2,0.23,4.5,-41.552362010334086,-0.008360251772432381,False,186.6,3.6,-16.386403900532454,-2.108333515967631,1.11,2.1,-0.2,-2.6,6.45,5.12,21.7,,,"trailing profit of $0.48B against $0.23B in the year to 2026-03-31, only 91 days earlier",2026-03-31,True,,,,,1.53,good,0.79,3.3979999999999997,0.09,bad,-0.29799999999999993,0.782,0.44999999999999996,bad,0.055,1.72,17.75,bad,3.92,38.12,55.5,good,27.770000000000003,80.71000000000001,20.5,bad,4.800000000000001,76.72,40.349999999999994,bad,13.68,156.26,2.6950000000000003,warn,0.716,12.751,43.0,48.0,43.0,4.0,98.0,net debt 6x FCF; sales -16%/yr; margins compressing,concern,9.0,,1.434,1.327,2.636,1.52,8.0,14.0
VRT,Vertiv,Industrials,244.0399932861328,95.84597304678887,8.349243270391726,3.7315922258960836,1.9336057225582965,4.199278311994027,3.3565791453867426,7.6,331.7965742956682,123.74479216808814,1.4380683597021742,91.3960113960114,0.30251150560357476,13.605546359914788,91,7,0,2020-06-30,37.59677347079533,75.0,"the share count moved +38% in one step on 2020-06-30, which no split explains -- the multiples either side of it are measuring different companies",-35.135424265440605,26.232680888497907,,,-1.1150214196398167e-06,0.2489516585242768,agrees,338.22223,27.0,27.107033,Electrical Equipment & Parts,"Vertiv Holdings Co designs, manufactures, and services critical digital infrastructure technologies and life cycle services for data centers, communication networks, and commercial and industrial environments in the Americas, the Asia Pacific, Europe, the Middle East, and Africa.",0.1,38.6,1.38,1.72,2.96,0.09,0.62,0.01,38.0,1.73,15.1,112.14957678559831,,False,55.4,36.4,21.553901840850198,18.92539226720933,2.93,0.7,2.7,10.1,4.76,11.48,25.5,,,,,,,,,,1.24,good,0.808,2.3180000000000023,0.29,good,0.0,0.84,0.72,good,0.262,2.2539999999999987,12.0,good,4.069999999999999,20.65,37.95,good,15.22,61.14000000000001,23.299999999999997,good,9.15,53.05,27.0,bad,15.52,48.68000000000001,1.7,good,0.634,5.627999999999998,90.0,88.0,80.0,100.0,99.0,26% FCF margin; sales +22%/yr,strength,12.0,,1.529,1.555,1.895,1.141,0.0,0.0
AMCR,Amcor,Materials,42.790000915527344,19.84600242462158,0.8442951767472808,0.11050160598674386,0.11720762452923177,0.4660175364187248,0.3499834337691621,9.1,620.3415137354928,664.0569285921196,1.4566582799435153,75.30471648118707,0.06770795590405676,1.2901359184489307,109,19,0,2025-09-30,45.32328939108601,12.0,"the share count is 45% higher than a year ago, on 2024-09-30 -- the multiples before that point are built on a different share base, so the median is not a like-for-like comparison with today",-15.401342594845103,56.612699047238316,,,5.445418116423184e-07,1.1817362598362635,agrees,50.17917,12.0,9.7459755,Packaging & Containers,"Amcor plc, together with its subsidiaries, develops and produces packaging solutions for nutrition, health, beauty, and wellness categories in Europe, North America, Latin America, and the Asia Pacific.",6.12,17.3,1.25,1.27,14.0,12.88,1.19,0.55,20.0,1.11,4.7,1.8113437238314933,3.328435443752742,False,17.9,9.4,16.94923488530684,12.820487045205065,1.23,45.3,1820.2,1721.5,11.8,23.51,5.2,"share count moved 1722% over five years, which needs explaining",,,,,,,,,1.64,warn,1.072,2.87,0.39,bad,0.116,0.574,0.59,bad,0.20800000000000002,1.298,7.3,warn,-6.159999999999999,19.96,24.55,warn,11.040000000000001,43.940000000000005,13.1,warn,-4.5,27.26,22.6,good,13.94,34.28,1.12,good,-0.08599999999999988,2.950000000000001,53.0,39.0,44.0,69.0,73.0,net debt 10x FCF; margins compressing; diluting +45%/yr,concern,8.0,,1.647,1.754,1.737,1.677,0.0,0.0
PFG,Principal Financial Group,Financials,114.63999938964844,25.25519186553955,1.6337202911978077,1.28295044999698,1.2441635911943363,1.2859857758096598,1.211091351816026,10.0,31.310729775456302,27.340872065764763,1.460484459855178,99.28372463191405,0.4185006873339457,1.6888711858047571,144,0,0,,,,,-3.2655477262269583,-1.9758660266450234,,,-1.4942801867175892,3.498495342476504,agrees,112.08333,12.0,10.9434805,Asset Management,"Principal Financial Group, Inc. provides retirement, asset management, and insurance products and services to businesses, individuals, and institutional clients worldwide. The company operates through Retirement and Income Solutions, Principal Asset Management, and Benefits and Protection segments.",2.95,-2.2,,,3.95,-0.11,0.33,,,1.56,,-28.52740211140884,-0.7806702060067061,False,16.2,13.2,,,3.75,-3.2,-10.6,-20.1,11.85,,,,,,,,,,,,,,,,,,,,0.64,good,0.08400000000000002,1.8500000000000019,,,,,,,,,16.549999999999997,warn,6.63,33.89,14.5,warn,8.940000000000001,29.16,2.895,good,0.5220000000000001,15.452000000000002,,,,,,,,,,1.533,1.325,1.17,0.18,,
CASY,Casey's,Consumer Staples,606.239990234375,22.517121520962647,1.2059084385855545,0.8003840886951457,0.6619988768335628,0.9252132718214733,0.7847268507141143,10.0,82.16170461702148,50.666218334191186,1.4798986636752818,88.97731794667727,0.45003900214725395,2.011557654353295,144,0,0,,,,,-33.83681950556871,13.784436670991607,,,1.3281684196897459e-06,1.5547061725910138,agrees,790.5263,19.0,25.578863,Specialty Retail,"Casey's General Stores, Inc., together with its subsidiaries, operates convenience stores under the Casey's and Casey's General Store names in the United States. Its stores offer pizza, donuts, hot breakfast items, and sandwiches; and beverages, tobacco and nicotine products.",0.43,30.4,1.02,1.09,2.43,1.91,0.59,0.1,11.5,0.77,4.1,18.617511682183043,19.934266275744996,False,29.2,18.8,8.770519778475894,13.800105851792965,0.65,-0.6,-0.8,-0.5,4.09,18.67,3.5,,,,,,,,,,1.025,warn,0.6660000000000001,1.4750000000000005,0.30000000000000004,good,0.038000000000000006,0.7500000000000002,0.76,good,0.348,3.822000000000001,6.85,warn,0.48000000000000076,23.350000000000005,37.599999999999994,bad,12.760000000000002,61.830000000000005,18.65,good,1.450000000000001,77.58000000000003,29.2,good,15.52,39.06,1.9949999999999999,bad,0.9150000000000001,12.576,73.0,74.0,60.0,94.0,61.0,sales +9%/yr,strength,6.0,,1.513,2.452,2.614,1.715,0.0,0.0
CHRW,C.H. Robinson,Industrials,148.24000549316406,17.840684661102294,1.049667405942013,0.6127915104556536,0.7174991469781772,0.7213283443169879,0.7456194786902622,10.0,46.2952827697144,71.29274606978669,1.4806033232806004,91.64345403899722,0.4339619869180296,1.5558839374658504,144,0,0,,,,,-29.21401705034664,-0.09444775571959552,,,1.5061914160341416e-06,1.982883041175576,agrees,197.56,25.0,19.9583,Integrated Freight & Logistics,"C.H. Robinson Worldwide, Inc., together with its subsidiaries, provides freight transportation and related logistics and supply chain services in the United States and internationally. It operates in two segments, North American Surface Transportation and Global Forwarding.",1.68,33.3,1.58,1.12,2.12,1.96,1.3,0.12,92.8,0.63,3.7,5.836701039789793,-0.56215254739721,False,28.3,38.7,-5.460431287948242,-2.317991770703842,0.67,-0.9,0.4,-11.0,1.63,17.0,3.9,,,,,,,,,,1.24,good,0.808,2.3180000000000023,0.29,good,0.0,0.84,0.72,warn,0.262,2.2539999999999987,12.0,bad,4.069999999999999,20.65,37.95,good,15.22,61.14000000000001,23.299999999999997,good,9.15,53.05,27.0,warn,15.52,48.68000000000001,1.7,bad,0.634,5.627999999999998,67.0,74.0,67.0,60.0,68.0,sales -5%/yr,concern,6.0,,1.706,1.637,2.806,1.108,0.0,0.0
NDSN,Nordson Corporation,Industrials,331.32000732421875,18.581751290771486,6.235915991124049,5.301889113832569,4.873995899812818,5.261501708182001,4.724954221473659,10.0,27.942577698178496,17.616869331623963,1.4824053111540914,97.7715877437326,2.6564038130147787,6.847995177229078,144,0,0,,,,,-1.009857387445845,7.019450507102376,,,1.8793239409120588e-06,1.237504034405501,agrees,349.7143,7.0,25.381927,Specialty Industrial Machinery,"Nordson Corporation engineers, manufactures, and markets products and systems to dispense, apply, and control adhesives, coatings, polymers, sealants, biomaterials, medical components, and other fluids.",1.14,5.6,1.82,2.23,1.74,1.63,0.53,0.55,37.9,0.56,18.6,3.483676651304002,8.907542768992528,False,33.2,17.1,4.743949934153036,5.1203976331739565,0.72,-1.8,-2.7,-4.5,3.27,2.98,24.2,,,,,,,,,,1.24,good,0.808,2.3180000000000023,0.29,bad,0.0,0.84,0.72,good,0.262,2.2539999999999987,12.0,good,4.069999999999999,20.65,37.95,warn,15.22,61.14000000000001,23.299999999999997,warn,9.15,53.05,27.0,warn,15.52,48.68000000000001,1.7,bad,0.634,5.627999999999998,81.0,81.0,83.0,69.0,98.0,24% FCF margin; 19% net margin,strength,6.0,,1.214,1.33,1.16,0.342,24.0,19.0
GWW,W. W. Grainger,Industrials,1255.68994140625,59.394134228515625,3.1517184520305452,2.638249642468966,1.8801,2.5684546853091397,2.034438273057756,10.0,67.63568172068216,19.462480020694972,1.493415946859094,93.4341424592121,0.897776256294875,3.608445913592339,144,0,0,,,,,-10.437726624519449,7.80275727933184,,,1.6980631789564882e-06,0.9871807431727664,agrees,1331.6428,14.0,24.511892,Industrial Distribution,"W.W. Grainger, Inc., together with its subsidiaries, distributes maintenance, repair, and operating products and services primarily in North America, Japan, and the United Kingdom. The company operates through two segments, High-Touch Solutions North America and Endless Assortment.",0.8,6.0,2.81,2.85,2.41,1.82,0.53,0.1,39.4,1.87,9.9,1.8868017409807036,16.512836798558904,False,31.8,41.4,5.568160204281414,8.997649531502061,1.51,-1.9,-6.2,-9.9,4.51,18.84,8.0,,,,,,,,,,1.24,good,0.808,2.3180000000000023,0.29,good,0.0,0.84,0.72,good,0.262,2.2539999999999987,12.0,warn,4.069999999999999,20.65,37.95,good,15.22,61.14000000000001,23.299999999999997,good,9.15,53.05,27.0,warn,15.52,48.68000000000001,1.7,warn,0.634,5.627999999999998,78.0,90.0,81.0,65.0,72.0,,,4.0,,1.736,1.806,2.013,1.129,0.0,0.0
JPM,JPMorgan Chase,Financials,336.5899963378906,911.2164380859375,4.569608230792834,3.6532397322109014,3.5041453369808506,3.773565971055225,3.58772664822664,10.0,30.405784901889366,25.083722004396257,1.5005624835406945,90.25069637883009,2.205278810023582,5.20147041551454,144,0,0,,,,,-7.829016830634039,13.529639498075664,,,7.0198751002302995,2.333361563962022,agrees,375.8095,21.0,13.372706,Banks - Diversified,"JPMorgan Chase & Co. operates as a bank and financial holding company in the United States, rest of North America, Europe, the Middle East, Africa, the Asia Pacific, Latin America, and the Caribbean. It operates in three segments: Consumer & Community Banking, Commercial & Investment Bank, and Asset & Wealth Management.",1.97,11.7,,,342.36,32.55,0.91,,,65.07,,10.793957060089653,6.3509048591422035,False,14.0,17.4,,,-162.53,-3.6,-8.6,-11.5,374.6,,,,,,,,,,,,,,,,,,,,0.64,warn,0.08400000000000002,1.8500000000000019,,,,,,,,,16.549999999999997,good,6.63,33.89,14.5,good,8.940000000000001,29.16,2.895,bad,0.5220000000000001,15.452000000000002,,,,,,,,,,1.752,1.828,1.711,2.024,,
GS,Goldman Sachs,Financials,916.280029296875,280.8398289794922,4.242101248878331,2.9534535790375367,2.6347103681366497,3.267140460041913,2.895816156246644,10.0,61.008257309074885,43.631891795663,1.5125286607539365,88.69876641464384,1.3867792644885897,5.841540238717576,144,0,0,,,,,-20.46662886541216,17.77168982263888,,,-2.0230869832611353,5.269064560830761,agrees,1127.25,20.0,12.480785,Capital Markets,"The Goldman Sachs Group, Inc., a financial institution, provides a range of financial services for corporations, financial institutions, governments, and individuals in the Americas, Europe, the Middle East, Africa, and Asia. It operates through three segments: Global Banking & Markets, Asset & Wealth Management, and Platform Solutions.",2.18,23.0,,,301.11,113.84,2.45,,,20.97,,33.33957399263123,0.7589862600176689,False,13.4,17.1,,,-41.52,-4.6,-12.2,-14.5,122.74,,,,,,,,,,,,,,,,,,,,0.64,bad,0.08400000000000002,1.8500000000000019,,,,,,,,,16.549999999999997,good,6.63,33.89,14.5,good,8.940000000000001,29.16,2.895,bad,0.5220000000000001,15.452000000000002,,,,,,,,,,1.871,2.157,2.419,1.995,,
C,Citigroup,Financials,131.30999755859375,245.95675642700195,2.885969567931968,1.559666810886418,1.9946352632373505,1.7022222841824612,1.9353292018260486,9.8,44.68658110696169,85.03757006227258,1.5163102702528777,97.48987854251013,0.9691300696409422,3.2015779055441476,144,2,0,,,,"newest revenue figure was filed 222 days ago, so the denominator is stale",-9.85789966458862,5.57840489581527,,,4.299250053936943,12.099796681209241,market cap differs from Yahoo by +12%,154.9,20.0,10.13183,Banks - Diversified,"Citigroup Inc., a diversified financial service holding company, provides various financial products and services to consumers, corporations, governments, and institutions. It operates through five segments: Services, Markets, Banking, U.S. Personal Banking, and Wealth.",2.05,18.0,,,367.7,18.13,1.72,,,14.31,,-1.224956977167091,5.307147171712834,False,17.2,6.7,,,-74.15,-1.7,-4.9,-10.2,213.82,,,,,,,,,,,,,,,,,,,,0.64,bad,0.08400000000000002,1.8500000000000019,,,,,,,,,16.549999999999997,bad,6.63,33.89,14.5,warn,8.940000000000001,29.16,2.895,bad,0.5220000000000001,15.452000000000002,,,,,,,,,,1.661,1.602,1.792,0.847,,
HWM,Howmet Aerospace,Industrials,228.32000732421875,91.78464294433594,10.067417236408462,4.1330602409638555,2.8074477157360405,5.8999329235195415,3.522952034862507,9.9,258.59678454489205,143.5826397260708,1.525199994220369,90.5182804339092,0.4055589779842456,13.585856430476632,119,0,0,,,,,-21.98188712652699,18.08055951301646,,,3.5099266382232486e-06,-0.341540464153256,agrees,334.36,21.0,35.7422,Aerospace & Defense,"Howmet Aerospace Inc. provides advanced engineered solutions for the aerospace and transportation industries in the United States, Japan, France, Germany, the United Kingdom, Mexico, Italy, Canada, Poland, China, and internationally. It operates through four segments: Engine Products, Fastening Systems, Engineered Structures, and Forged Wheels.",0.24,46.4,1.82,2.14,4.5,3.94,0.79,0.43,,1.87,20.5,52.05913820952408,44.60334607453878,False,49.1,32.6,13.730619349918015,13.806014859014137,1.79,-1.2,-3.6,-8.2,5.73,9.12,19.6,,,,,,,,,,1.24,good,0.808,2.3180000000000023,0.29,warn,0.0,0.84,0.72,warn,0.262,2.2539999999999987,12.0,good,4.069999999999999,20.65,,,,,23.299999999999997,good,9.15,53.05,27.0,bad,15.52,48.68000000000001,1.7,good,0.634,5.627999999999998,90.0,82.0,90.0,100.0,91.0,20% FCF margin; sales +14%/yr; 20% net margin,strength,0.0,,1.521,1.673,1.744,1.536,0.0,0.0
RTX,RTX Corporation,Industrials,187.66000366210938,256.1559049987793,2.7396353475805273,2.1618480284808963,2.0225855451204575,2.255792049481093,2.073777131367817,10.0,35.45213720082059,26.72654652351465,1.5377147439200265,89.81297254277756,1.2758897359062633,3.47296030855278,144,0,0,,,,,-16.776795573147652,11.84344310338641,,,1.9165775855256584e-06,1.669384887739489,agrees,234.13635,22.0,23.809797,Aerospace & Defense,"RTX Corporation, an aerospace and defense company, provides systems and services for commercial, military, and government customers worldwide. It operates through three segments: Collins Aerospace (Collins), Pratt & Whitney, and Raytheon.",1.56,24.8,1.01,1.03,32.09,22.98,0.47,0.25,9.1,7.74,8.3,11.631907003307651,28.79240748258123,False,33.1,11.4,9.828500591778177,8.461029967175836,11.41,0.8,-7.2,-9.8,68.12,93.5,12.2,,,,,,,,,,1.24,bad,0.808,2.3180000000000023,0.29,good,0.0,0.84,0.72,good,0.262,2.2539999999999987,12.0,warn,4.069999999999999,20.65,37.95,bad,15.22,61.14000000000001,23.299999999999997,bad,9.15,53.05,27.0,warn,15.52,48.68000000000001,1.7,good,0.634,5.627999999999998,76.0,78.0,60.0,88.0,88.0,sales +10%/yr,strength,0.0,,1.84,2.259,1.889,1.497,0.0,0.0
MRK,Merck & Co.,Health Care,148.69000244140625,367.41299603271483,5.519280686696733,4.469803110242882,4.561677467789579,4.393490263457361,4.537110978447897,10.0,20.99234822428544,23.47927974833828,1.5380587711332854,95.58296856346996,2.9090543161978664,5.919345518504714,144,0,0,,,,,-4.960049574045211,4.641913983903412,,,1.6343944198027316e-06,-0.24066850597783684,agrees,154.61539,26.0,15.659223,Drug Manufacturers - General,"Merck & Co., Inc. operates as a healthcare company worldwide. It offers human health pharmaceutical for various areas under the Keytruda, Keytruda Qlex, Welireg, Gardasil, ProQuad, M-M-R II, Varivax, Vaxneuvance, Capvaxive, RotaTeq, Pneumovax 23, Bridion, Prevymis, Dificid, Zerbaxa, Winrevair, Adempas/ Verquvo, Ohtuvayre, Lagevrio, Isentress/Isentress HD, Delstrigo, Pifeltro, Belsomra, Januvia, and Janumet brands.",2.28,4.0,1.32,1.38,53.91,46.72,1.28,0.7,73.0,18.25,27.4,0.6597935598878557,-10.648738431316518,False,20.1,43.5,4.512797885933817,8.68123910472045,16.06,-2.0,-2.7,-2.7,41.98,66.57,24.1,,,"trailing profit of $3.17B against $18.25B in the year to 2025-12-31, only 181 days earlier",2025-12-31,True,,,,,1.54,warn,0.87,3.2350000000000008,0.43,bad,-0.10799999999999998,0.8800000000000001,0.685,bad,0.109,2.5710000000000015,13.8,good,0.76,27.66,60.3,good,12.2,77.8,13.6,good,3.35,71.78,26.0,good,15.0,54.30000000000002,2.2199999999999998,good,0.557,12.114000000000004,79.0,70.0,97.0,62.0,90.0,24% FCF margin; 27% net margin,strength,0.0,,1.746,1.687,0.695,-2.612,0.0,0.0
AAPL,Apple Inc.,Information Technology,338.3999938964844,4991.5021067713005,10.692493957605562,7.769630635470084,6.8419479350852725,7.9416147560091925,6.326779774770999,10.0,56.278505172113654,37.61907688110628,1.5579593453400726,99.48269001193792,2.555427255332367,11.111688110897967,144,0,0,,,,,-0.7828344241351815,14.242398286937895,,,2.618551420141557e-06,3.8312191710410337,agrees,328.22205,39.0,34.36494,Consumer Electronics,"Apple Inc. designs, manufactures, and markets smartphones, personal computers, tablets, wearables, and accessories worldwide.",0.33,-3.0,1.0,0.99,93.31,30.91,0.87,0.07,48.7,128.93,27.6,10.13143708287374,8.23076872094488,False,38.7,119.9,6.122283034561193,6.099955915681088,136.68,-2.0,-7.0,-12.5,107.52,466.82,29.3,,,,,,,,,,1.53,warn,0.79,3.3979999999999997,0.09,good,-0.29799999999999993,0.782,0.44999999999999996,warn,0.055,1.72,17.75,good,3.92,38.12,55.5,warn,27.770000000000003,80.71000000000001,20.5,good,4.800000000000001,76.72,40.349999999999994,good,13.68,156.26,2.6950000000000003,good,0.716,12.751,86.0,82.0,87.0,83.0,96.0,29% FCF margin; sales +6%/yr; 28% net margin,strength,0.0,,1.622,1.488,1.336,1.325,0.0,5.0
MS,Morgan Stanley,Financials,193.63999938964844,304.595719039917,3.902971720867187,2.973090547511031,2.603966918927019,3.1489936491130974,2.6840120425536336,10.0,49.88561077709199,31.276584365539083,1.56421832710067,92.59848786311183,1.101146816678336,4.89221280243856,144,0,0,,,,,-15.274557256771637,18.000514084400553,,,0.27496827662958356,0.6121969786134773,agrees,235.80952,21.0,14.171101,Capital Markets,"Morgan Stanley, a financial holding company, provides various financial products and services to corporations, governments, financial institutions, and individuals in the Americas, Asia, Europe, the Middle East, and Africa. It operates through Institutional Securities, Wealth Management, and Investment Management segments.",2.39,21.8,,,407.4,247.26,3.47,,,20.16,,26.18398691554036,7.976199886126256,False,15.1,17.2,,,-15.59,-1.4,-5.1,-14.6,117.44,,,,,,,,,,,,,,,,,,,,0.64,bad,0.08400000000000002,1.8500000000000019,,,,,,,,,16.549999999999997,good,6.63,33.89,14.5,warn,8.940000000000001,29.16,2.895,bad,0.5220000000000001,15.452000000000002,,,,,,,,,,1.893,2.04,2.158,1.634,,
GE,GE Aerospace,Industrials,318.239990234375,334.15198974609376,6.598708302811938,4.355451290030554,1.1136070974924124,3.9005294765891696,2.3963797404821507,10.0,492.55264425583454,51.50458272638949,1.5649887938724905,88.10187027457222,0.34196198690991786,8.22995881025811,144,0,0,,,,"the derived quarters disagreed with the company's own reported annual total at 11 of 19 year ends; the reported figures have been used instead, but the quarterly series is unreliable",-16.520646809093176,21.69326155916562,,,8.846936294659713e-07,1.31013532280142,agrees,397.2857,21.0,35.03148,Aerospace & Defense,"General Electric Company, doing business as GE Aerospace, designs and produces commercial and defense aircraft engines, integrated engine components, electric power, and aircraft systems. The company operates through two segments, Commercial Engines & Services, and Defense & Propulsion Technologies.",0.59,24.8,0.98,1.17,19.16,9.81,1.07,0.19,49.6,8.97,17.7,-3.2171355374329913,,False,37.3,50.2,-2.4422519820343047,-7.52757541610265,8.4,-2.2,-4.4,-4.3,17.87,50.64,16.6,,,,,,,,,,1.24,bad,0.808,2.3180000000000023,0.29,good,0.0,0.84,0.72,warn,0.262,2.2539999999999987,12.0,good,4.069999999999999,20.65,37.95,good,15.22,61.14000000000001,23.299999999999997,good,9.15,53.05,27.0,bad,15.52,48.68000000000001,1.7,good,0.634,5.627999999999998,74.0,78.0,90.0,43.0,87.0,17% FCF margin,strength,0.0,,1.699,1.782,1.937,1.862,0.0,0.0
ROK,Rockwell Automation,Industrials,431.2200012207031,48.42600613708496,5.396857922331992,4.071788480154889,3.7967342779503106,4.315182015626348,3.9896436548406387,10.0,42.14473616640662,32.54268851722617,1.5776110509915238,90.60883406287306,2.0886578595814163,6.315025442980463,144,0,0,,,,,-12.898925179626897,11.313732787495345,,,3.56625444730696e-06,0.8495954891477808,agrees,476.84,25.0,29.001978,Specialty Industrial Machinery,"Rockwell Automation, Inc., together with its subsidiaries, provides industrial automation and digital transformation solutions in North America, Europe, the Middle East, Africa, the Asia Pacific, and Latin America. It operates in three segments: Intelligent Devices, Software & Control, and Lifecycle Services.",1.28,10.6,1.08,1.46,3.26,2.77,0.93,0.31,49.1,1.2,13.4,-5.504536683788242,-4.879996992455016,False,40.4,34.3,1.3410277219156885,5.8294898373807635,1.5,-0.8,-2.9,-4.1,3.5,8.97,16.7,,,,,,,,,,1.24,warn,0.808,2.3180000000000023,0.29,warn,0.0,0.84,0.72,warn,0.262,2.2539999999999987,12.0,good,4.069999999999999,20.65,37.95,good,15.22,61.14000000000001,23.299999999999997,good,9.15,53.05,27.0,bad,15.52,48.68000000000001,1.7,warn,0.634,5.627999999999998,72.0,77.0,82.0,43.0,93.0,margins compressing,concern,0.0,,1.473,1.526,2.119,1.108,7.0,0.0
FAST,Fastenal,Industrials,50.4900016784668,58.09330496646758,6.639766034593348,5.495781879633024,4.590230637329822,5.441606973289545,4.670568635965882,10.0,44.64994374347513,20.81567609514938,1.5815902950645668,96.49820931157979,2.7977578956273303,7.454410861788691,144,0,0,,,,,-3.6082442182764574,12.539874459765388,,,-0.0011436669859477,1.3332262302490072,agrees,48.83846,13.0,35.61474,Industrial Distribution,"Fastenal Company, together with its subsidiaries, engages in the wholesale distribution of industrial and construction supplies in the United States, Canada, Mexico, and internationally. It offers fasteners, and related industrial and construction supplies under the Fastenal name.",1.92,-3.3,4.18,4.71,0.19,-0.02,0.05,-0.0,44.7,1.35,15.5,6.373038021854094,9.273058022238011,False,43.0,33.2,6.512684335279961,8.964685481417312,1.16,0.0,0.4,-0.3,4.07,8.75,13.3,,,,,,,,,,1.24,good,0.808,2.3180000000000023,0.29,good,0.0,0.84,0.72,good,0.262,2.2539999999999987,12.0,good,4.069999999999999,20.65,37.95,good,15.22,61.14000000000001,23.299999999999997,good,9.15,53.05,27.0,bad,15.52,48.68000000000001,1.7,warn,0.634,5.627999999999998,85.0,95.0,82.0,76.0,81.0,net cash; sales +7%/yr,strength,0.0,,1.65,1.66,1.66,2.038,0.0,0.0
STT,State Street Corporation,Financials,179.72999572753906,50.6772087853241,3.3659145048700916,2.2911055615384615,2.3829219650067293,2.3748778809295095,2.4739821847450223,10.0,41.25156233811402,46.91224015928377,1.5817925586947623,92.08117787504975,1.3734355103776794,3.94820409342178,144,1,0,,,,,-7.479668625790659,12.333059762739683,,,0.21966617176398806,3.7691741360415865,agrees,199.5,14.0,11.601644,Asset Management,State Street Corporation provides various financial products and services to institutional investors.,2.07,11.0,,,16.21,11.92,0.57,,,3.46,,8.10963673922831,7.8010695402967345,False,14.6,12.2,,,2.02,-3.3,-16.9,-20.2,28.27,,,,,,,,,,,,,,,,,,,,0.64,good,0.08400000000000002,1.8500000000000019,,,,,,,,,16.549999999999997,warn,6.63,33.89,14.5,warn,8.940000000000001,29.16,2.895,warn,0.5220000000000001,15.452000000000002,,,,,,,,,,1.608,1.837,1.399,0.076,,
AME,Ametek,Industrials,251.6699981689453,57.847607429122924,7.356075005963681,5.8739808636585735,5.325528131867258,5.910554041525307,5.107269820602136,10.0,38.12855408547931,25.231511247757,1.5856892165662448,99.08475925189018,2.5885306588644847,7.595041799094674,144,0,0,,,,,-2.649698990814897,12.660538182826752,,,-2.543259836063072e-06,0.6147977466760546,agrees,278.33334,18.0,26.068716,Specialty Industrial Machinery,"AMETEK, Inc. manufactures and sells electronic instruments (EIG) and electromechanical (EMG) devices in the United States and internationally. It operates through EIG and EMG segments.",0.54,10.6,1.21,1.86,2.04,1.54,0.18,0.2,36.4,1.58,20.0,8.480364489318992,12.455560132003885,False,36.6,14.0,6.990698849973209,9.799325903485446,1.82,-0.7,-0.6,-1.3,11.26,7.86,23.1,,,,,,,,,,1.24,warn,0.808,2.3180000000000023,0.29,good,0.0,0.84,0.72,good,0.262,2.2539999999999987,12.0,good,4.069999999999999,20.65,37.95,warn,15.22,61.14000000000001,23.299999999999997,warn,9.15,53.05,27.0,bad,15.52,48.68000000000001,1.7,good,0.634,5.627999999999998,84.0,86.0,80.0,80.0,97.0,23% FCF margin; sales +7%/yr; 20% net margin,strength,0.0,,1.495,1.422,1.625,1.038,3.0,13.0
SNA,Snap-on,Industrials,369.2099914550781,19.424802228436278,4.022614307282462,3.2065184963972015,2.8836358628288115,3.366258780766975,2.9952334655400983,10.0,39.497998313016055,25.4511493322809,1.585833391973863,91.64345403899722,1.417959742027344,4.573171061164642,144,0,0,,,,,-11.948202653149664,4.192379061839202,,,-8.455136034913336,2.300460262047177,agrees,416.55557,9.0,17.158281,Tools & Accessories,"Snap-on Incorporated manufactures and markets tools, equipment, diagnostics, and repair information and systems solutions for professional users worldwide. It operates through Commercial & Industrial Group, Snap-on Tools Group, Repair Systems & Information Group, and Financial Services segments.",2.66,12.8,3.43,3.67,1.5,-0.14,0.25,-0.03,38.8,1.03,21.4,1.9446108461816936,5.543590642885965,False,18.9,17.0,1.573510501250297,3.3334490288556617,1.19,-1.0,-2.6,-4.9,6.07,4.83,24.6,,,,,,,,,,1.24,good,0.808,2.3180000000000023,0.29,good,0.0,0.84,0.72,good,0.262,2.2539999999999987,12.0,good,4.069999999999999,20.65,37.95,good,15.22,61.14000000000001,23.299999999999997,warn,9.15,53.05,27.0,good,15.52,48.68000000000001,1.7,warn,0.634,5.627999999999998,84.0,95.0,85.0,61.0,97.0,net cash; 25% FCF margin; 21% net margin,strength,0.0,,1.77,2.085,2.299,1.624,0.0,0.0
URI,United Rentals,Industrials,1043.9200439453125,65.79410468969726,4.020415807497542,2.9093861263184433,2.2581117922544323,2.9144478581661937,2.3079270776881464,10.0,78.04325814550026,38.18776996042814,1.5860204227426125,97.20447284345049,0.5783166399315581,4.486033548267644,144,0,0,,,,,-10.379274603283084,5.045253225495849,,,-2.7744771863117856,4.191161526829723,agrees,1269.3334,21.0,17.70022,Rental & Leasing Services,"United Rentals, Inc., through its subsidiaries, operates as an equipment rental company in the United States, Canada, Europe, Australia, and New Zealand. It operates through two segments, General Rentals and Specialty.",0.78,21.6,0.8,0.81,13.89,13.73,1.55,0.84,38.2,2.51,15.3,4.624094367597453,22.203944034560365,False,26.2,28.0,9.678272550157384,14.102836615392711,1.15,-3.3,-9.0,-13.3,8.97,16.36,7.0,,,,,,,,,,1.24,bad,0.808,2.3180000000000023,0.29,bad,0.0,0.84,0.72,bad,0.262,2.2539999999999987,12.0,good,4.069999999999999,20.65,37.95,good,15.22,61.14000000000001,23.299999999999997,good,9.15,53.05,27.0,good,15.52,48.68000000000001,1.7,warn,0.634,5.627999999999998,64.0,33.0,87.0,74.0,60.0,net debt 12x FCF; margins compressing,concern,0.0,,1.649,1.65,1.875,1.622,0.0,0.0
RL,Ralph Lauren Corporation,Consumer Discretionary,357.1600036621094,21.893908224487305,2.6203930755083427,1.6798468505062358,1.4711953112624743,1.8634299650294817,1.6176303771727591,10.0,78.11320192828165,55.989998416740505,1.600815876190691,89.97214484679665,0.7368025784648121,3.1804516606075546,144,0,0,,,,,-13.7815320067328,14.676292565091487,,,0.0,3.241441218312757,agrees,446.70587,17.0,17.017876,Apparel Manufacturing,"Ralph Lauren Corporation designs, markets, and distributes lifestyle products in North America, Europe, Asia, and internationally.",1.12,25.1,2.04,2.11,1.64,-0.31,0.6,-0.04,70.3,0.98,11.8,21.528044011063564,41.80387525033575,False,22.3,36.0,8.351670500804985,9.569707843592813,0.88,-1.9,-9.1,-18.6,2.72,8.36,10.5,,,,,,,,,,1.11,good,0.536,2.038,0.16,good,-0.15,1.18,0.82,good,0.11600000000000002,7.960000000000002,11.0,good,1.2,21.85,42.5,good,11.48,74.61999999999999,37.7,warn,2.9200000000000004,173.7700000000001,19.299999999999997,warn,12.57,41.30000000000001,1.6549999999999998,bad,0.665,7.38,88.0,93.0,83.0,95.0,79.0,net cash; sales +8%/yr,strength,0.0,,1.564,1.691,2.169,1.783,0.0,0.0
WMB,Williams Companies,Energy,68.9800033569336,84.56948411560059,5.480492781776981,3.923621975658553,3.268036372435153,4.037580270327441,3.6182946990334908,10.0,67.69987102968602,39.679429256359946,1.6108783489336944,88.6191802626343,1.3795579545454546,6.308775113415424,144,0,0,2018-10-01,23.652684872992992,96.0,share count jumps +25% in one day on 2019-04-01 with no split or corporate action to explain it,-13.123421464819163,10.13489401184784,,,25.22112796634253,0.7427445749202288,revenue differs from Yahoo by +25%,85.6087,23.0,26.611193,Oil & Gas Midstream,"The Williams Companies, Inc., together with its subsidiaries, operates as an energy infrastructure company primarily in the United States. It operates through Transmission, Power & Gulf, Northeast G&P, West, and Gas & NGL Marketing Services segments.",3.06,24.1,0.48,0.77,28.12,27.92,1.83,1.81,79.5,3.07,19.9,4.980027196387415,21.620770969357018,False,27.5,20.0,0.9350775008293954,11.666927199444155,-0.11,0.1,0.2,0.7,15.37,15.43,-0.7,,,,,,,,,,1.25,bad,0.477,1.9010000000000002,0.28,bad,0.11,1.4260000000000002,0.4,bad,0.222,1.59,12.55,good,2.81,26.3,43.6,good,8.180000000000001,85.02000000000001,13.85,good,6.09,24.81000000000001,23.65,warn,11.39,37.81000000000001,4.74,bad,0.6950000000000001,13.038,51.0,20.0,83.0,68.0,25.0,net debt 20x FCF; burning cash,concern,0.0,,1.581,1.672,1.699,1.525,0.0,0.0
ROST,Ross Stores,Consumer Discretionary,237.08999633789062,75.9501206968689,3.098512834385666,2.2125216503301455,2.260050397915207,2.2568666934205273,2.3256085287325554,10.0,37.09928049586424,40.04440742640034,1.612532448583049,91.48428173497811,1.3077074342196853,3.7704465739115585,144,0,0,,,,,-7.107316405637798,14.020263324227876,,,3.0679105034181475e-06,1.0094783297484033,agrees,270.55557,18.0,26.212288,Apparel Retail,"Ross Stores, Inc., together with its subsidiaries, operates off-price retail apparel and home fashion stores under the Ross Dress for Less and dd's DISCOUNTS brands in the United States. The company offers designer apparel, accessories, footwear, and home-fashioned products for the entire family. It sells its products to middle income households and households with lower to more moderate incomes.",0.76,14.1,1.61,1.83,1.26,-3.1,0.19,-0.13,29.7,2.66,10.8,18.229424304587116,14.684810863997622,False,28.6,39.4,8.438484513070431,7.183229769127708,2.79,-1.7,-5.5,-9.8,6.74,24.51,11.4,,,,,,,,,,1.11,good,0.536,2.038,0.16,good,-0.15,1.18,0.82,good,0.11600000000000002,7.960000000000002,11.0,warn,1.2,21.85,42.5,warn,11.48,74.61999999999999,37.7,good,2.9200000000000004,173.7700000000001,19.299999999999997,warn,12.57,41.30000000000001,1.6549999999999998,good,0.665,7.38,89.0,96.0,81.0,94.0,84.0,net cash; sales +8%/yr,strength,0.0,,1.645,1.743,1.385,0.21,0.0,0.0
FCX,Freeport-McMoRan,Materials,71.95999908447266,103.91023867797851,4.114116430216515,2.5947958300712846,2.2373406163378444,2.678913804476335,2.1336876531010707,10.0,83.88422398332183,58.55260681929997,1.6133255294276347,98.84600079586153,0.5357062733693394,4.568636021696955,144,0,0,,,,,-9.948693424511756,-1.5705378020264948,,,-2.3619887511213578,2.2178352826390135,agrees,72.77273,22.0,17.028494,Copper,"Freeport-McMoRan Inc. engages in the mining of mineral properties in North America, South America, and Indonesia. The company primarily explores for copper, gold, molybdenum, silver, and other metals.",0.85,1.1,2.07,2.9,10.61,6.12,0.33,0.24,25.3,4.59,18.2,11.432449886406214,5.131921663628658,False,22.6,14.2,5.0565454110769625,6.685149514442812,1.6,0.0,0.1,-2.6,32.22,25.26,6.3,,,,,,,,,,1.64,good,1.072,2.87,0.39,good,0.116,0.574,0.59,good,0.20800000000000002,1.298,7.3,good,-6.159999999999999,19.96,24.55,good,11.040000000000001,43.940000000000005,13.1,good,-4.5,27.26,22.6,good,13.94,34.28,1.12,good,-0.08599999999999988,2.950000000000001,76.0,80.0,76.0,84.0,55.0,18% net margin,strength,0.0,,1.637,1.742,1.342,0.324,0.0,0.0
CVX,Chevron Corporation,Energy,206.3699951171875,408.70834600976565,1.958250144984048,1.492717491277874,1.4878740648515336,1.5682358919758816,1.5460983126699355,10.0,31.613971319504806,31.186922939292707,1.6224328344440484,89.81297254277756,0.734614807135452,2.2278276546369393,144,0,0,,,,,-5.234883079768792,11.172604082328386,,,-0.3214178008961066,1.9445300532833665,agrees,224.33333,24.0,14.457426,Oil & Gas Integrated,"Chevron Corporation, through its subsidiaries, engages in the integrated energy and chemicals operations. It operates through Upstream and Downstream segments.",3.48,8.7,1.25,1.25,40.18,30.55,0.21,0.15,43.6,12.3,5.9,-11.951306099180004,41.84368128762477,False,33.2,6.3,-0.8442656658995684,12.460431385109882,27.01,14.0,4.9,3.0,195.56,208.71,12.9,,,"trailing profit of $20.59B against $12.30B in the year to 2025-12-31, only 181 days earlier",2025-12-31,True,,,,,1.25,good,0.477,1.9010000000000002,0.28,good,0.11,1.4260000000000002,0.4,good,0.222,1.59,12.55,bad,2.81,26.3,43.6,good,8.180000000000001,85.02000000000001,13.85,bad,6.09,24.81000000000001,23.65,bad,11.39,37.81000000000001,4.74,good,0.6950000000000001,13.038,58.0,85.0,42.0,28.0,89.0,margins compressing; diluting +14%/yr,concern,0.0,,1.41,1.367,0.975,0.129,11.0,14.0
WBD,Warner Bros. Discovery,Communication Services,30.899999618530273,79.56749901771545,2.2031704006012864,0.865677026347695,1.0337838646909145,1.0847696141100485,1.1724332645863673,10.0,113.11712011098183,154.5025839367018,1.6234380463619003,95.54317548746518,0.4118347773826814,4.866033174023054,144,0,0,2023-03-31,25.36082474226804,42.0,"the share count moved +244% in one step on 2022-06-30, which no split explains -- the multiples either side of it are measuring different companies",0.0,-6.050831143830804,,,-3.7214452408562693e-06,2.87326232100229,agrees,30.16667,12.0,495.8213,Entertainment,"Warner Bros. Discovery, Inc. operates as a media and entertainment company worldwide.",,-2.4,0.78,0.88,33.52,30.14,0.99,0.83,89.7,0.73,2.0,,,False,109.0,2.1,-4.822540931664876,26.16182571634973,2.18,3.0,5.7,286.6,33.99,36.12,6.0,,,"trailing profit of $-3.17B against $0.73B in the year to 2025-12-31, only 181 days earlier",2025-12-31,True,,,,,1.1,bad,0.699,3.2830000000000017,0.18,warn,-0.13099999999999998,1.0530000000000002,0.815,warn,0.21400000000000002,1.9100000000000037,9.6,bad,-0.20999999999999924,29.62,60.9,good,20.1,88.5,15.100000000000001,bad,-0.34999999999999876,45.53,21.85,bad,7.77,111.25,4.4399999999999995,warn,0.7800000000000001,42.20900000000002,37.0,30.0,33.0,26.0,77.0,net debt 14x FCF; sales -5%/yr,concern,0.0,,1.478,1.325,1.088,0.251,5.0,13.0
WMT,Walmart,Consumer Staples,108.7300033569336,868.6439968185425,1.1924290177146806,0.762564371488103,0.6815779837954978,0.9138214246893049,0.7579857178764403,10.0,74.95122290693878,56.37093238276003,1.651221649774734,89.77317946677277,0.4232778771945754,1.5424663306191029,144,0,0,,,,,-18.979133117039048,6.103145518844566,,,-1.0021169952376785,2.2026837488594575,agrees,127.425,40.0,33.070442,Discount Stores,"Walmart Inc. engages in the operation of retail and wholesale stores and clubs, ecommerce websites, and mobile applications worldwide. The company operates through three segments: Walmart U.S., Walmart International, and Sam's Club U.S.",0.93,17.2,0.77,0.83,46.94,34.95,0.45,0.05,24.5,22.08,3.0,16.276648740335496,17.04698270844871,False,39.3,21.1,5.209886230863825,5.335243304882398,13.51,-0.5,-1.5,-5.6,104.51,728.47,1.9,,,,,,,,,,1.025,bad,0.6660000000000001,1.4750000000000005,0.30000000000000004,good,0.038000000000000006,0.7500000000000002,0.76,good,0.348,3.822000000000001,6.85,warn,0.48000000000000076,23.350000000000005,37.599999999999994,bad,12.760000000000002,61.830000000000005,18.65,good,1.450000000000001,77.58000000000003,29.2,bad,15.52,39.06,1.9949999999999999,good,0.9150000000000001,12.576,70.0,76.0,59.0,90.0,50.0,,,0.0,,1.743,1.614,1.956,1.818,0.0,0.0
CMI,Cummins,Industrials,517.8400268554688,71.77262772216797,2.0678986897017393,1.3114625678672478,1.312345946739769,1.474732759656661,1.4022919196126615,10.0,57.57268080409537,57.67881908094699,1.668728838246352,91.8424194190211,0.6805326884731238,2.979568419189237,144,0,0,,,,,-28.828045072710083,2.930011862396209,,,-2.2127462973031697e-06,-0.002087601638456338,agrees,745.96,20.0,15.057909,Specialty Industrial Machinery,"Cummins Inc. offers various power solutions worldwide. The company operates through five segments: Engine, Distribution, Components, Power Systems, and Accelera.",1.69,44.1,1.73,1.43,6.89,2.96,0.5,0.09,25.3,2.83,8.1,2.8815641980067364,8.045460146833161,False,25.4,20.4,2.5374234078163305,10.176898204446916,3.37,0.1,-2.7,-6.0,13.91,34.71,9.7,,,,,,,,,,1.24,good,0.808,2.3180000000000023,0.29,good,0.0,0.84,0.72,good,0.262,2.2539999999999987,12.0,warn,4.069999999999999,20.65,37.95,warn,15.22,61.14000000000001,23.299999999999997,warn,9.15,53.05,27.0,good,15.52,48.68000000000001,1.7,good,0.634,5.627999999999998,76.0,89.0,68.0,65.0,85.0,,,0.0,,1.936,2.154,3.177,1.067,0.0,0.0
PWR,Quanta Services,Industrials,644.3599853515625,98.22559180700684,2.9851139307417274,1.6964861981419614,1.2339536407028608,1.9009929595296908,1.2827118295831625,10.0,141.91459324528628,75.95863343958275,1.6803615626863793,95.42379625945085,0.2898996734932262,3.9647892142232286,144,0,0,,,,,-17.941013530696026,26.301110853942333,,,-6.807447050505289e-07,0.23805215903092147,agrees,769.0407,29.0,32.96207,Engineering & Construction,"Quanta Services, Inc. offers infrastructure solutions for the electric and gas utility, power generation, load center, manufacturing, communications, pipeline, and energy industries.",0.07,19.3,1.1,1.61,6.1,5.59,0.63,0.17,15.5,1.33,4.0,31.79684710579982,19.711796027950346,False,73.9,13.7,21.476765151779876,23.113672554001894,2.39,1.0,2.5,5.4,9.74,32.91,7.3,,,,,,,,,,1.24,warn,0.808,2.3180000000000023,0.29,good,0.0,0.84,0.72,good,0.262,2.2539999999999987,12.0,bad,4.069999999999999,20.65,37.95,bad,15.22,61.14000000000001,23.299999999999997,warn,9.15,53.05,27.0,bad,15.52,48.68000000000001,1.7,good,0.634,5.627999999999998,75.0,74.0,53.0,99.0,80.0,sales +21%/yr,strength,0.0,,1.859,1.751,2.198,1.461,0.0,0.0
FTNT,Fortinet,Information Technology,176.3300018310547,130.71343035736083,17.36501718486607,11.238433532588084,9.578882938959831,11.936819966318136,10.038622858735986,10.0,81.28436578171329,54.514569441663994,1.7163567520888603,96.81655391961799,4.210263294137496,19.720545960468243,144,0,0,,,,,-1.3483291865522218,18.768046198267573,,,8.502271775512327e-07,1.246407420133333,agrees,164.31944,36.0,46.577744,Software - Infrastructure,"Fortinet, Inc. provides cybersecurity and convergence of networking and security solutions worldwide.",,-6.8,1.28,1.3,1.0,-3.17,0.64,-0.42,80.2,2.12,28.2,26.023103671888048,32.734853661870325,False,61.7,136.7,14.701967672076787,20.93354345530831,3.12,-4.3,-6.9,-11.3,1.55,7.53,41.4,,,,,,,,,,1.53,warn,0.79,3.3979999999999997,0.09,good,-0.29799999999999993,0.782,0.44999999999999996,warn,0.055,1.72,17.75,good,3.92,38.12,55.5,good,27.770000000000003,80.71000000000001,20.5,good,4.800000000000001,76.72,40.349999999999994,warn,13.68,156.26,2.6950000000000003,good,0.716,12.751,94.0,92.0,90.0,100.0,100.0,net cash; 41% FCF margin; sales +15%/yr,strength,0.0,,1.834,1.684,1.627,0.405,0.0,0.0
NUE,Nucor,Materials,244.49000549316406,55.963762257385255,1.5501997799890654,1.0779116245439906,1.017782062233971,1.1037001838692062,1.00706587203734,10.0,52.31156428385751,43.815109206645374,1.749859035846601,96.41862315957025,0.384366277392155,1.8409831967213115,144,0,0,,,,,-11.010407842627924,17.188210088943713,,,-3.3683276390306105e-06,4.415633554448606,agrees,283.3125,16.0,11.945442,Steel,"Nucor Corporation engages in the manufacture and sale of steel and steel products. The company operates in three segments: Steel Mills, Steel Products, and Raw Materials.",0.95,15.9,2.51,3.72,6.52,3.83,0.28,0.11,11.4,1.74,4.8,-19.54434944530511,-1.0577625081561237,False,32.2,7.5,-1.2188184195360163,6.786523124323152,1.58,-1.3,-9.3,-23.6,23.27,36.1,4.4,,,"trailing profit of $2.88B against $1.74B in the year to 2025-12-31, only 185 days earlier",2025-12-31,True,,,,,1.64,good,1.072,2.87,0.39,good,0.116,0.574,0.59,good,0.20800000000000002,1.298,7.3,warn,-6.159999999999999,19.96,24.55,bad,11.040000000000001,43.940000000000005,13.1,warn,-4.5,27.26,22.6,bad,13.94,34.28,1.12,good,-0.08599999999999988,2.950000000000001,58.0,87.0,55.0,23.0,66.0,margins compressing,concern,0.0,,1.872,1.997,1.767,0.382,0.0,0.0
GOOG,Alphabet Inc. (Class C),Communication Services,339.1600036621094,4174.720485076904,9.363151982714362,6.306872677315982,6.46409728016694,6.8510478090172064,6.7379188637038,10.0,44.848562403945614,48.459505396247216,1.7691376724211796,93.39434938320733,3.8837997265813917,11.558492493473357,141,14,0,,,,,-15.006013516913253,20.050673265140716,,,0.00022787116229494586,1.1954878207149022,agrees,422.336,15.0,22.381256,Internet Content & Information,"Alphabet Inc. offers various products and platforms in the United States, Europe, the Middle East, Africa, the Asia-Pacific, Canada, and Latin America. It operates through Google Services, Google Cloud, and Other Bets segments.",0.26,24.5,2.72,2.04,100.16,-142.31,0.16,-0.32,60.9,132.17,29.6,58.80859070167526,31.158629427926332,False,31.6,20.6,15.475316894974679,15.149048434917244,53.27,0.5,-3.8,-8.9,640.48,445.87,11.9,,,"trailing profit of $244.21B against $132.17B in the year to 2025-12-31, only 181 days earlier",2025-12-31,True,,,,,1.1,good,0.699,3.2830000000000017,0.18,good,-0.13099999999999998,1.0530000000000002,0.815,good,0.21400000000000002,1.9100000000000037,9.6,good,-0.20999999999999924,29.62,60.9,good,20.1,88.5,15.100000000000001,good,-0.34999999999999876,45.53,21.85,bad,7.77,111.25,4.4399999999999995,good,0.7800000000000001,42.20900000000002,91.0,99.0,86.0,100.0,67.0,net cash; sales +15%/yr; 30% net margin,strength,0.0,,2.014,1.892,2.338,1.096,0.0,0.0
EMR,Emerson Electric,Industrials,159.38999938964844,89.68875265655518,4.812661121300449,3.8115522018510877,3.2478339982137543,3.8434079267166545,3.2267529969776945,10.0,48.18063743243404,26.265124191744537,1.7694389322237973,99.48269001193792,1.2725798868088811,5.015359562300671,144,0,0,,,,,-3.035649477035862,4.820293604814663,,,4.1210561851912075e-06,2.257794649496092,agrees,173.49963,28.0,21.654375,Specialty Industrial Machinery,"Emerson Electric Co., a technology and software company, provides various solutions in the Americas, Asia, the Middle East, Africa, and Europe. It operates through Final Control, Measurement & Analytical, Discrete Automation, Safety & Productivity, Control Systems & Software, and Test & Measurement segments.",1.41,8.9,0.9,2.75,13.11,10.83,0.64,0.58,51.1,2.58,13.8,-41.99583005592914,1.8175391415818032,False,34.8,12.7,7.580132431805198,0.8690684585047181,3.46,-0.8,-2.7,-6.6,20.39,18.64,18.6,,,,,,,,,,1.24,bad,0.808,2.3180000000000023,0.29,bad,0.0,0.84,0.72,good,0.262,2.2539999999999987,12.0,good,4.069999999999999,20.65,37.95,good,15.22,61.14000000000001,23.299999999999997,bad,9.15,53.05,27.0,warn,15.52,48.68000000000001,1.7,good,0.634,5.627999999999998,65.0,65.0,72.0,38.0,95.0,margins compressing,concern,0.0,,1.519,1.592,1.387,1.162,0.0,0.0
KO,Coca-Cola Company (The),Consumer Staples,87.18000030517578,376.0945213165283,7.631168763016969,6.380453391853823,6.207517479686338,6.3880015388863844,6.08295430445271,10.0,22.934309697708134,19.60229617475122,1.7701562333729408,98.68630573248409,4.1386813963348565,8.052204772339907,144,0,0,,,,,-5.228828888818581,5.105566218809976,,,-1.6856478824041288,0.6587125120019355,agrees,94.65217,23.0,24.625818,Beverages - Non-Alcoholic,"The Coca-Cola Company, a beverage company, manufactures and sells various nonalcoholic beverages in the United States and internationally. The company provides Trademark Coca-Cola, sparkling soft drinks and flavors; water, sports, coffee, and tea; juice, value-added dairy, and plant-based beverages; and emerging beverages.",2.44,8.6,1.36,1.14,39.12,25.78,1.09,0.52,61.7,13.7,27.8,11.523712224162885,13.67272087955984,False,27.5,38.3,4.24182720355315,8.066797964777583,12.56,0.0,-0.7,-0.6,35.73,49.28,25.5,,,,,,,,,,1.025,good,0.6660000000000001,1.4750000000000005,0.30000000000000004,warn,0.038000000000000006,0.7500000000000002,0.76,warn,0.348,3.822000000000001,6.85,good,0.48000000000000076,23.350000000000005,37.599999999999994,good,12.760000000000002,61.830000000000005,18.65,good,1.450000000000001,77.58000000000003,29.2,good,15.52,39.06,1.9949999999999999,good,0.9150000000000001,12.576,86.0,78.0,93.0,83.0,92.0,26% FCF margin; 28% net margin,strength,0.0,,1.592,1.746,1.219,0.324,0.0,0.0
PCAR,Paccar,Industrials,111.6500015258789,58.90654080505371,2.1177367109719554,1.5306561252363942,1.381199246619782,1.6115247394741072,1.4262838705301675,10.0,53.325938756099546,38.35483202635683,1.7719583423375433,93.03621169916435,0.6774965185138888,2.624933260378119,144,0,0,2023-01-03,-33.205961024073375,45.0,"the share count moved +50% in one step on 2023-01-03, which no split explains -- the multiples either side of it are measuring different companies",-19.21713224377476,-10.55897825052412,,,-2.9911056853570983e-06,0.1001503278138749,agrees,144.8,15.0,15.474906,Farm & Heavy Construction Machinery,"PACCAR Inc designs, manufactures, and distributes light, medium, and heavy-duty commercial trucks in the United States, Canada, Australia, Mexico, Europe, Central and South America, and internationally. It operates through three segments: Truck, Parts, and Financial Services.",1.25,29.7,,,,,,,20.0,2.5,9.0,-11.764822629204353,7.338124694362369,False,23.6,12.3,-5.0960995063892405,4.619798603690772,3.7,0.2,0.5,0.9,20.32,27.82,13.3,,,,,,,,,,,,,,,,,,,,,,12.0,warn,4.069999999999999,20.65,37.95,bad,15.22,61.14000000000001,23.299999999999997,bad,9.15,53.05,27.0,good,15.52,48.68000000000001,1.7,good,0.634,5.627999999999998,,,63.0,21.0,89.0,sales -5%/yr; margins compressing,concern,,,2.029,2.394,2.224,1.017,,
STLD,Steel Dynamics,Materials,230.38999938964844,33.39641275152588,1.6260254312145055,1.0385456650275062,0.9950323505633772,1.0857414929366558,0.9871312133149305,10.0,63.414328216953585,56.56754305275924,1.7742279292839396,95.34421010744131,0.32728980589373297,2.1612896384035465,144,0,0,,,,,-18.52100743045394,19.772527183961387,,,3.661384773145926e-06,5.005293226149643,agrees,271.7143,14.0,11.336767,Steel,"Steel Dynamics, Inc., together with its subsidiaries, operates as a steel producer and metal recycler in the United States. It operates through four segments: Steel Operations, Metals Recycling Operations, Steel Fabrication Operations, and Aluminum Operations.",0.96,17.9,3.18,3.77,4.2,3.59,0.45,0.17,14.7,1.61,7.8,-18.76538524184387,2.0500020188658263,False,20.7,17.1,-0.5164860723994469,9.715973311511195,0.96,-3.3,-15.1,-31.5,9.42,20.54,4.7,,,,,,,,,,1.64,good,1.072,2.87,0.39,good,0.116,0.574,0.59,good,0.20800000000000002,1.298,7.3,good,-6.159999999999999,19.96,24.55,warn,11.040000000000001,43.940000000000005,13.1,good,-4.5,27.26,22.6,good,13.94,34.28,1.12,warn,-0.08599999999999988,2.950000000000001,60.0,79.0,72.0,24.0,58.0,margins compressing,concern,0.0,,1.849,1.91,2.075,0.99,0.0,0.0
JCI,Johnson Controls,Industrials,148.88999938964844,91.41845962524414,3.7415978236501513,2.268221136461472,1.8564650569476082,2.395635247781584,2.1017319701946686,10.0,101.54420949899645,64.95736520149063,1.780114501186191,96.62019433882551,0.7553571428571428,7.407378543900889,144,7,0,2017-01-03,41.95385076415943,117.0,"share count jumps +58% in one day on 2014-12-26 with no split or corporate action to explain it; the share count moved -37% in one step on 2014-12-26, which no split explains -- the multiples either side of it are measuring different companies",-3.792970154013664,5.097212663454931,,,-2.248450941408109,1.0038397251606712,agrees,165.15,20.0,24.605606,Building Products & Equipment,"Johnson Controls International plc, together with its subsidiaries, engages in engineering, manufacturing, commissioning, and retrofitting building products and systems in the Americas, Europe, the Middle East, Africa, and the Asia-Pacific.",1.07,10.9,1.04,0.97,9.49,8.78,0.7,0.36,36.6,3.53,14.5,36.40368445359323,27.382057029479647,False,25.9,26.1,4.46571729481533,1.9062392960877084,2.67,-7.1,-10.9,-15.0,13.54,24.43,10.9,,,,,,,,,,1.24,bad,0.808,2.3180000000000023,0.29,warn,0.0,0.84,0.72,good,0.262,2.2539999999999987,12.0,good,4.069999999999999,20.65,37.95,warn,15.22,61.14000000000001,23.299999999999997,good,9.15,53.05,27.0,good,15.52,48.68000000000001,1.7,good,0.634,5.627999999999998,81.0,71.0,86.0,89.0,76.0,buying back stock,strength,0.0,,0.875,0.796,0.887,0.5,36.0,38.0
ETR,Entergy,Utilities,98.0999984741211,45.372295628864734,3.4146759991553473,1.9898120033314992,1.8682831418425565,2.4047926796817034,2.0211948923700493,10.0,82.7707975669947,71.6079706745275,1.7832512101725513,92.12097095105452,1.1333452049648596,4.2122464874841326,144,0,0,,,,,-16.800951171129597,11.360630860184106,,,-1.4447812850778896,-4.80621000983712,agrees,122.675,20.0,19.543922,Utilities - Regulated Electric,"Entergy Corporation, together with its subsidiaries, engages in the production and retail distribution of electricity in the United States. It generates, transmits, distributes, and sells electric power in portions of Arkansas, Louisiana, Mississippi, and Texas, including the City of New Orleans.",2.57,25.1,0.96,0.91,34.2,30.63,1.96,2.31,,1.8,13.6,16.826170029457188,2.11772164205124,False,25.2,10.3,-1.4135731072933533,4.759799621157357,-2.83,3.8,9.0,14.9,17.44,13.29,-21.3,,,,,,,,,,0.765,warn,0.52,1.163,2.3,warn,1.546,2.748,1.56,bad,1.2600000000000002,2.194,14.2,warn,6.9,18.880000000000006,,,,,9.4,good,8.06,12.780000000000008,19.4,bad,14.590000000000002,24.3,-1.06,bad,-3.549,2.2850000000000006,45.0,21.0,62.0,78.0,4.0,net debt 20x FCF; burning cash,concern,0.0,,1.97,2.083,2.315,1.811,0.0,0.0
CAH,Cardinal Health,Health Care,220.2899932861328,52.20872840881348,0.2053456798433556,0.12061050933089976,0.11593968795631174,0.13351474220715523,0.13062388355290763,10.0,77.11422504495073,70.25521323351809,1.7988279938650227,93.19919517102616,0.07920433769492741,0.2321926407899523,144,1,0,,,,,-11.39133852776123,14.378773292065183,,,2.617916439184853e-06,0.6948601858270953,agrees,270.33334,15.0,15.927529,Medical Distribution,"Cardinal Health, Inc. operates as a healthcare services and products company in the United States and internationally. It operates in two segments: Pharmaceutical and Specialty Solutions, and Global Medical Products and Distribution.",0.92,22.7,0.88,0.99,7.35,2.29,7.33,0.01,3.8,1.71,0.7,73.15879586720042,22.91536860862258,False,30.5,170.7,7.442378076936262,9.371407848253256,4.53,-2.1,-9.5,-19.4,1.0,254.25,1.8,,,,,,,,,,1.54,bad,0.87,3.2350000000000008,0.43,good,-0.10799999999999998,0.8800000000000001,0.685,bad,0.109,2.5710000000000015,13.8,bad,0.76,27.66,60.3,bad,12.2,77.8,13.6,good,3.35,71.78,26.0,warn,15.0,54.30000000000002,2.2199999999999998,good,0.557,12.114000000000004,69.0,67.0,53.0,94.0,64.0,sales +7%/yr,strength,0.0,,1.007,1.107,1.241,0.403,29.0,26.0
EME,Emcor,Industrials,765.52001953125,34.15707611131348,1.836621644864156,1.2017093621617123,0.6436482830309849,1.1965104589266449,0.8749759456831453,10.0,185.34553626327966,52.83409638752605,1.799714323578027,92.39952248308795,0.2977937749665899,2.3763358266586496,144,0,0,,,,,-18.885295943708613,18.92137557337672,,,-1.935715387979542e-06,1.618441430732731,agrees,1033.2858,7.0,20.736082,Engineering & Construction,"EMCOR Group, Inc. provides electrical and mechanical construction and facilities, building, and industrial services in the United States and the United Kingdom.",0.21,35.0,1.28,1.26,0.0,-0.92,0.0,-0.05,19.4,1.44,7.7,43.77273316056139,34.826260210313855,False,23.7,35.3,16.660842871685166,15.055659390364774,1.17,-1.7,-6.6,-18.7,4.08,18.6,6.3,,,,,,,,,,1.24,good,0.808,2.3180000000000023,0.29,good,0.0,0.84,0.72,good,0.262,2.2539999999999987,12.0,warn,4.069999999999999,20.65,37.95,bad,15.22,61.14000000000001,23.299999999999997,good,9.15,53.05,27.0,good,15.52,48.68000000000001,1.7,warn,0.634,5.627999999999998,86.0,94.0,76.0,100.0,68.0,net cash; sales +17%/yr,strength,0.0,,1.96,1.912,2.245,2.006,0.0,0.0
TXN,Texas Instruments,Information Technology,278.30999755859375,256.0451977539062,13.162247352794235,9.488787809870367,8.308259603858668,9.811161174094375,8.806379142554704,10.0,58.42364081499323,38.71368626351499,1.8057369893951585,97.0951054516514,5.2300646633701025,16.471630328669054,144,0,0,,,,,-16.242326484111658,16.65967016491754,,,1.644990521576517e-06,-0.4693980262612696,agrees,324.7097,31.0,26.462563,Semiconductors,"Texas Instruments Incorporated designs, manufactures, and sells semiconductors to electronics designers and manufacturers in the United States, China, the rest of Asia, Europe, the Middle East, Africa, Japan, and internationally. It operates through Analog and Embedded Processing segments.",2.16,16.7,4.86,5.69,15.2,8.2,0.84,0.42,58.3,6.05,31.1,-7.660275140352891,-2.087064277480688,False,42.3,33.6,1.1067630824075803,3.022935569645835,5.36,0.7,0.4,-1.8,18.01,19.45,27.6,,,,,,,,,,1.53,good,0.79,3.3979999999999997,0.09,bad,-0.29799999999999993,0.782,0.44999999999999996,warn,0.055,1.72,17.75,good,3.92,38.12,55.5,good,27.770000000000003,80.71000000000001,20.5,good,4.800000000000001,76.72,40.349999999999994,warn,13.68,156.26,2.6950000000000003,good,0.716,12.751,77.0,85.0,92.0,38.0,92.0,margins compressing,concern,0.0,,1.564,1.423,2.021,0.841,0.0,12.0
GOOGL,Alphabet Inc. (Class A),Communication Services,342.75,4218.90975,9.462260606862584,6.2490477757064005,6.50818784529408,6.825365352148767,6.74044680523737,10.0,45.390096779467214,51.419239322313516,1.8122881098719703,93.79228014325507,3.8810086380247406,11.662189875005621,141,14,0,,,,,-14.870100839501266,20.050673265140716,,,0.00022787116229494586,1.186734725562788,agrees,429.36295,54.0,22.62012,Internet Content & Information,"Alphabet Inc. offers various products and platforms in the United States, Europe, the Middle East, Africa, the Asia-Pacific, Canada, and Latin America. It operates through Google Services, Google Cloud, and Other Bets segments.",0.26,25.3,2.72,2.04,100.16,-142.31,0.16,-0.32,60.9,132.17,29.6,58.80859070167526,31.158629427926332,False,31.9,20.6,15.475316894974679,15.149048434917244,53.27,0.5,-3.8,-8.9,640.48,445.87,11.9,,,"trailing profit of $244.21B against $132.17B in the year to 2025-12-31, only 181 days earlier",2025-12-31,True,,,,,1.1,good,0.699,3.2830000000000017,0.18,good,-0.13099999999999998,1.0530000000000002,0.815,good,0.21400000000000002,1.9100000000000037,9.6,good,-0.20999999999999924,29.62,60.9,good,20.1,88.5,15.100000000000001,good,-0.34999999999999876,45.53,21.85,bad,7.77,111.25,4.4399999999999995,good,0.7800000000000001,42.20900000000002,91.0,99.0,86.0,100.0,67.0,net cash; sales +15%/yr; 30% net margin,strength,0.0,,2.036,1.91,2.355,1.051,0.0,0.0
WSM,"Williams-Sonoma, Inc.",Consumer Discretionary,231.02999877929688,27.579206104278565,3.4451803443029174,2.2383316994761544,1.1424231897106079,2.1034532398268873,1.5769607902116392,10.0,201.56778813073907,53.91732803092619,1.8239036985841088,97.49303621169916,0.4123406385559717,3.813198579221759,144,0,0,,,,,-8.241322273692564,2.2401328061310677,,,1.998711862682967e-06,1.8265247435228282,agrees,247.85,20.0,21.87154,Specialty Retail,"Williams-Sonoma, Inc. operates as an omni-channel specialty retailer of various products for home the United States and internationally. The company provides cooking, dining, and entertaining products, such as cookware, tools, electrics, cutlery, tabletop and bar, outdoor, furniture, and a library of cookbooks.",1.32,7.3,1.45,1.22,0.6,-0.43,0.28,-0.05,47.2,1.18,14.7,6.894832446033128,3.669396451847362,False,23.4,55.1,-1.0509309366958375,0.6378160214570494,1.34,-3.9,-9.0,-23.0,2.14,8.01,16.7,,,,,,,,,,1.11,good,0.536,2.038,0.16,good,-0.15,1.18,0.82,good,0.11600000000000002,7.960000000000002,11.0,good,1.2,21.85,42.5,good,11.48,74.61999999999999,37.7,good,2.9200000000000004,173.7700000000001,19.299999999999997,warn,12.57,41.30000000000001,1.6549999999999998,warn,0.665,7.38,85.0,92.0,88.0,69.0,92.0,net cash; 17% FCF margin; buying back stock,strength,0.0,,1.946,2.02,2.044,1.82,0.0,0.0
ADI,Analog Devices,Information Technology,395.42999267578125,193.88604771881103,13.966980497465666,10.131820228535332,7.759625924833595,10.197350701503861,8.70799739983775,10.0,79.99553886697429,37.85262847567075,1.8613428404860972,95.42379625945085,4.694572414121893,18.060034062851816,144,0,0,2022-01-31,32.11010546041746,56.0,"the share count moved +32% in one step on 2022-01-31, which no split explains -- the multiples either side of it are measuring different companies",-11.235073925702332,33.648002102669786,,,-2.7662229618030665e-06,0.47801228566637377,agrees,470.71875,32.0,24.358765,Semiconductors,"Analog Devices, Inc. engages in the design, manufacture, testing, and marketing of integrated circuits (ICs), software, and subsystems products in the United States, rest of North and South America, Europe, Japan, China, and rest of Asia.",1.1,19.0,1.25,1.71,8.12,4.8,0.24,0.35,65.8,4.14,29.8,3.2797072335217337,19.428872010035803,False,46.8,12.3,2.635099749640224,16.362259279922032,4.94,-1.5,-3.4,31.6,33.55,13.88,35.6,,,,,,,,,,1.53,warn,0.79,3.3979999999999997,0.09,warn,-0.29799999999999993,0.782,0.44999999999999996,good,0.055,1.72,17.75,good,3.92,38.12,55.5,good,27.770000000000003,80.71000000000001,20.5,warn,4.800000000000001,76.72,40.349999999999994,warn,13.68,156.26,2.6950000000000003,good,0.716,12.751,83.0,85.0,86.0,66.0,100.0,36% FCF margin; 30% net margin,strength,0.0,,1.865,1.669,2.289,1.415,0.0,0.0
TRGP,Targa Resources,Energy,277.42999267578125,59.730677423095706,3.5678211285186934,1.5621289764201167,1.0582736867768512,1.720386465637674,1.425482925300738,9.6,237.13595765430838,128.39478572985442,1.8724536420605293,97.81854238968765,0.12682646953673699,3.8870128124720007,115,19,0,2021-03-31,18.303186907838075,66.0,,-8.211747667235315,-1.974389151399114,,,5.734253294420455e-07,1.8517251696253956,agrees,325.14285,21.0,22.640669,Oil & Gas Midstream,"Targa Resources Corp., together with its subsidiaries, owns, operates, acquires, and develops a portfolio of complementary domestic infrastructure assets in North America. It operates in two segments, Gathering and Processing, and Logistics and Transportation.",1.83,17.2,0.77,0.8,19.73,19.6,5.2,1.17,15.2,2.3,13.8,12.51631624932128,26.863082557371442,False,26.0,60.6,-2.0940153977835108,7.363182537450497,0.74,-1.2,-5.3,-6.9,3.8,16.74,4.4,,,,,,,,,,1.25,warn,0.477,1.9010000000000002,0.28,bad,0.11,1.4260000000000002,0.4,bad,0.222,1.59,12.55,good,2.81,26.3,43.6,warn,8.180000000000001,85.02000000000001,13.85,good,6.09,24.81000000000001,23.65,warn,11.39,37.81000000000001,4.74,bad,0.6950000000000001,13.038,56.0,17.0,84.0,74.0,49.0,net debt 26x FCF,concern,0.0,,1.913,1.903,1.794,0.978,0.0,0.0
PANW,Palo Alto Networks,Information Technology,392.0899963378906,299.55675720214845,26.093794181371816,13.353128014424161,3.2314398120031718,12.22670287421907,7.275695195056108,10.0,707.4974531305367,95.4133454961645,1.886011822270757,99.08475925189018,1.3653650607461474,28.525740147086555,144,0,0,2022-10-31,243.55329949238578,47.0,"the share count moved +244% in one step on 2022-10-31, which no split explains -- the multiples either side of it are measuring different companies",-0.9873746621488322,24.49842750244009,,,-4.459930114109056e-06,-5.716561189210701,agrees,396.12,50.0,79.60739,Software - Infrastructure,"Palo Alto Networks, Inc. provides cybersecurity solutions in the Americas, Europe, the Middle East, Africa, the Asia Pacific, and Japan. It offers Prisma Access, a secure access service edge solution; Strata Cloud Manager, a network security management solution; and Prisma AIRS to protect customers' entire AI ecosystem.",,1.0,0.87,0.78,1.99,-1.09,0.07,-0.09,70.4,0.31,2.7,-11.283207324005339,,False,966.3,1.1,18.53155765987551,21.954495163934972,4.11,7.7,11.6,288.4,27.49,11.48,35.8,,,,,,,,,,1.53,bad,0.79,3.3979999999999997,0.09,good,-0.29799999999999993,0.782,0.44999999999999996,good,0.055,1.72,17.75,bad,3.92,38.12,55.5,good,27.770000000000003,80.71000000000001,20.5,bad,4.800000000000001,76.72,40.349999999999994,bad,13.68,156.26,2.6950000000000003,good,0.716,12.751,62.0,89.0,29.0,49.0,100.0,margins compressing; diluting +8%/yr,concern,0.0,,2.021,2.117,2.07,1.458,0.0,0.0
KEYS,Keysight Technologies,Information Technology,359.739990234375,62.23501831054688,9.455335507527632,5.555929811176807,4.936479284185956,5.998638550254494,4.940680085456319,10.0,91.54006252630012,70.18457447944051,1.8924435018969448,97.05531237564664,1.8262888357801297,11.174148317773472,143,14,0,,,,,-3.642794708744035,25.53881365630364,,,-1.9446976251558112e-06,1.3619957714514186,agrees,415.08334,12.0,25.99922,Scientific & Technical Instruments,"Keysight Technologies, Inc. provides electronic design and test solutions worldwide. The company operates through Communications Solutions Group and Electronic Industrial Solutions Group segments.",,15.4,2.02,3.66,3.22,0.59,0.49,0.09,64.7,1.26,19.1,3.6956260786826567,8.734705222466532,False,49.4,19.2,5.557241360895104,6.224059865560627,1.47,0.0,-3.4,-7.5,6.57,6.58,22.3,,,,,,,,,,1.53,good,0.79,3.3979999999999997,0.09,good,-0.29799999999999993,0.782,0.44999999999999996,warn,0.055,1.72,17.75,good,3.92,38.12,55.5,good,27.770000000000003,80.71000000000001,20.5,warn,4.800000000000001,76.72,40.349999999999994,warn,13.68,156.26,2.6950000000000003,warn,0.716,12.751,83.0,91.0,80.0,70.0,97.0,22% FCF margin; 19% net margin,strength,0.0,,1.668,1.691,1.874,0.747,0.0,0.0
RVTY,Revvity,Health Care,151.02000427246094,16.87588139743042,5.795665102381446,4.646710662789513,4.100504765773095,4.602446221324662,4.183861685039682,10.0,41.34028451223497,24.72618854435393,1.8942145565609976,99.76124154397135,2.5794296752787154,5.954581523188009,144,0,0,,,,,-0.05955683775205056,4.050217494078012,,,-2.4726878988801104e-06,-1.0041203318516878,agrees,129.0,16.0,25.93212,Diagnostics & Research,"Revvity, Inc. provides health sciences solutions, technologies, and services.",0.18,-14.6,1.8,2.01,3.21,1.47,0.44,0.51,68.3,0.24,8.2,-33.698177081562605,-27.445472046332654,False,70.3,3.3,0.8694033025434145,-9.714760166214198,0.56,-6.0,-11.3,-0.6,7.23,2.91,19.2,,,,,,,,,,1.54,good,0.87,3.2350000000000008,0.43,warn,-0.10799999999999998,0.8800000000000001,0.685,good,0.109,2.5710000000000015,13.8,warn,0.76,27.66,60.3,good,12.2,77.8,13.6,bad,3.35,71.78,26.0,bad,15.0,54.30000000000002,2.2199999999999998,bad,0.557,12.114000000000004,61.0,74.0,59.0,27.0,96.0,margins compressing,concern,0.0,,1.522,1.075,0.49,-0.265,0.0,25.0
PH,Parker Hannifin,Industrials,969.5499877929688,124.1993534362793,5.7769828101902085,3.4346037161146934,2.4349321823015955,3.6861287651690566,2.8025838185854495,10.0,137.25436183317322,68.19939904814612,1.9315281050114597,95.30441703143653,0.8964656032340315,6.554664649544956,144,0,0,,,,,-9.714398596387941,8.30730478589421,,,-3.869947284851349e-06,1.4902083903310048,agrees,1158.4137,24.0,24.642395,Specialty Industrial Machinery,"Parker-Hannifin Corporation engages in the manufacture and sale of motion and control technologies and systems for aerospace and defense, in-plant and industrial equipment, transportation, off-highway, energy, and HVAC and refrigeration markets in North America, EMEA, Asia Pacific, and Latin America. It operates through two segments: Diversified Industrial and Aerospace Systems.",0.82,19.5,1.26,0.89,8.18,7.67,0.53,0.36,13.2,3.65,17.0,20.524004307303123,15.875564504349772,False,34.0,23.7,4.085408049851025,8.425733059523743,3.9,-1.6,-1.3,-2.1,15.41,21.5,18.1,,,,,,,,True,,1.24,good,0.808,2.3180000000000023,0.29,warn,0.0,0.84,0.72,good,0.262,2.2539999999999987,12.0,good,4.069999999999999,20.65,37.95,bad,15.22,61.14000000000001,23.299999999999997,good,9.15,53.05,27.0,warn,15.52,48.68000000000001,1.7,good,0.634,5.627999999999998,86.0,81.0,85.0,89.0,92.0,18% FCF margin,strength,0.0,,1.979,2.061,2.076,1.661,0.0,0.0
PM,Philip Morris International,Consumer Staples,193.75999450683594,302.2655914306641,7.104609035860008,5.006293750394148,4.721014735254129,5.3412011706890885,5.037709659050109,9.6,50.48902480236745,41.913547028690814,1.9341919820900526,96.96302816901408,3.1313162221103843,7.501879591517741,115,7,0,,,,,-3.202280807895319,8.927748476624497,,,-1.0530026961497185e-06,0.01669545723621546,agrees,208.13333,15.0,21.09723,Tobacco,"Philip Morris International Inc. operates as a tobacco company. The company offers cigarettes and smoke-free products, including heat-not-burn, e-vapor, and oral nicotine products under the IQOS, VEEV, and ZYN brands; and consumer accessories, such as lighters and matches.",3.3,7.4,0.98,0.89,45.71,39.68,,0.93,67.5,10.87,25.6,10.554179889241233,4.151657972498857,False,27.8,,8.649099867593634,7.188954741461662,12.72,0.1,0.5,0.0,0.38,42.55,29.9,,True,,,,,,,,1.025,warn,0.6660000000000001,1.4750000000000005,0.30000000000000004,bad,0.038000000000000006,0.7500000000000002,,,,,6.85,good,0.48000000000000076,23.350000000000005,37.599999999999994,good,12.760000000000002,61.830000000000005,,,,,29.2,good,15.52,39.06,1.9949999999999999,good,0.9150000000000001,12.576,78.0,50.0,88.0,85.0,99.0,30% FCF margin; sales +9%/yr; 26% net margin,strength,0.0,,1.646,1.768,1.591,1.415,0.0,0.0
DE,Deere & Company,Industrials,689.5900268554688,186.74097927246095,3.891896529374785,2.474583378451543,1.924253108030866,2.486210326805095,2.072850216097628,10.0,102.2549171484751,57.274818996404875,2.031893566497817,99.60206923995226,0.9062274771880221,4.004151113145294,144,0,0,,,,,-2.803455229299079,7.987306731483357,,,0.11475558818925258,1.7772438619203523,agrees,691.8339,23.0,29.790346,Farm & Heavy Construction Machinery,"Deere & Company engages in the manufacture and distribution of various equipment worldwide. The company operates through four segments: Production and Precision Agriculture, Small Agriculture and Turf, Construction and Forestry, and Financial Services.",0.95,0.3,,,49.56,40.41,1.77,0.84,15.8,4.87,10.2,-21.364152313095296,-2.1692567095843773,False,38.3,17.4,-7.856369893537007,2.489829557144363,6.02,-0.4,-8.5,-14.0,28.0,47.98,12.5,,,,,,,,,,,,,,0.29,bad,0.0,0.84,0.72,bad,0.262,2.2539999999999987,12.0,warn,4.069999999999999,20.65,37.95,bad,15.22,61.14000000000001,23.299999999999997,warn,9.15,53.05,27.0,bad,15.52,48.68000000000001,1.7,good,0.634,5.627999999999998,49.0,41.0,71.0,10.0,88.0,net debt 7x FCF; sales -8%/yr; margins compressing,concern,0.0,,1.908,1.713,1.758,1.182,0.0,0.0
WELL,Welltower,Real Estate,232.9600067138672,169.1883696759796,14.378362856128355,8.336789263862222,6.716262152160711,9.389253890532567,7.642183198754262,10.0,114.0828116946365,72.4688294383877,2.073398842531778,98.05013927576601,2.61935173567055,15.557837485795929,144,0,0,,,,,-7.581224773329954,37.55242876701568,,,-7.806354902472923,0.8146502756535501,agrees,262.04544,22.0,73.23899,REIT - Healthcare Facilities,"Welltower Inc., an S&P 500 company, is positioned at the center of the silver economy, focusing on rental housing for aging seniors across the United States, United Kingdom, and Canada. Their portfolio of 2,500+ seniors and wellness housing communities are positioned at the intersection of housing and hospitality, creating vibrant communities for mature renters and older adults.",1.46,12.5,,,17.93,13.11,0.4,,,1.46,,,12.344729550720146,True,115.9,3.3,,,2.95,8.7,44.7,73.2,44.73,,,,,,,,,,,,,,,,,,,,0.825,good,0.135,2.58,,,,,,,,,7.3,bad,2.22,18.460000000000015,30.25,bad,16.78,128.50000000000003,1.2,good,-0.10599999999999986,3.3679999999999994,,,,,,,,,,2.288,2.362,2.206,1.86,,
ANET,Arista Networks,Information Technology,204.9199981689453,261.4779176635742,24.806268752236473,15.148505631191243,11.191833505402096,15.720216262757374,12.616325825558357,10.0,121.6461560142307,63.753899930298054,2.081775470509291,99.20413847990449,5.268679863907088,26.015608044372335,136,0,0,,,,,-2.650832223778954,32.57367090518055,,,0.0,2.1988809053148595,agrees,241.92892,28.0,39.106148,Computer Hardware,"Arista Networks, Inc. engages in the development, marketing, and sale of data-driven, client to cloud networking solutions for AI, data center, campus, and routing environments in the Americas, Europe, the Middle East, Africa, and the Asia-Pacific.",,18.1,2.96,4.15,0.1,-2.19,0.01,-0.21,63.0,4.04,38.4,33.24317070715248,40.896178863353484,False,64.7,27.3,26.047440028708024,32.02005774227467,5.16,0.1,0.8,0.1,14.8,10.54,49.0,,,,,,,,,,1.53,good,0.79,3.3979999999999997,0.09,good,-0.29799999999999993,0.782,0.44999999999999996,good,0.055,1.72,17.75,good,3.92,38.12,55.5,good,27.770000000000003,80.71000000000001,20.5,good,4.800000000000001,76.72,40.349999999999994,warn,13.68,156.26,2.6950000000000003,good,0.716,12.751,96.0,98.0,90.0,98.0,100.0,net cash; 49% FCF margin; sales +26%/yr,strength,0.0,,2.081,1.954,1.806,1.866,0.0,0.0
AMD,Advanced Micro Devices,Information Technology,607.8699951171875,1008.4563218994141,24.414872821678102,9.091775166719593,7.930472206984824,9.944301074456373,7.948074430279116,10.0,207.8615268353695,168.53801786749685,2.082147943058263,99.60206923995226,1.2450290979631427,25.731021786725048,144,0,0,,,,,-3.6090908439813885,39.54391891891893,,,-4.803292352750788e-06,1.675009368492697,agrees,618.508,50.0,39.001072,Semiconductors,"Advanced Micro Devices, Inc. operates as a semiconductor company internationally. It operates in three segments: Data Center, Client and Gaming, and Embedded.",,1.8,2.61,2.19,3.23,-9.88,0.05,-0.24,53.2,6.43,15.6,,13.360881267685176,True,156.8,9.6,19.706308057440115,25.35136282159045,8.4,1.8,2.0,34.8,67.22,41.3,20.3,,,,,,,,,,1.53,good,0.79,3.3979999999999997,0.09,good,-0.29799999999999993,0.782,0.44999999999999996,good,0.055,1.72,17.75,warn,3.92,38.12,55.5,warn,27.770000000000003,80.71000000000001,20.5,bad,4.800000000000001,76.72,40.349999999999994,bad,13.68,156.26,2.6950000000000003,good,0.716,12.751,88.0,100.0,65.0,98.0,97.0,net cash; 20% FCF margin; sales +20%/yr,strength,0.0,,1.514,1.272,1.548,0.617,0.0,22.0
ABBV,AbbVie,Health Care,266.2799987792969,472.11443783569337,7.332563567168226,5.4020420290638,4.635012546125461,5.426240639864747,4.869519899673839,10.0,58.19943299393493,35.73688482462612,2.091143210987244,99.80103461997612,2.8648332515939186,7.431364714497207,144,0,0,,,,,0.0,10.386092442737628,,,1.7892088699511532e-06,1.472301245520491,agrees,278.85715,28.0,16.188795,Drug Manufacturers - General,"AbbVie Inc., a research-based biopharmaceutical company, engages in the research and development, manufacturing, commercializing, and sale of medicines and therapies worldwide.",2.63,4.7,0.81,0.96,64.98,58.38,,0.91,40.1,6.31,9.8,-10.099164516155323,-1.0829258719014079,False,74.8,,4.7459163059870635,3.685658288944982,18.21,0.1,0.0,-0.2,1.46,64.39,28.3,,True,,,,,,,,1.54,bad,0.87,3.2350000000000008,0.43,bad,-0.10799999999999998,0.8800000000000001,,,,,13.8,warn,0.76,27.66,60.3,warn,12.2,77.8,,,,,26.0,bad,15.0,54.30000000000002,2.2199999999999998,good,0.557,12.114000000000004,57.0,40.0,66.0,40.0,99.0,margins compressing,concern,0.0,,2.212,2.033,2.082,1.782,0.0,0.0
JBL,Jabil,Information Technology,318.92999267578125,34.18929521484375,1.0178414770718591,0.4825749812690911,0.29484521085880144,0.548859811657855,0.3931108976855294,10.0,245.2121450801837,110.91882434416868,2.140609529470873,96.93593314763231,0.10987235318270246,1.2654830869072764,144,0,0,,,,,-17.296374069501532,17.80178158097776,,,1.1431974034081804e-06,2.3315583602357304,agrees,427.33334,9.0,18.848972,Electronic Components,"Jabil Inc. provides engineering, manufacturing, and supply chain solutions worldwide. It operates in three segments: Regulated Industries, Intelligent Infrastructure, and Connected Living and Digital Commerce.",0.1,34.0,0.98,1.16,3.88,2.52,2.92,0.07,9.2,0.86,2.6,-4.120232387284284,7.921909921788517,False,39.8,64.8,-1.617003395205796,2.8584050026790653,1.31,-3.3,-21.1,-29.5,1.33,33.59,3.9,,,,,,,,,,1.53,bad,0.79,3.3979999999999997,0.09,good,-0.29799999999999993,0.782,0.44999999999999996,bad,0.055,1.72,17.75,bad,3.92,38.12,55.5,bad,27.770000000000003,80.71000000000001,20.5,good,4.800000000000001,76.72,40.349999999999994,good,13.68,156.26,2.6950000000000003,warn,0.716,12.751,62.0,67.0,68.0,42.0,71.0,buying back stock,strength,0.0,,2.262,2.247,2.748,1.969,0.0,0.0
WAB,Wabtec,Industrials,292.3699951171875,49.732136169433595,4.151263453208147,2.6470122345111085,2.236116614774979,2.7831624266516246,2.4198688865965994,10.0,85.64610744265184,56.82826845622293,2.142943288762057,99.08475925189018,0.8810945121951219,4.341809599332221,144,0,0,2019-04-01,25.6696798805772,90.0,"the share count moved +58% in one step on 2019-07-01, which no split explains -- the multiples either side of it are measuring different companies",-4.388634318588746,13.425487597046004,,,-2.136894783344445e-06,1.0982067392335093,agrees,329.58334,12.0,23.38162,Railroads,"Westinghouse Air Brake Technologies Corporation provides locomotives, equipment, systems, and services for the freight rail and passenger transit industries worldwide. It operates in two segments, Freight and Transit. It offers diesel-electric and liquid natural gas-powered locomotives; engines, electric motors, and propulsion systems; and marine and mining products.",0.43,12.7,1.12,1.19,8.23,7.56,0.73,0.63,35.0,1.27,10.6,23.231937640821187,22.902771028152323,False,39.2,11.3,10.049590161675637,9.157305989739495,1.71,-0.6,-5.5,-10.0,11.24,11.98,14.3,,,,,,,,,,1.24,warn,0.808,2.3180000000000023,0.29,bad,0.0,0.84,0.72,warn,0.262,2.2539999999999987,12.0,warn,4.069999999999999,20.65,37.95,warn,15.22,61.14000000000001,23.299999999999997,bad,9.15,53.05,27.0,bad,15.52,48.68000000000001,1.7,good,0.634,5.627999999999998,76.0,59.0,66.0,97.0,91.0,sales +10%/yr,strength,0.0,,2.076,2.196,2.039,1.167,0.0,0.0
IBKR,Interactive Brokers,Financials,87.08000183105469,39.1936666506958,5.71086502268626,2.922951323556942,2.4754074580170315,3.5299908788996204,2.8650367530573644,10.0,130.70404042739082,95.38009328655886,2.156748928963326,95.58296856346996,1.3992857236138359,6.800539040967891,144,0,0,,,,,-11.314795976112958,21.275843788655237,,,0.40965900199774197,-73.30764770572797,market cap differs from Yahoo by -73%,105.81538,13.0,26.961498,Capital Markets,"Interactive Brokers Group, Inc. operates as an automated electronic broker in the United States and internationally. The company engages in the execution, clearance, and settlement of trades in stocks, options, futures, foreign exchange instruments, bonds, precious metals, and cryptocurrencies; and the company provides custody, prime brokerage, securities, and margin lending services.",0.41,21.5,,,0.01,-64.29,0.0,,,4.9,,26.52167811997066,22.515103494461197,False,8.0,22.0,,,15.91,2.0,7.7,22.0,22.25,,,,,,,,,,,,,,,,,,,,0.64,good,0.08400000000000002,1.8500000000000019,,,,,,,,,16.549999999999997,good,6.63,33.89,14.5,good,8.940000000000001,29.16,2.895,good,0.5220000000000001,15.452000000000002,,,,,,,,,,2.462,2.54,2.446,1.987,,
PSX,Phillips 66,Energy,253.5500030517578,102.30032683129883,0.6722898317723214,0.3683595951185096,0.40353991204988005,0.3835833503221974,0.41468899397329656,10.0,66.59810137670401,82.5091135622599,2.1613896093998184,99.28372463191405,0.1780558463273466,0.7270699765389341,144,0,0,,,,,-7.534370354196485,14.44053367026157,,,-4.079728022077234e-06,1.1513889560189838,agrees,251.94737,19.0,10.1109295,Oil & Gas Refining & Marketing,"Phillips 66 operates as an integrated downstream energy provider in the United States, the United Kingdom, Germany, and internationally. It operates through five segments: Midstream, Chemicals, Refining, Marketing and Specialties (M&S), and Renewable Fuels.",2.01,-0.6,1.32,1.29,20.57,16.47,0.63,0.11,13.1,4.4,2.9,-13.427925449140755,,False,23.3,13.5,-0.5529533703122702,13.4514338783984,8.93,-1.5,-12.7,-8.4,32.7,152.17,5.9,,,"trailing profit of $7.09B against $4.40B in the year to 2025-12-31, only 181 days earlier",2025-12-31,True,,,,,1.25,good,0.477,1.9010000000000002,0.28,good,0.11,1.4260000000000002,0.4,warn,0.222,1.59,12.55,bad,2.81,26.3,43.6,bad,8.180000000000001,85.02000000000001,13.85,warn,6.09,24.81000000000001,23.65,good,11.39,37.81000000000001,4.74,good,0.6950000000000001,13.038,59.0,80.0,57.0,26.0,77.0,margins compressing,concern,0.0,,2.314,2.027,1.033,0.353,0.0,0.0
BNY,BNY Mellon,Financials,148.44000244140625,103.24209985803223,5.141538837551406,2.5654411911623436,2.7790819121885066,3.0677299381668837,2.9666305343901267,9.9,85.00853879123274,100.41538489611179,2.2100747685977162,97.33905579399142,1.5749038033045804,5.689844859561753,144,64,0,,,,"newest revenue figure was filed 216 days ago, so the denominator is stale",-9.949040013706478,26.043562864854696,,,-6.233948447397964,3.5252075431631003,agrees,167.35715,14.0,14.338924,Banks - Diversified,"The Bank of New York Mellon Corporation provides a range of financial products and services in the United States and internationally. It operates through Securities Services, Market and Wealth Services, Investment and Wealth Management, and Other segments.",1.51,12.7,,,30.37,18.98,0.67,,,6.3,,28.257990433879222,11.618474190300066,False,16.4,13.9,,,1.59,-3.9,-13.0,-20.9,45.26,,,,,,,,,,,,,,,,,,,,0.64,warn,0.08400000000000002,1.8500000000000019,,,,,,,,,16.549999999999997,warn,6.63,33.89,14.5,warn,8.940000000000001,29.16,2.895,bad,0.5220000000000001,15.452000000000002,,,,,,,,,,2.525,2.756,2.262,1.573,,
P,Everpure,Information Technology,129.39999389648438,44.71895569070435,10.492112124327944,5.102461220174623,4.18514849115118,5.360801233372603,4.770874401919748,6.7,150.6986824126269,105.6284540261311,2.2394990543209317,99.9401913875598,1.407365287878133,10.492112124327944,80,0,0,,,,,0.0,27.213130607351175,,,2.6277818143682907e-06,3.1907436258656663,agrees,145.3158,19.0,36.635143,Computer Hardware,"Everpure, Inc. provides data storage and management technologies, products, and services in the United States and internationally. Its Purity software is shared across its products and provides enterprise-class data services, such as always-on data reduction, data protection, and encryption, as well as storage protocols, such as block, file, and object.",,12.3,1.51,1.7,0.2,-1.08,0.13,-0.25,69.7,0.25,5.9,,,True,178.9,16.2,14.844289872089078,18.5070215784338,0.13,2.3,11.7,21.7,1.54,4.26,3.1,,,,,,,,,,1.53,warn,0.79,3.3979999999999997,0.09,good,-0.29799999999999993,0.782,0.44999999999999996,good,0.055,1.72,17.75,bad,3.92,38.12,55.5,good,27.770000000000003,80.71000000000001,20.5,warn,4.800000000000001,76.72,40.349999999999994,bad,13.68,156.26,2.6950000000000003,bad,0.716,12.751,75.0,96.0,56.0,85.0,51.0,net cash; sales +15%/yr,strength,0.0,,1.902,1.598,1.14,1.632,0.0,0.0
CAT,Caterpillar Inc.,Industrials,819.9500122070312,380.7027906677246,5.094445137332556,2.4454966882182774,2.1328186283815853,2.9065080933998786,2.3367722734822274,10.0,138.85974501255635,108.31944536568687,2.242669068013339,95.42379625945085,0.9688638475836431,6.987959437495584,144,0,0,,,,,-23.00215868090608,18.356324933876046,,,4.1964968611196696e-06,0.18872628397894609,agrees,975.60614,26.0,25.531439,Farm & Heavy Construction Machinery,"Caterpillar Inc. provides construction and mining equipment, off-highway diesel and natural gas engines, industrial gas turbines, and diesel-electric locomotives in the United States and internationally.",0.79,19.0,1.37,1.45,36.21,29.11,1.87,0.39,13.3,10.84,14.5,9.04667828338328,19.78793169950357,False,35.1,55.9,4.881317394321116,10.24432314356536,10.7,-2.1,-10.2,-15.9,19.39,74.73,14.3,,,,,,,,True,,1.24,good,0.808,2.3180000000000023,0.29,warn,0.0,0.84,0.72,bad,0.262,2.2539999999999987,12.0,good,4.069999999999999,20.65,37.95,bad,15.22,61.14000000000001,23.299999999999997,good,9.15,53.05,27.0,warn,15.52,48.68000000000001,1.7,good,0.634,5.627999999999998,80.0,70.0,86.0,80.0,85.0,,,0.0,,2.125,2.082,2.811,1.331,0.0,0.0
DGX,Quest Diagnostics,Health Care,237.6199951171875,26.613439453125,2.3022006447339964,1.7250029143190209,1.8273709865423333,1.767004892530731,1.8149861421805962,10.0,25.984305414091846,33.46068146457804,2.2599943919965897,99.00517309988062,1.2815040124255759,2.397439446366782,144,0,0,,,,,-3.9725216742018565,9.865044668314017,,,4.4290659362289375e-06,3.9453181286672967,agrees,247.73334,15.0,19.238314,Diagnostics & Research,"Quest Diagnostics Incorporated provides diagnostic testing and services in the United States. The company develops and delivers diagnostic information services, such as routine, non-routine and advanced clinical testing, anatomic pathology testing, and other diagnostic information services.",1.48,4.3,1.59,1.12,5.65,5.03,0.72,0.43,31.4,1.06,9.2,10.177200890511617,-13.921364005721792,False,25.1,13.6,6.80408496242817,0.8920107895927121,1.35,-0.9,-1.8,-14.5,7.82,11.56,11.7,,,,,,,,,,1.54,good,0.87,3.2350000000000008,0.43,good,-0.10799999999999998,0.8800000000000001,0.685,warn,0.109,2.5710000000000015,13.8,warn,0.76,27.66,60.3,warn,12.2,77.8,13.6,good,3.35,71.78,26.0,good,15.0,54.30000000000002,2.2199999999999998,warn,0.557,12.114000000000004,75.0,69.0,68.0,83.0,88.0,sales +7%/yr,strength,0.0,,2.207,2.147,1.377,1.125,0.0,0.0
FIX,Comfort Systems USA,Industrials,1658.300048828125,58.463368221435545,5.20691514566014,1.769033690047465,1.022539032632544,2.354674289605122,1.583347909065209,10.0,409.21431647013503,194.33668646075552,2.277617490966352,94.66772781536012,0.3941764211261697,7.1871343313975675,144,0,0,,,,,-19.753591861247955,46.10738765936544,,,1.710007069277708e-06,-0.2336996005204539,agrees,2197.0,8.0,27.66853,Engineering & Construction,"Comfort Systems USA, Inc., together with its subsidiaries, provides mechanical and electrical installation, renovation, maintenance, repair, and replacement services for the mechanical and electrical services industry in the United States. The company operates through two segments: Mechanical and Electrical.",0.22,32.5,1.21,1.11,0.05,-1.8,0.02,-0.16,25.7,1.43,12.8,80.54583284746171,56.593202122188835,False,40.9,44.4,33.593489023424915,32.05277209361266,2.16,-0.7,-1.8,-3.6,3.22,11.23,19.2,,,,,,,,,,1.24,warn,0.808,2.3180000000000023,0.29,good,0.0,0.84,0.72,good,0.262,2.2539999999999987,12.0,good,4.069999999999999,20.65,37.95,warn,15.22,61.14000000000001,23.299999999999997,good,9.15,53.05,27.0,bad,15.52,48.68000000000001,1.7,good,0.634,5.627999999999998,92.0,94.0,81.0,100.0,96.0,net cash; 19% FCF margin; sales +34%/yr,strength,0.0,,2.407,2.293,2.872,1.901,0.0,0.0
WAT,Waters Corporation,Health Care,442.94000244140625,43.49847999975586,9.366095573203731,6.889951542377041,6.616201439808622,6.867698675616572,6.722711090421031,10.0,41.56303520097558,35.938482521931036,2.2809080313339507,97.57262236370872,4.598790889704794,10.724464235087378,144,0,0,2026-04-06,37.441226176731426,6.0,"the share count is 65% higher than a year ago, on 2026-04-06 -- the multiples before that point are built on a different share base, so the median is not a like-for-like comparison with today",0.0,52.452852609564694,,,-0.0007956443763834642,-0.05372858206641462,agrees,444.79166,24.0,26.78844,Diagnostics & Research,"Waters Corporation provides analytical workflow solutions in Asia, the Americas, and Europe. The company operates through two segments, Waters and TA. The company designs, manufactures, sells, and services liquid chromatography, as well as mass spectrometry (MS) technology systems and supports products, including chromatography columns, and other consumable products.",,0.4,1.86,2.19,4.99,4.45,0.33,0.96,26.5,0.64,13.8,-37.22981718435212,-24.112883315633205,False,68.0,4.2,15.73051227015647,11.69673934187454,0.55,64.6,66.4,57.3,15.2,4.64,11.8,,,"trailing profit of $0.17B against $0.64B in the year to 2025-12-31, only 185 days earlier",2025-12-31,True,,,,,1.54,good,0.87,3.2350000000000008,0.43,bad,-0.10799999999999998,0.8800000000000001,0.685,good,0.109,2.5710000000000015,13.8,good,0.76,27.66,60.3,bad,12.2,77.8,13.6,bad,3.35,71.78,26.0,bad,15.0,54.30000000000002,2.2199999999999998,bad,0.557,12.114000000000004,54.0,54.0,49.0,44.0,79.0,net debt 8x FCF; margins compressing; diluting +65%/yr,concern,0.0,,2.046,1.913,1.485,-0.683,0.0,0.0
BE,Bloom Energy,Industrials,262.8699951171875,84.04164039892578,34.60279427299762,3.706510872166174,3.3885268774178505,7.695953240684061,6.048184383198632,7.5,921.175145565494,833.5678611614301,2.281404603083199,96.98412698412699,0.22305557192112274,45.52583642717065,98,8,0,2026-03-31,32.98891024201129,6.0,"the share count is 37% higher than a year ago, on 2018-10-01 -- the multiples before that point are built on a different share base, so the median is not a like-for-like comparison with today",-23.993061987223506,58.278363643235956,,,-21.984066381393507,-2.0277824772939934,revenue differs from Yahoo by -22%,281.58463,26.0,59.09254,Electrical Equipment & Parts,"Bloom Energy Corporation designs, manufactures, sells, and installs solid oxide fuel cell systems for on-site power generation in the United States and internationally. It offers Bloom Energy Server, an energy server platform to convert fuel, such as natural gas, biogas, hydrogen, or a blend of these fuels, into electricity through a non-combustion electrochemical process.",,7.1,5.03,3.64,2.61,-0.02,2.75,-0.01,29.8,0.01,0.4,,,True,8404.2,1.1,26.168597610253187,25.916524887511684,0.23,37.5,53.2,85.1,0.95,2.43,9.5,,,,,,,,,,1.24,good,0.808,2.3180000000000023,0.29,good,0.0,0.84,0.72,bad,0.262,2.2539999999999987,12.0,bad,4.069999999999999,20.65,37.95,warn,15.22,61.14000000000001,23.299999999999997,bad,9.15,53.05,27.0,bad,15.52,48.68000000000001,1.7,bad,0.634,5.627999999999998,65.0,83.0,22.0,85.0,85.0,diluting +38%/yr,concern,0.0,,2.364,2.102,2.469,1.085,0.0,0.0
TER,Teradyne,Information Technology,401.29998779296875,63.28219897503662,14.176021397485059,6.25537106539697,5.415079924375088,7.557496665850149,6.136368720296281,10.0,161.78785161921692,126.62159045852603,2.2908540602966507,95.30441703143653,2.445200243357463,20.659549545708746,144,0,0,,,,,-17.059360988556392,57.87020287806981,,,-5.1970962533509635e-06,0.4344662811122557,agrees,446.46667,15.0,34.58666,Semiconductor Equipment & Materials,"Teradyne, Inc. engages in the design, development, manufacture, and sale of automated test systems and robotics products in the United States, Asia Pacific, Europe, the Middle East, and Africa. The company operates through Semiconductor Test, Robotics, and Other segments.",0.13,11.3,2.12,3.28,0.39,-0.2,0.11,-0.04,59.2,0.55,12.4,20.009542419526305,6.844864902947667,False,115.1,15.8,12.85612918568766,5.2887585543041515,0.8,-2.1,-4.7,-15.8,3.47,4.46,17.9,,,"trailing profit of $1.15B against $0.55B in the year to 2025-12-31, only 179 days earlier",2025-12-31,True,,,,,1.53,good,0.79,3.3979999999999997,0.09,good,-0.29799999999999993,0.782,0.44999999999999996,good,0.055,1.72,17.75,warn,3.92,38.12,55.5,good,27.770000000000003,80.71000000000001,20.5,warn,4.800000000000001,76.72,40.349999999999994,bad,13.68,156.26,2.6950000000000003,bad,0.716,12.751,90.0,96.0,76.0,98.0,95.0,net cash; 18% FCF margin; sales +13%/yr,strength,0.0,,2.13,1.978,2.977,0.952,0.0,0.0
DELL,Dell Technologies,Information Technology,543.4299926757812,355.40321520996093,2.350597003974688,0.701730634140111,0.3357626904627539,0.7686121092142854,0.5025219190318907,9.5,600.0768908347305,234.9714106261116,2.3021718431534475,99.11986588432524,0.09667274565462534,2.6922242773344607,121,7,0,2019-05-03,85.4320987654321,89.0,"the share count moved +85% in one step on 2019-05-03, which no split explains -- the multiples either side of it are measuring different companies",-7.64276127196103,49.03450927048525,,,-5.206452236006243e-06,3.592477590519083,agrees,579.36,25.0,18.531704,Computer Hardware,"Dell Technologies Inc. designs, develops, manufactures, markets, sells, and supports various comprehensive and integrated solutions, products, and services in the Americas, Europe, the Middle East, Asia, and internationally. The company operates through Infrastructure Solutions Group (ISG) and Client Solutions Group (CSG) segments.",0.47,6.6,0.96,0.77,42.95,29.06,3.03,0.19,19.8,5.94,3.9,72.3079158222921,24.664979172789913,False,59.8,41.8,14.648967628835386,9.871609001422744,8.56,-5.8,-11.4,-16.8,14.19,151.2,5.7,,,"trailing profit of $11.38B against $5.94B in the year to 2026-01-30, only 182 days earlier",2026-01-30,True,,,,,1.53,bad,0.79,3.3979999999999997,0.09,warn,-0.29799999999999993,0.782,0.44999999999999996,bad,0.055,1.72,17.75,bad,3.92,38.12,55.5,bad,27.770000000000003,80.71000000000001,20.5,good,4.800000000000001,76.72,40.349999999999994,warn,13.68,156.26,2.6950000000000003,good,0.716,12.751,74.0,55.0,71.0,100.0,76.0,sales +15%/yr; buying back stock,strength,0.0,,2.394,2.262,2.199,1.175,0.0,0.0
KLAC,KLA Corporation,Information Technology,189.1699981689453,249.6349721936798,18.38325515606639,8.574226441572508,5.953008120383504,9.578489378781688,7.339724314102101,10.0,208.80614950147435,114.40132566285376,2.348750090663156,97.01551929964187,3.0474673202928573,30.400609165191035,144,0,0,,,,,-37.30071984059351,11.70858038910636,,,2.3564974416245832e-07,-2.666149648628935,agrees,233.76923,26.0,29.309258,Semiconductor Equipment & Materials,"KLA Corporation, together with its subsidiaries, provides process control and process-enabling solutions for manufacturing wafers, reticles/masks, chemicals/materials, integrated circuits (ICs), packaged ICs, and printed circuit boards. It operates through three segments: Semiconductor Process Control; Specialty Semiconductor Process; and PCB and Component Inspection.",0.47,23.6,2.88,2.21,6.64,3.51,1.05,0.26,30.5,4.83,35.6,12.558126880855024,18.378275038213253,False,51.7,76.1,8.962515132538096,14.440380909184224,3.77,-1.3,-5.9,-15.1,6.35,13.58,27.8,,,,,,,,True,,1.53,good,0.79,3.3979999999999997,0.09,warn,-0.29799999999999993,0.782,0.44999999999999996,bad,0.055,1.72,17.75,good,3.92,38.12,55.5,bad,27.770000000000003,80.71000000000001,20.5,good,4.800000000000001,76.72,40.349999999999994,warn,13.68,156.26,2.6950000000000003,good,0.716,12.751,90.0,86.0,96.0,89.0,89.0,28% FCF margin; sales +9%/yr; 36% net margin,strength,0.0,,2.395,2.293,3.557,1.47,0.0,0.0
CIEN,Ciena,Information Technology,344.19000244140625,50.329871486999515,8.359202385393184,2.300790506298793,1.8958328511879814,3.7143469714101895,2.744995059402882,10.0,340.92507312314353,263.3187099176779,2.4183497264238474,93.9116593712694,1.0808198346210693,17.902752557476756,144,0,0,2016-08-01,21.93118245505403,122.0,,-45.10526276851575,32.571067467993366,,,-3.4546363547605097e-06,-0.0016172102433542612,agrees,516.83234,19.0,30.090488,Communication Equipment,"Ciena Corporation, a network technology company, provides hardware, software, and services for various network operators in the Americas, Europe, the Middle East, Africa, the Asia Pacific, Japan, and India. It operates through Networking Platforms, Platform Software and Services, Blue Planet Automation Software and Services, and Global Services segments.",,50.2,3.8,3.95,3.24,0.61,1.06,0.1,44.1,0.65,10.9,43.38694970916479,7.220647914826106,False,77.4,21.3,12.466075023970348,12.052149081495545,0.81,0.7,-2.5,-6.7,3.06,6.02,13.5,,,,,,,,,,1.53,good,0.79,3.3979999999999997,0.09,warn,-0.29799999999999993,0.782,0.44999999999999996,bad,0.055,1.72,17.75,warn,3.92,38.12,55.5,warn,27.770000000000003,80.71000000000001,20.5,good,4.800000000000001,76.72,40.349999999999994,bad,13.68,156.26,2.6950000000000003,bad,0.716,12.751,86.0,87.0,71.0,100.0,90.0,sales +12%/yr,strength,0.0,,2.628,2.822,3.276,1.456,0.0,0.0
COHR,Coherent Corp.,Information Technology,282.45001220703125,55.18706053509521,7.752972358401004,2.2666273580479572,2.2889257806221277,3.1162904151775472,2.7195231143793817,10.0,238.71663397900798,242.0488299884434,2.4184662404938972,95.02586549940311,0.7710617546171585,12.697067869781723,144,0,0,2025-09-30,23.216697360343773,12.0,"the share count is 26% higher than a year ago, on 2019-12-31 -- the multiples before that point are built on a different share base, so the median is not a like-for-like comparison with today",-33.835411415814086,22.513599128416573,,,1.910600522236905e-06,-3.5598232866957513,agrees,415.36197,22.0,20.938982,Scientific & Technical Instruments,"Coherent Corp. develops, manufactures, and markets lasers, transceivers, other optical and optoelectronic devices, modules, and systems worldwide.",,47.1,2.43,2.99,3.23,0.64,0.29,0.09,37.5,0.8,11.3,,22.027642491009637,True,69.0,7.1,11.316535199475709,18.044681834699606,-1.02,26.3,42.0,69.9,11.24,7.12,-14.3,,,,,,,,,,1.53,good,0.79,3.3979999999999997,0.09,good,-0.29799999999999993,0.782,0.44999999999999996,good,0.055,1.72,17.75,warn,3.92,38.12,55.5,bad,27.770000000000003,80.71000000000001,20.5,bad,4.800000000000001,76.72,40.349999999999994,bad,13.68,156.26,2.6950000000000003,bad,0.716,12.751,59.0,62.0,49.0,99.0,4.0,net debt 20x FCF; burning cash; diluting +26%/yr,concern,0.0,,2.892,2.6,3.47,0.556,0.0,0.0
MRVL,Marvell Technology,Information Technology,251.89999389648438,232.0502743774414,24.554805072584088,9.918125753873202,9.597698114501117,11.132176495109649,10.848112766202068,6.5,155.8405648900787,147.57505280667576,2.424654983619942,97.04,5.093908728461183,32.426715191978985,78,18,0,2021-08-02,18.41477520198218,62.0,,-20.393137851504484,30.62101756762361,,,-4.401976461121393e-06,-1.9237761545776166,agrees,290.9704,43.0,38.892735,Semiconductors,"Marvell Technology, Inc., together with its subsidiaries, provides data infrastructure semiconductor solutions and spanning the data center core to network edge in the United States, Argentina, China, India, Israel, Japan, Singapore, South Korea, Taiwan, Vietnam, and internationally.",0.09,15.5,3.17,1.03,5.46,1.53,0.29,0.16,52.2,2.64,27.9,,,True,87.9,14.2,18.865284197864128,22.274088663192405,1.73,5.5,7.0,12.2,18.53,9.45,18.3,,,,,,,,,,1.53,good,0.79,3.3979999999999997,0.09,warn,-0.29799999999999993,0.782,0.44999999999999996,good,0.055,1.72,17.75,good,3.92,38.12,55.5,warn,27.770000000000003,80.71000000000001,20.5,warn,4.800000000000001,76.72,40.349999999999994,bad,13.68,156.26,2.6950000000000003,warn,0.716,12.751,83.0,92.0,74.0,85.0,81.0,18% FCF margin; sales +19%/yr; 28% net margin,strength,0.0,,2.092,1.653,2.592,-0.24,0.0,0.0
TRV,Travelers Companies (The),Financials,363.1600036621094,78.44256079101562,1.6015549682724357,1.229485639686684,1.214366143578146,1.2274235640094877,1.1996350868315833,10.0,31.884026637421936,30.262193926930948,2.4463764362840736,98.16951850378034,0.6784866533675311,1.7517613671165193,144,0,0,,,,,-8.574592502364098,2.3851331577407153,,,-2.7440330785388767e-06,3.5456016492401154,agrees,360.70834,24.0,11.996904,Insurance - Property & Casualty,"The Travelers Companies, Inc., through its subsidiaries, provides a range of commercial and personal property, and casualty insurance products and services to businesses, government units, associations, and individuals in the United States, Canada, and internationally. It operates through three segments: Business Insurance, Bond & Specialty Insurance, and Personal Insurance.",1.38,-0.7,,,6.16,5.54,0.19,,,8.3,,54.884255343445034,16.898298091719298,False,9.5,25.1,,,11.03,-6.0,-7.4,-14.8,33.12,,,,,,,,,,,,,,,,,,,,0.64,good,0.08400000000000002,1.8500000000000019,,,,,,,,,16.549999999999997,good,6.63,33.89,14.5,good,8.940000000000001,29.16,2.895,good,0.5220000000000001,15.452000000000002,,,,,,,,,,2.671,2.643,1.658,0.887,,
LRCX,Lam Research,Information Technology,314.4700012207031,396.5787474794312,17.06985921472852,6.281620640904716,4.689916090242801,7.5244642350137845,5.858335123315568,10.0,263.96939489475596,171.74291780011117,2.4561808122849285,97.41345005968961,1.8470091236152562,25.20418948018492,144,0,0,,,,,-27.429441483233763,26.020858240997,,,-7.575532534609408e-07,-2.14849161102586,agrees,373.7742,31.0,27.58711,Semiconductor Equipment & Materials,"Lam Research Corporation designs, manufactures, markets, refurbishes, and services semiconductor processing equipment used in the fabrication of integrated circuits in the United States, China, Korea, Taiwan, Japan, Southeast Asia, and Europe.",0.41,18.9,2.63,3.06,3.73,-4.44,0.3,-0.19,50.5,7.27,31.3,17.16385691672182,13.195369635033071,False,54.6,58.3,10.02464346510974,9.692616272842525,4.89,-2.3,-5.3,-11.6,12.47,23.23,21.0,,,,,,,,,,1.53,good,0.79,3.3979999999999997,0.09,good,-0.29799999999999993,0.782,0.44999999999999996,good,0.055,1.72,17.75,good,3.92,38.12,55.5,warn,27.770000000000003,80.71000000000001,20.5,good,4.800000000000001,76.72,40.349999999999994,warn,13.68,156.26,2.6950000000000003,good,0.716,12.751,95.0,97.0,98.0,95.0,84.0,net cash; 21% FCF margin; sales +10%/yr,strength,0.0,,2.473,2.471,3.303,1.308,0.0,0.0
MPC,Marathon Petroleum,Energy,389.44000244140625,113.71648071289063,0.7404525463636523,0.40211674223727256,0.388946482057273,0.41709975276058464,0.3935110585544763,9.6,90.37388960227682,84.13870117517806,2.4613735441980453,99.35125115848007,0.09928815633209774,0.8078545615554412,144,29,0,2019-04-01,27.94676806083649,90.0,,-8.343335347641446,14.987271638215027,,,-0.36912849623870203,3.2924814041977557,agrees,375.5,18.0,8.317309,Oil & Gas Refining & Marketing,"Marathon Petroleum Corporation, together with its subsidiaries, operates as an integrated downstream energy company in the United States. The company operates through three segments: Refining & Marketing; Midstream; and Renewable Diesel.",1.02,-3.6,1.25,1.67,32.82,23.91,1.28,0.16,12.5,4.05,2.6,-12.450116669702904,2.20859077338158,False,28.1,15.7,-0.6912310058421745,11.857739111030208,12.9,-5.8,-32.4,-55.4,25.72,153.58,8.4,,,"trailing profit of $8.55B against $4.05B in the year to 2025-12-31, only 181 days earlier",2025-12-31,True,,,,,1.25,good,0.477,1.9010000000000002,0.28,good,0.11,1.4260000000000002,0.4,bad,0.222,1.59,12.55,bad,2.81,26.3,43.6,bad,8.180000000000001,85.02000000000001,13.85,good,6.09,24.81000000000001,23.65,bad,11.39,37.81000000000001,4.74,good,0.6950000000000001,13.038,59.0,71.0,60.0,27.0,82.0,margins compressing,concern,0.0,,2.791,2.467,1.573,0.907,0.0,0.0
FLEX,Flex Ltd.,Information Technology,113.04000091552734,42.27696034240723,1.4445266116242603,0.4574973874675852,0.27668703150439145,0.5683681090389073,0.3966266359153531,10.0,422.0796232371785,215.74532471545717,2.4834697780671537,96.93593314763231,0.09137753445614721,2.1929254137708676,144,0,0,,,,,-30.252359526422325,12.245915471350767,,,2.405439625263739e-06,0.5417888292693407,agrees,160.5,10.0,16.007345,Electronic Components,"Flex Ltd. provides technology innovation, supply chain, and manufacturing solutions to data center, communications, enterprise, consumer, automotive, healthcare, industrial, and power industries in the Americas, Asia, and Europe. The company operates through three segments: Integrated Technology Solutions (ITS), Regulated Manufacturing Solutions (RMS), and Cloud and Power Infrastructure (CPI).",,42.0,1.38,1.53,5.89,3.05,1.07,0.1,9.4,0.97,3.3,6.519507302596983,9.222132501634018,False,43.6,17.6,0.8211157998793572,3.7587144927785587,0.83,-1.8,-17.8,-25.1,5.5,29.27,2.8,,,,,,,,,,1.53,warn,0.79,3.3979999999999997,0.09,warn,-0.29799999999999993,0.782,0.44999999999999996,bad,0.055,1.72,17.75,bad,3.92,38.12,55.5,bad,27.770000000000003,80.71000000000001,20.5,warn,4.800000000000001,76.72,40.349999999999994,warn,13.68,156.26,2.6950000000000003,bad,0.716,12.751,66.0,71.0,60.0,71.0,59.0,,,0.0,,2.7,2.683,3.416,1.781,0.0,0.0
AMAT,Applied Materials,Information Technology,486.760009765625,389.4080078125,12.627947200197815,5.2823932881954665,4.133987972064149,6.07029341680332,4.891159474662652,10.0,205.4664717346174,139.05730814131948,2.5195269711091792,97.7715877437326,1.7805291828793774,19.90342475192944,144,0,0,,,,,-32.674964071144544,7.772690734980614,,,-6.226286597410535e-07,-4.1645506991049075,agrees,638.94446,36.0,27.736921,Semiconductor Equipment & Materials,"Applied Materials, Inc. provides materials engineering solutions, equipment, services, and software to the semiconductor and related industries in the United States, China, Korea, Taiwan, Japan, Southeast Asia, Europe, and internationally. The company operates through Semiconductor Systems and Applied Global Services (AGS) segments.",0.41,31.3,2.42,2.3,6.54,-2.75,0.26,-0.09,49.4,9.27,30.1,11.630383126381805,15.14009070050073,False,42.0,36.2,4.623037971348332,8.808213555785693,5.62,-1.4,-5.4,-13.3,25.63,30.84,18.2,,,,,,,,,,1.53,good,0.79,3.3979999999999997,0.09,good,-0.29799999999999993,0.782,0.44999999999999996,good,0.055,1.72,17.75,good,3.92,38.12,55.5,warn,27.770000000000003,80.71000000000001,20.5,good,4.800000000000001,76.72,40.349999999999994,warn,13.68,156.26,2.6950000000000003,good,0.716,12.751,91.0,96.0,97.0,84.0,80.0,net cash; 18% FCF margin; 30% net margin,strength,0.0,,2.428,2.416,3.532,0.815,0.0,0.0
WDC,Western Digital,Information Technology,453.2300109863281,173.58709420776367,13.436573589888047,2.531546365047153,1.2615464065030675,4.0238463803059,2.5562185669177557,10.0,965.087540230362,430.76545527293854,2.523678168703766,96.10027855153204,0.5098023178296087,24.521610766748747,144,0,0,2025-03-28,-24.202485226894986,18.0,,-39.26403240471059,35.70378151260505,,,-4.953943810726003e-07,6.1707112197165515,agrees,664.9167,24.0,14.283046,Computer Hardware,"Western Digital Corporation engages in the development, manufacture, and sale of data storage devices and solutions based on hard disk drive (HDD) technology in the United States, Asia, Europe, the Middle East, and Africa. The company offers internal HDDs, data center drives, data center platforms, external drives, portable drives, NAS for home and office, and accessories.",0.13,46.7,1.33,1.31,2.1,0.5,0.24,0.04,48.9,9.42,72.9,,62.88886793826811,True,18.4,106.3,27.259442679223554,-5.253087694232961,3.51,6.7,-9.0,-6.3,8.86,12.92,27.2,,,,,,,,True,,1.53,warn,0.79,3.3979999999999997,0.09,good,-0.29799999999999993,0.782,0.44999999999999996,good,0.055,1.72,17.75,good,3.92,38.12,55.5,warn,27.770000000000003,80.71000000000001,20.5,good,4.800000000000001,76.72,40.349999999999994,good,13.68,156.26,2.6950000000000003,good,0.716,12.751,86.0,90.0,74.0,100.0,77.0,diluting +7%/yr,concern,0.0,,2.756,2.787,3.333,1.248,0.0,0.0
CSCO,Cisco,Information Technology,106.73999786376953,425.5723714828491,6.720448029733109,4.168845176434073,4.0349291199054935,4.471996559646039,4.245058864556578,10.0,66.55678030573473,61.2064671464152,2.5260788279872286,96.33903700756068,2.746808923375364,8.532413656866296,144,0,0,,,,,-17.892309335561897,11.77498499664631,,,5.053296447954381e-07,0.9373645563282906,agrees,137.25,24.0,19.022106,Communication Equipment,"Cisco Systems, Inc. designs, develops, and sells technologies to power, help, secure, and draw insights from the internet in the Americas, Europe, the Middle East, Africa, the Asia Pacific, Japan, and China.",1.57,28.6,0.93,1.38,33.03,17.11,0.66,0.27,64.5,13.27,21.0,4.596176214300507,5.117610817392992,False,32.1,26.4,4.508266260708593,5.087053109964201,12.77,-0.3,-2.9,-5.9,50.28,63.33,20.2,,,,,,,,,,1.53,bad,0.79,3.3979999999999997,0.09,warn,-0.29799999999999993,0.782,0.44999999999999996,warn,0.055,1.72,17.75,good,3.92,38.12,55.5,good,27.770000000000003,80.71000000000001,20.5,good,4.800000000000001,76.72,40.349999999999994,good,13.68,156.26,2.6950000000000003,good,0.716,12.751,81.0,79.0,87.0,71.0,91.0,20% FCF margin; 21% net margin,strength,0.0,,2.641,2.767,3.068,0.862,0.0,0.0
MU,Micron Technology,Information Technology,1053.97998046875,1206.8070776367188,13.368268578291854,4.086194904528696,2.8832378763209143,5.272024939824266,3.8822156001868553,10.0,363.6547226325324,227.15690001658783,2.5486608928402403,98.36848388380422,1.0815364591600267,23.865346960546468,144,0,0,,,,,-13.149750023196205,166.98015556147047,,,3.5447638380148305e-06,0.3253042396361483,agrees,1520.7609,46.0,6.595224,Semiconductors,"Micron Technology, Inc. designs, develops, manufactures, and sells memory and storage products in the United States, Taiwan, Japan, Mainland China, Hong Kong, Europe, and internationally. It operates through the Cloud Memory Business Unit; Core Data Center Business Unit; Mobile and Client Business Unit; and Automotive and Embedded Business Unit segments.",0.05,44.3,3.42,4.46,5.72,-20.42,0.06,-0.23,72.6,50.47,55.9,189.64534105107828,69.44470739103971,False,23.9,50.1,52.397941282949766,29.331428384626925,26.17,1.8,4.8,0.4,100.72,90.27,29.0,,,,,,,,,,1.53,good,0.79,3.3979999999999997,0.09,good,-0.29799999999999993,0.782,0.44999999999999996,good,0.055,1.72,17.75,good,3.92,38.12,55.5,good,27.770000000000003,80.71000000000001,20.5,good,4.800000000000001,76.72,40.349999999999994,good,13.68,156.26,2.6950000000000003,good,0.716,12.751,94.0,98.0,89.0,100.0,82.0,net cash; 29% FCF margin; sales +52%/yr,strength,0.0,,2.485,2.305,2.645,0.999,0.0,0.0
NTAP,NetApp,Information Technology,204.41000366210938,40.88200073242187,5.531321977056132,3.200834357713583,2.832786382704098,3.2596785333268823,2.903032792045957,10.0,95.2608220241474,72.80875418393286,2.5525158976214684,99.52248308794269,1.4889523469569874,5.980649819494585,144,0,0,,,,,-1.2893550018788114,12.154779969650997,,,-8.65918003967181e-07,-0.49876233463808095,agrees,197.0,16.0,18.80956,Software - Infrastructure,"NetApp, Inc. provides a range of enterprise software, systems, and services that customers use to transform their data infrastructures in the United States, Canada, Latin America, Europe, the Middle East, Africa, and the Asia Pacific. It operates through two segments, Hybrid Cloud and Public Cloud.",0.99,-3.6,1.24,1.28,3.04,-0.54,2.03,-0.07,70.6,1.42,19.2,5.4423428971090315,10.643010650203788,False,28.8,95.0,6.0023258736562335,4.610895889859168,1.65,-1.5,-7.4,-12.7,1.5,7.39,22.3,,,,,,,,,,1.53,warn,0.79,3.3979999999999997,0.09,good,-0.29799999999999993,0.782,0.44999999999999996,bad,0.055,1.72,17.75,good,3.92,38.12,55.5,good,27.770000000000003,80.71000000000001,20.5,good,4.800000000000001,76.72,40.349999999999994,good,13.68,156.26,2.6950000000000003,warn,0.716,12.751,82.0,81.0,81.0,74.0,97.0,net cash; 22% FCF margin; sales +6%/yr,strength,0.0,,2.264,2.287,1.723,1.124,0.0,0.0
FFIV,"F5, Inc.",Information Technology,435.55999755859375,25.120487299194338,7.590803007735198,4.579580764312526,4.34560747653453,4.641254526157961,4.47673960154941,10.0,74.67760373490053,65.75322935427492,2.595959026795025,99.64186231595701,2.4280608267614117,7.9468505114558905,144,0,0,,,,,-4.480359901163711,9.411847165429732,,,9.66962532267246e-07,1.2650507260497434,agrees,436.1,10.0,24.23388,Software - Infrastructure,"F5, Inc. provides multicloud application security and delivery solutions in the United States, Europe, the Middle East, Africa, and the Asia Pacific region. The company's distributed cloud services enable its customers to deploy, secure, and operate applications in any architecture, from on-premises to the public cloud.",,0.1,1.66,1.26,0.69,-0.91,0.18,-0.28,81.9,0.73,22.0,29.799268418695178,19.498226442233157,False,34.4,18.9,5.649395474453978,5.46620851286963,0.97,-1.9,-4.6,-7.1,3.86,3.31,29.3,,,,,,,,,,1.53,good,0.79,3.3979999999999997,0.09,good,-0.29799999999999993,0.782,0.44999999999999996,good,0.055,1.72,17.75,good,3.92,38.12,55.5,good,27.770000000000003,80.71000000000001,20.5,warn,4.800000000000001,76.72,40.349999999999994,good,13.68,156.26,2.6950000000000003,bad,0.716,12.751,93.0,97.0,87.0,91.0,100.0,net cash; 29% FCF margin; 22% net margin,strength,0.0,,2.844,2.197,2.586,1.782,0.0,0.0
GILD,Gilead Sciences,Health Care,152.2100067138672,189.19703834533692,6.211939401298123,3.736128034526165,3.6987847509440743,4.047797824546096,3.8468629288917633,10.0,67.9454150369954,66.26676987224698,2.6369662702670595,99.04496617588539,2.6515230052417005,6.722212672327844,144,0,0,,,,,-2.304231890971009,5.5226414440633365,,,2.1013231155109224e-07,0.8618289583796068,agrees,158.65385,26.0,15.297636,Drug Manufacturers - General,"Gilead Sciences, Inc., a biopharmaceutical company, discovers, develops, and commercializes medicines in the areas of unmet medical need in the United States, Europe, and internationally. The company provides Biktarvy, Descovy, Genvoya, Odefsey, Sunlenca, Symtuza, and YeztugoFor the treatment of HIV-1 infection in patients.",2.17,4.2,1.27,1.34,28.66,25.47,2.42,0.84,65.0,8.51,27.9,,,False,22.2,71.9,3.6105083755203937,2.716141050992582,12.94,-1.1,-1.3,-1.4,11.83,30.46,42.5,,,"trailing profit of $-3.24B against $8.51B in the year to 2025-12-31, only 181 days earlier",2025-12-31,True,,,,,1.54,warn,0.87,3.2350000000000008,0.43,bad,-0.10799999999999998,0.8800000000000001,0.685,bad,0.109,2.5710000000000015,13.8,good,0.76,27.66,60.3,good,12.2,77.8,13.6,good,3.35,71.78,26.0,good,15.0,54.30000000000002,2.2199999999999998,good,0.557,12.114000000000004,81.0,67.0,96.0,69.0,100.0,42% FCF margin; 28% net margin,strength,0.0,,1.662,1.533,1.07,0.763,0.0,0.0
GLW,Corning Inc.,Information Technology,151.58999633789062,132.94442678833008,7.836856094572629,2.436333236405932,2.6614696485623,3.4951021464120005,3.083399078391305,10.0,194.45596341126873,221.66601749986893,2.654132017989416,95.46358933545564,1.1833087020777189,13.725391213773666,144,0,0,2017-03-31,-18.181818181818176,114.0,,-40.71336527126965,19.41433197240603,,,1.5090780625115485e-06,-2.755103436626216,agrees,189.9375,16.0,36.366096,Electronic Components,"Corning Incorporated operates in optical communications, display, specialty materials, automotive, and life sciences businesses in the United States, Canada, Mexico, Japan, Taiwan, China, South Korea, Germany, and internationally.",0.71,25.3,1.81,1.7,8.42,5.88,0.64,0.35,36.4,1.9,11.2,44.543249629240435,1.9279730749282464,False,70.0,14.5,8.406261235986246,5.238923252170236,3.92,1.3,2.1,3.9,13.13,16.96,23.1,,,,,,,,,,1.53,good,0.79,3.3979999999999997,0.09,warn,-0.29799999999999993,0.782,0.44999999999999996,warn,0.055,1.72,17.75,warn,3.92,38.12,55.5,bad,27.770000000000003,80.71000000000001,20.5,warn,4.800000000000001,76.72,40.349999999999994,bad,13.68,156.26,2.6950000000000003,good,0.716,12.751,83.0,83.0,66.0,95.0,98.0,23% FCF margin; sales +8%/yr,strength,0.0,,2.999,2.816,4.438,1.51,0.0,0.0
LITE,Lumentum,Information Technology,921.3200073242188,68.73047254638672,22.80374006184032,3.5557596636692743,3.40444746909947,7.157844888977048,5.2291128788757755,10.0,569.8220568482517,541.318374096988,2.7632960493717316,94.70752089136491,1.3615557441992077,45.447782633479,134,2,0,2026-06-29,-22.453222453222455,3.0,,-12.512700023339052,83.22188449848025,,,-4.246847862265923e-06,-21.290817032335706,market cap differs from Yahoo by -21%,1157.071,26.0,28.042698,Communication Equipment,"Lumentum Holdings Inc. manufactures and sells optical and photonic products in the Americas, the Asia-Pacific, Europe, the Middle East, and Africa. It offers component products, including semiconductor laser chips, laser sub-assemblies, line subsystems, and wavelength management systems.",,25.6,1.68,4.53,1.64,-1.1,0.35,-0.37,41.7,0.44,14.6,,17.44229588301782,True,156.2,9.5,16.88627293264764,11.332023230299892,0.0,7.2,9.2,-4.8,4.64,3.01,0.0,,,,,,,,,,1.53,good,0.79,3.3979999999999997,0.09,good,-0.29799999999999993,0.782,0.44999999999999996,good,0.055,1.72,17.75,warn,3.92,38.12,55.5,warn,27.770000000000003,80.71000000000001,20.5,bad,4.800000000000001,76.72,40.349999999999994,bad,13.68,156.26,2.6950000000000003,bad,0.716,12.751,75.0,94.0,57.0,100.0,27.0,diluting +7%/yr,concern,0.0,,2.866,2.771,2.992,1.019,0.0,0.0
JNJ,Johnson & Johnson,Health Care,271.95001220703125,664.6186348327636,6.786739728096515,4.99549482021002,4.856841383323634,5.147017971317732,4.962943172005454,10.0,39.73566753485807,35.857206790401364,2.7748898300437093,99.72144846796658,3.6355927076859333,6.948453236528505,144,0,0,,,,,-2.3273310322051377,8.05720149624285,,,-3.0716130083874305e-06,3.0709611827059335,agrees,279.27274,22.0,22.043995,Drug Manufacturers - General,"Johnson & Johnson, together with its subsidiaries, engages in the research and development, manufacture, and sale of a range of products in the healthcare field worldwide. It operates in two segments, Innovative Medicine and MedTech.",2.0,2.7,1.09,1.21,49.04,28.28,0.58,0.29,67.9,21.04,21.5,16.793443845458423,6.522575400339781,False,31.6,24.8,4.525950828246761,2.925787752195297,22.24,0.9,-7.1,-8.6,84.97,97.93,22.7,,,,,,,,,,1.54,bad,0.87,3.2350000000000008,0.43,good,-0.10799999999999998,0.8800000000000001,0.685,good,0.109,2.5710000000000015,13.8,good,0.76,27.66,60.3,good,12.2,77.8,13.6,good,3.35,71.78,26.0,warn,15.0,54.30000000000002,2.2199999999999998,good,0.557,12.114000000000004,86.0,81.0,84.0,89.0,94.0,23% FCF margin; 22% net margin,strength,0.0,,2.633,2.591,2.299,0.035,0.0,0.0
STX,Seagate Technology,Information Technology,921.510009765625,211.02579223632813,17.304288006258968,2.5967081518357187,1.5692609603340293,4.196510139023782,2.7820478587381925,10.0,1002.7030203170043,566.3932561703502,3.1463828290569866,98.32869080779945,0.8591634945687494,22.755237057220707,144,0,0,,,,,-15.769989235711213,34.05518302737167,,,-2.6240261741250492e-06,1.5953092117762857,agrees,1125.0,23.0,16.496784,Computer Hardware,"Seagate Technology Holdings plc engages in providing data storage solutions in Singapore, the United States, the Netherlands, and internationally. The company offers External and internal hard drives; external and internal solid-state drives (SSDs); enterprise hard drives and SSDs; data storage systems; network attached storage (NAS) hard drives; video and analytics hard drives; and hyperscale and cloud solution.",0.32,22.1,1.67,1.07,3.56,1.85,1.65,0.15,45.6,3.18,26.1,,19.355924390990232,True,66.4,146.7,18.144975036047196,2.685530546835757,3.1,5.5,10.6,-6.5,2.17,12.2,25.4,,,,,,,,,,1.53,good,0.79,3.3979999999999997,0.09,warn,-0.29799999999999993,0.782,0.44999999999999996,bad,0.055,1.72,17.75,good,3.92,38.12,55.5,warn,27.770000000000003,80.71000000000001,20.5,good,4.800000000000001,76.72,40.349999999999994,warn,13.68,156.26,2.6950000000000003,good,0.716,12.751,86.0,82.0,73.0,100.0,93.0,25% FCF margin; sales +18%/yr; 26% net margin,strength,0.0,,3.245,3.164,3.532,1.565,0.0,0.0
VLO,Valero Energy,Energy,389.57000732421875,115.31272216796874,0.827225278649962,0.3327674855827119,0.3278629722921914,0.37263725235829886,0.3560654329049617,9.6,152.30823501250362,148.58957515076958,3.200892151239874,99.652260307998,0.12466932535726154,0.8775718272272717,115,19,0,,,,,-5.737028812374478,12.617649197359814,,,5.260895700938106,3.294199504332185,agrees,360.3158,19.0,10.192314,Oil & Gas Refining & Marketing,"Valero Energy Corporation manufactures, markets, and sells petroleum-based and low-carbon liquid transportation fuels and petrochemical products in the United States, Canada, the United Kingdom, Ireland, Latin America, Mexico, Peru, and internationally. It operates through three segments: Refining, Renewable Diesel, and Ethanol.",1.24,-7.5,1.64,1.51,11.35,3.29,0.4,0.02,-0.5,2.35,1.7,-12.967793217287493,,False,49.1,8.3,-3.915762577743853,11.479634606227007,8.89,-5.4,-18.5,-27.3,28.27,139.4,6.4,,,"trailing profit of $7.21B against $2.35B in the year to 2025-12-31, only 181 days earlier",2025-12-31,True,,,,,1.25,good,0.477,1.9010000000000002,0.28,good,0.11,1.4260000000000002,0.4,good,0.222,1.59,12.55,bad,2.81,26.3,43.6,bad,8.180000000000001,85.02000000000001,13.85,bad,6.09,24.81000000000001,23.65,bad,11.39,37.81000000000001,4.74,good,0.6950000000000001,13.038,59.0,89.0,52.0,21.0,78.0,sales -4%/yr; margins compressing,concern,0.0,,2.665,2.308,1.685,0.614,0.0,0.0
INTC,Intel,Information Technology,116.02999877929688,592.6812337646485,10.39208223040834,2.4187560741040697,2.950035001029442,3.0959409852258686,3.1681999496971356,10.0,252.26979431708187,329.64573160845356,3.3936284098149074,98.28889773179466,1.4073357495163092,13.325112437921991,144,0,0,,,,,-17.6741884636747,7.46561145656679,,,8.977416365851809e-07,-3.2859541700373196,agrees,116.37209,43.0,56.219936,Semiconductors,"Intel Corporation designs, develops, manufactures, markets, sells, and services computing and related end products and services in the United States, Ireland, Israel, and internationally. It operates through three segments: CCG, DCAI, and Intel Foundry.",,0.3,1.6,1.53,50.54,37.66,0.49,0.66,38.6,-0.27,-0.5,,,False,,-0.3,0.3358550581436637,-5.974516482493941,2.83,16.9,21.7,24.9,103.14,57.03,5.0,,,"trailing profit of $-11.29B against $-0.27B in the year to 2025-12-27, only 182 days earlier",2025-12-27,True,True,,,,1.53,good,0.79,3.3979999999999997,0.09,bad,-0.29799999999999993,0.782,0.44999999999999996,warn,0.055,1.72,17.75,bad,3.92,38.12,55.5,bad,27.770000000000003,80.71000000000001,20.5,bad,4.800000000000001,76.72,,,,,2.6950000000000003,good,0.716,12.751,41.0,42.0,19.0,54.0,63.0,net debt 13x FCF; diluting +17%/yr,concern,0.0,,3.844,2.946,4.414,0.009,0.0,0.0
HPE,Hewlett Packard Enterprise,Information Technology,62.630001068115234,90.75087154769898,2.167392026646103,0.7799668815213133,0.7679682113437603,0.8813255440036327,0.8102789614625886,10.0,182.22418514611257,177.88257142644807,3.874658229476949,99.76124154397135,0.3608864042620308,2.2343450018044027,131,11,0,,,,,-1.4011325302811128,26.594104308390023,,,1.0699529706670319e-06,11.179127860810677,agrees,68.0795,20.0,13.374778,Communication Equipment,"Hewlett Packard Enterprise Company, together with its subsidiaries, develops intelligent solutions in the United States, the Americas, Europe, the Middle East, Africa, the Asia Pacific, Japan, and internationally. It operates in five segments: Server, Hybrid Cloud, Networking, Financial Services, and Corporate Investments and Other.",0.93,8.7,1.11,0.88,20.24,13.97,0.76,0.33,55.8,2.79,6.7,37.26129177834097,22.042775859632858,False,32.5,10.5,12.183007095363795,8.664149225094997,4.16,2.0,10.0,8.3,26.58,41.87,9.9,,,,,,,,,,1.53,warn,0.79,3.3979999999999997,0.09,warn,-0.29799999999999993,0.782,0.44999999999999996,warn,0.055,1.72,17.75,bad,3.92,38.12,55.5,good,27.770000000000003,80.71000000000001,20.5,warn,4.800000000000001,76.72,40.349999999999994,good,13.68,156.26,2.6950000000000003,good,0.716,12.751,74.0,66.0,54.0,100.0,85.0,sales +12%/yr,strength,0.0,,3.005,2.756,2.312,0.979,0.0,0.0
